title;job;company;city;region;date;source;contract_time;salary_min;salary_max;salary_avg;category;description;latitude;longitude
Data-Analyst (m/w/d);Data-Analyst/in;Dipl.-Ing. Gennadi Rouditser D.I.R.A. Arbeitsvermittlung & Unternehmensberatung;Berlin;Berlin;2026-05-21;Bundesagentur;;;;;;;;
Data Analyst (m/w/d) Data Analytics;Business-Analyst/in;Syncwork;Berlin;Berlin;2026-07-22;Bundesagentur;;;;;;;;
Big Data Analyst (w/m/d);Data Engineer;EMOS Software GmbH;Berlin;Berlin;2025-06-13;Bundesagentur;;;;;;;;
Senior Data Analyst (Kineto) (m/f/d);Data-Analyst/in;JetBrains GmbH;Berlin;Berlin;2026-07-07;Bundesagentur;;;;;;;;
Senior Marketing Data Analyst (all genders);Data-Analyst/in;denkwerk GmbH;Berlin;Berlin;2026-07-28;Bundesagentur;;;;;;;;
Business Data Analyst (f/m/d);Data Scientist;Siemens Energy Global GmbH & Co. KG;Berlin;Berlin;2026-06-22;Bundesagentur;;;;;;;;
Big Data Analyst;Informatiker/in;alfatraining Bildungszentrum GmbH;Berlin;Berlin;2025-02-11;Bundesagentur;;;;;;;;
Data Analyst (JetBrains AI) (m/f/d);Datenbankadministrator/in;JetBrains GmbH;Berlin;Berlin;2026-07-07;Bundesagentur;;;;;;;;
Data Scientist & Data Analyst (f/m/d);Data Scientist;Siemens Energy Global GmbH & Co. KG;Berlin;Berlin;2026-05-06;Bundesagentur;;;;;;;;
Analystin Energiewirtschaft Strom (m/w/d);Energiemanager/in;50Hertz Transmission GmbH AD Berlin;Berlin;Berlin;2026-07-30;Bundesagentur;;;;;;;;
Tech Analyst - Payments & Fraud;Data-Analyst/in;DKB Service GmbH;Berlin;Berlin;2026-06-11;Bundesagentur;;;;;;;;
Principal Product Analyst (all genders);Data-Analyst/in;Zalando SE;Berlin;Berlin;2026-07-21;Bundesagentur;;;;;;;;
Datenanalyst / Data Engineer (m/w/d);Data-Analyst/in;Bertrandt AG;Berlin;Berlin;2026-08-03;Bundesagentur;;;;;;;;
Tech Analyst - Broker Signup Flows;Data-Analyst/in;DKB Service GmbH;Berlin;Berlin;2026-03-26;Bundesagentur;;;;;;;;
Tech Analyst - Application Lifecycle Management;Data-Analyst/in;DKB Service GmbH;Berlin;Berlin;2026-03-26;Bundesagentur;;;;;;;;
SAP Data Quality Analyst - Datenbereinigung & Migration;Business-Analyst/in;Hays Professional Solutions GmbH Standort Dortmund;Berlin;Berlin;2026-07-07;Bundesagentur;;;;;;;;
Big Data Analytics;Data-Analyst/in;alfatraining Bildungszentrum GmbH;Berlin;Berlin;2025-02-11;Bundesagentur;;;;;;;;
Junior Pricing Analyst (m/w/d) - Data & Operations, Hauptverwaltung Groß Kienitz;Data-Analyst/in;Getränke Hoffmann Gruppe KG;Blankenfelde-Mahlow;Brandenburg;2026-07-09;Bundesagentur;;;;;;;;
Product Owner:in Data Business Intelligence;Data Engineer;aconium GmbH Hauptsitz Berlin;Berlin;Berlin;2026-07-14;Bundesagentur;;;;;;;;
GBO Key User - Master Data with focus on S/4HANA  Migration (m/f/d);Data-Analyst/in;KWS SAAT SE & Co. KGaA;Berlin;Berlin;2026-07-20;Bundesagentur;;;;;;;;
Payroll Projects and Compliance Analyst (Relocation to Amsterdam) - m/w/d;Data-Warehouse-Analyst/in;Tesla Germany GmbH;Berlin;Berlin;2026-07-28;Bundesagentur;;;;;;;;
Werkstudent SEO & AI Search Visibility (m/w/d);Data-Analyst/in;Verti Versicherung AG;Teltow;Brandenburg;2026-07-30;Bundesagentur;;;;;;;;
Senior GRC Analyst (m,f,x);Softwareentwickler/in;HelloFresh SE;Berlin;Berlin;2026-06-19;Bundesagentur;;;;;;;;
Risk Analyst - Client Underwriting (m/f/d);Informationssicherheitsbeauftragte/r;Riverty GmbH;Berlin;Berlin;2026-07-16;Bundesagentur;;;;;;;;
Referent:in Strategisches Medizincontrolling (DRG Analyst) (m/w/d);Controller/in;Helios Verwaltung Ost GmbH;Berlin;Berlin;2025-09-15;Bundesagentur;;;;;;;;
Senior Business & Data Analyst (m/w/d);Data-Analyst/in;Seier GmbH;Hamburg;Hamburg;2026-07-03;Bundesagentur;;;;;;;;
Market Data Analyst (m/w/d);Bankkaufmann/-frau;Bankpower GmbH;Hamburg;Hamburg;2026-06-09;Bundesagentur;;;;;;;;
Data Analyst (m/w/d) Experimentation;Business-Analyst/in;bonprix;Hamburg;Hamburg;2026-07-03;Bundesagentur;;;;;;;;
Data Analyst (gn);Wirtschaftsinformatiker/in (Hochschule);The Quality Group Gmbh;Hamburg;Hamburg;2026-07-13;Bundesagentur;;;;;;;;
Data Analyst (all genders);Data Scientist;Nect GmbH;Hamburg;Hamburg;2026-07-14;Bundesagentur;;;;;;;;
(Junior) Data Analyst Campaigning (w/m/d);Business-Analyst/in;freenet;Hamburg;Hamburg;2026-07-03;Bundesagentur;;;;;;;;
Big Data Analyst;Informatiker/in;alfatraining Bildungszentrum GmbH;Hamburg;Hamburg;2025-02-11;Bundesagentur;;;;;;;;
Cabin Trend Research & Data Analyst (m/w/d) Airbus;Data-Analyst/in;expertum GmbH;Hamburg;Hamburg;2026-07-29;Bundesagentur;;;;;;;;
Data Analyst (m|w|d);Data-Analyst/in;Rheinhold & Mahla GmbH;Hamburg;Hamburg;2026-07-10;Bundesagentur;;;;;;;;
Staff Data Engineer (m/w/d);Data-Analyst/in;plusYou GmbH;Hamburg;Hamburg;2026-07-16;Bundesagentur;;;;;;;;
Cabin Trend Research & Data Analyst (m/w/d) für AIRBUS;Data-Analyst/in;SimpleXX GmbH;Hamburg;Hamburg;2026-07-29;Bundesagentur;;;;;;;;
Big Data Analytics;Data-Analyst/in;alfatraining Bildungszentrum GmbH;Hamburg;Hamburg;2025-02-11;Bundesagentur;;;;;;;;
Supply Chain Analyst (d/f/m) AIRBUS;Supply-Chain-Manager/in;AERO HighProfessionals GmbH;Hamburg;Hamburg;2026-08-01;Bundesagentur;;;;;;;;
Business Data Analyst - Schwerpunk Netzführung und Netzwirtschaft (m/w/d)*;Berufsspezialist/in - Datenanalyse;Schleswig-Holstein Netz GmbH;Quickborn, Kreis Pinneberg;Schleswig-Holstein;2026-07-27;Bundesagentur;;;;;;;;
BI Analyst - Qlik Sense (m/w/d);Informatiker/in;FERCHAU GmbH Niederlassung Hamburg-City;Hamburg;Hamburg;2026-07-20;Bundesagentur;;;;;;;;
(Junior) Data Engineer Waffensystemdaten (m/w/d);Data Engineer;IABG Industrieanlagen Betriebs-GmbH;Hamburg;Hamburg;2026-06-24;Bundesagentur;;;;;;;;
Senior Qlik Sense Analyst on-prem (m/w/d) militärischer Schiffbau;Data-Analyst/in;ORANGE Engineering GmbH & Co. KG;Hamburg;Hamburg;2026-08-01;Bundesagentur;;;;;;;;
Trend Researcher Aircraft Cabins (m/f/w) for AIRBUS;Data-Analyst/in;Orizon GmbH, Unit Aviation;Hamburg;Hamburg;2026-07-29;Bundesagentur;;;;;;;;
Senior- Qlik Sense-Analyst (m/w/d);Business-Analyst/in;Akkodis Germany Tech Experts GmbH;Hamburg;Hamburg;2026-07-08;Bundesagentur;;;;;;;;
Lead Cost Analyst (m/w/d) Offshore Wind;Finanzwirt/in;Vestas Deutschland GmbH;Hamburg;Hamburg;2026-07-29;Bundesagentur;;;;;;;;
Senior Financial Analyst (m/f/d);Betriebswirt/in (Hochschule) - Rechnungswesen und Controlling;Nexperia Germany GmbH;Hamburg;Hamburg;2026-04-15;Bundesagentur;;;;;;;;
Financial Analyst- Controlling Rotation Program (m/w/d);Finanzwirt/in;Nexperia Germany GmbH;Hamburg;Hamburg;2026-07-27;Bundesagentur;;;;;;;;
Financial Analyst (m/w/d) - Controlling Rotation Program;Betriebswirt/in (Fachschule) - Finanzen und Investment/Bachelor Professional in Wirtschaft;Nexperia Germany GmbH;Hamburg;Hamburg;2026-07-21;Bundesagentur;;;;;;;;
Data Analyst (m/w/d);IT-Forensiker/in;dabit Analytics GmbH;Frankfurt am Main;Hessen;2025-11-09;Bundesagentur;;;;;;;;
Big Data Analyst (w/m/d);Data Engineer;EMOS Software GmbH;Frankfurt am Main;Hessen;2025-06-13;Bundesagentur;;;;;;;;
HR Controller / HR Data Analyst (m/w/d);Mathematiker/in;Finanz Informatik GmbH & Co. KG;Frankfurt am Main;Hessen;2026-04-10;Bundesagentur;;;;;;;;
Big Data Analyst;Informatiker/in;alfatraining Bildungszentrum GmbH;Frankfurt am Main;Hessen;2025-02-11;Bundesagentur;;;;;;;;
Data Architect - Microsoft Fabric (w/m/d);Data-Analyst/in;Bechtle AG;Frankfurt am Main;Hessen;2026-07-30;Bundesagentur;;;;;;;;
Zwei Data Analysts (m/w/d) im Bereich Finanzaufsicht;Data-Analyst/in;Deutsche Bundesbank Zentrale;Frankfurt am Main;Hessen;2026-07-20;Bundesagentur;;;;;;;;
Big Data Analytics;Data-Analyst/in;alfatraining Bildungszentrum GmbH;Frankfurt am Main;Hessen;2025-02-11;Bundesagentur;;;;;;;;
#14707  Client Reporting Analyst (m/f/d);Data Engineer;Constaff GmbH;Frankfurt am Main;Hessen;2026-07-29;Bundesagentur;;;;;;;;
Senior Associate Treasury Analyst (m/f/d);Assistent/in/Fachkraft - Rechnungswesen;NTT Global Data Centers EMEA GmbH;Frankfurt am Main;Hessen;2026-07-07;Bundesagentur;;;;;;;;
Data Scientist / Analyst prüfungsnahe Beratung - Quants-Assurance (Financial Services) (w/m/d);Mathematiker/in;EY GmbH & Co. KG WPG;Eschborn, Taunus;Hessen;2025-06-11;Bundesagentur;;;;;;;;
Client Reporting Analyst (m/f/d);Betriebswirt/in (Fachschule) - Bank;Westhouse Professionals GmbH;Frankfurt am Main;Hessen;2026-07-30;Bundesagentur;;;;;;;;
SAMSUNG - Specialist Retail Analytics (m/w/d);Data-Analyst/in;matchING Engineering GmbH;Eschborn, Taunus;Hessen;2026-06-19;Bundesagentur;;;;;;;;
(Senior) Analytics Berater (SAP BDC inkl. SAC & Datasphere) (m/w/d);Data-Analyst/in;W. Brandenburg GmbH & Co.oHG;Frankfurt am Main;Hessen;2026-06-29;Bundesagentur;;;;;;;;
Strategic Pricing & Network Analyst (m/f/d);Kaufmann/-frau - Spedition und Logistikdienstleistung;Deutsche Post AG Zentrale;Frankfurt am Main;Hessen;2026-07-25;Bundesagentur;;;;;;;;
Lead-Business-Functional-Analyst---Risk;Betriebswirt/in (Hochschule);Deutsche Bank AG;Frankfurt am Main;Hessen;2026-04-09;Bundesagentur;;;;;;;;
Marketing Analytics Lead (Tracking & Attribution) (m/w/d);Data Engineer;MAXON Computer GmbH;Bad Homburg vor der Höhe;Hessen;2026-06-30;Bundesagentur;;;;;;;;
Analytical Consultant, Digital First;Digital-Analyst/in;Google Germany GmbH;Frankfurt am Main;Hessen;2026-07-23;Bundesagentur;;;;;;;;
Manager Controlling (m/w/d);Betriebswirt/in (Hochschule) - Rechnungswesen und Controlling;DERTOUR  Deutschland GmbH;Frankfurt am Main;Hessen;2026-07-10;Bundesagentur;;;;;;;;
Zwei Data Analysts (m/w/d) im Bereich Finanzaufsicht;Business-Analyst/in;Deutsche Bundesbank;Frankfurt am Main;Hessen;2026-07-22;Bundesagentur;;;;;;;;
NTT DATA Deutschland SE: Deal Maker (w/m/x);Beteiligungsmanager/in;NTT DATA Deutschland SE;Frankfurt am Main;Hessen;2026-07-29;Bundesagentur;;;;;;;;
Data Scientist  (m/w/d), Frankfurt;Data-Warehouse-Analyst/in;compeople;Frankfurt am Main;Hessen;2026-02-19;Bundesagentur;;;;;;;;
NTT DATA Deutschland SE: Senior Business Analyst - Core Insurance (m/w/x) Guidewire & Business Proce;IT-Lösungsentwickler/in;NTT DATA Deutschland SE;Frankfurt am Main;Hessen;2026-07-29;Bundesagentur;;;;;;;;
Data Strategist mit Fokus Regulatory (m/w/d);Wirtschaftsinformatiker/in (Hochschule);Alexander Thamm GmbH;Frankfurt am Main;Hessen;2026-07-08;Bundesagentur;;;;;;;;
Key Account Manager – Data & Analytics-Lösungen (m/w/d);IT-Projektkoordinator/in;Infomotion GmbH;Frankfurt am Main;Hessen;2026-07-08;Bundesagentur;;;;;;;;
Software Developer Python (all genders), Berlin;Softwareentwickler/in;Checkout Charlie GmbH;Berlin;Berlin;2026-07-16;Bundesagentur;;;;;;;;
Senior Full Stack Developer (Python, Azure & AI) (w/m/d);Fullstack-Entwickler/in;EY GmbH & Co. KG WPG;Berlin;Berlin;2026-07-02;Bundesagentur;;;;;;;;
Senior Python Engineer [m/w/d] - 100% Remote;Web Developer;Die Tech Recruiter GmbH;Berlin;Berlin;2026-05-29;Bundesagentur;;;;;;;;
Python / LangChain / KI Entwickler [m/w/d] - 100% Remote;Web Developer;Die Tech Recruiter GmbH;Berlin;Berlin;2026-05-29;Bundesagentur;;;;;;;;
Senior AI Developer (w/m/d);KI-Engineer;Anders & Ganz GmbH;Berlin;Berlin;2025-12-19;Bundesagentur;;;;;;;;
Full Stack Developer Django/Vue.js (m/w/d);Softwareentwickler/in;twotickets GmbH;Berlin;Berlin;2026-07-28;Bundesagentur;;;;;;;;
Software Developer* Cloud-Technologien;Softwareentwickler/in;inovex GmbH;Berlin;Berlin;2025-05-22;Bundesagentur;;;;;;;;
Werkstudent Fullstack Developer Django/Vue.js (m/w/d);Softwareentwickler/in;twotickets GmbH;Berlin;Berlin;2026-07-28;Bundesagentur;;;;;;;;
Senior Full Stack Developer;Fullstack-Entwickler/in;neuraflow GmbH;Berlin;Berlin;2025-05-22;Bundesagentur;;;;;;;;
JetBrains C/C++ Developer Advocate (m/f/d);Softwareentwickler/in;JetBrains GmbH;Berlin;Berlin;2026-07-09;Bundesagentur;;;;;;;;
(Junior) Developer Automation RPA | (w/m/d);Prozessmanager/in - RPA;Automation Factory GmbH;Berlin;Berlin;2024-04-24;Bundesagentur;;;;;;;;
Lead Software Developer (w|m|d);Softwareentwickler/in;BridgingIT GmbH;Berlin;Berlin;2026-07-08;Bundesagentur;;;;;;;;
Senior Software Developer (m/w/d) für Mess-, Prüf- und Montagesysteme Berlin +1 EXT INT;Ingenieur/in - technische Informatik;Eagleyard Photonics GmbH;Berlin;Berlin;2026-06-17;Bundesagentur;;;;;;;;
Senior Full Stack Developer (Python, Azure & AI) (w/m/d);Fullstack-Entwickler/in;EY GmbH & Co. KG WPG;Hamburg;Hamburg;2026-07-02;Bundesagentur;;;;;;;;
Senior Python Engineer [m/w/d] - 100% Remote;Web Developer;Die Tech Recruiter GmbH;Hamburg;Hamburg;2026-05-29;Bundesagentur;;;;;;;;
Python / LangChain / KI Entwickler [m/w/d] - 100% Remote;Web Developer;Die Tech Recruiter GmbH;Hamburg;Hamburg;2026-05-29;Bundesagentur;;;;;;;;
Data Developer (m/w/d)*;Entwickler/in - Datenvisualisierung;Schleswig-Holstein Netz GmbH;Quickborn, Kreis Pinneberg;Schleswig-Holstein;2026-07-27;Bundesagentur;;;;;;;;
CFD Software Developer;Softwareentwickler/in;Siemens AG;Hamburg;Hamburg;2026-06-04;Bundesagentur;;;;;;;;
Senior AI Developer (w/m/d);KI-Engineer;Anders & Ganz GmbH;Hamburg;Hamburg;2025-12-19;Bundesagentur;;;;;;;;
Software Developer* Cloud-Technologien;Softwareentwickler/in;inovex GmbH;Hamburg;Hamburg;2025-05-22;Bundesagentur;;;;;;;;
Senior Full Stack Developer (Python, Azure & AI) (w/m/d);Fullstack-Entwickler/in;EY GmbH & Co. KG WPG;Eschborn, Taunus;Hessen;2026-07-02;Bundesagentur;;;;;;;;
Software Developer (m/f/d);Ingenieur/in - Elektrotechnik;Da Vinci Engineering GmbH;Frankfurt am Main;Hessen;2026-07-21;Bundesagentur;;;;;;;;
474/B - Softwarearchitekt Developer Experience (m/w/d);Software-Architect;Finanz Informatik GmbH & Co. KG;Frankfurt am Main;Hessen;2026-07-31;Bundesagentur;;;;;;;;
IT Trainee - Software Engineer/Developer;Informatiker/in;Commerzbank AG;Frankfurt am Main;Hessen;2026-07-31;Bundesagentur;;;;;;;;
Backend Developer (m/w/div.);Backend-Entwickler/in;ALD Vacuum Technologies  GmbH;Hanau;Hessen;2026-06-19;Bundesagentur;;;;;;;;
Lead Software Developer (w|m|d);Softwareentwickler/in;BridgingIT GmbH;Frankfurt am Main;Hessen;2026-07-08;Bundesagentur;;;;;;;;
Softwareentwickler (m/w/d) mit Verantwortung im Qualitätsmanagement (Medizinprodukte);Medizininformatiker/in;SMT Service-Medizin-Technik GmbH;Frankfurt am Main;Hessen;2026-07-23;Bundesagentur;;;;;;;;
Data Engineer;Data Engineer;alfatraining Bildungszentrum GmbH;Berlin;Berlin;2025-02-10;Bundesagentur;;;;;;;;
Data Engineer (w/m/d);Datenbankentwickler/in;con terra;Berlin;Berlin;2026-07-03;Bundesagentur;;;;;;;;
Cloud Data Engineer (m/w/d);Data Engineer;Dataciders GmbH;Berlin;Berlin;2026-07-20;Bundesagentur;;;;;;;;
Data Engineer (d/m/w);Data Engineer;Robert Koch-Institut;Berlin;Berlin;2026-07-16;Bundesagentur;;;;;;;;
Data Engineer (w/m/d);Data Scientist;Siemens Energy Global GmbH & Co. KG;Berlin;Berlin;2026-01-29;Bundesagentur;;;;;;;;
Data Engineer - Fintech - remote (w/m/d);Data Engineer;Europace Ratenkredit GmbH;Berlin;Berlin;2026-07-09;Bundesagentur;;;;;;;;
Data Engineer - Berlin (m/w/d);Datenbankentwickler/in;Schwarz Digits;Berlin;Berlin;2026-07-29;Bundesagentur;;;;;;;;
Data Engineer* / Machine Learning Engineer*;Data Engineer;inovex GmbH;Berlin;Berlin;2025-05-22;Bundesagentur;;;;;;;;
Azure Data Platform Engineer (m/w/d);Data Engineer;netgo group GmbH;Berlin;Berlin;2026-07-14;Bundesagentur;;;;;;;;
Data Center Operations Engineer (m/w/d);Data Engineer;engineering people GmbH Berlin;Berlin;Berlin;2026-07-22;Bundesagentur;;;;;;;;
KI Data Engineer (w/m/d);Datenbankentwickler/in;Syngenio;Berlin;Berlin;2026-07-03;Bundesagentur;;;;;;;;
Cloud Data Engineer (m/w/d);IT-Systemadministrator/in;PRODATO;Berlin;Berlin;2026-07-03;Bundesagentur;;;;;;;;
Data Engineer  – KI-Anwendungsentwicklung und Datenanalyseplattformen (m/w/d);Data Engineer;Bundesdruckerei Gruppe GmbH;Berlin;Berlin;2026-03-23;Bundesagentur;;;;;;;;
Senior Data Engineer* Microsoft Fabric;Data Engineer;inovex GmbH;Berlin;Berlin;2026-06-15;Bundesagentur;;;;;;;;
Senior Data Engineer* / Machine Learning Engineer*;Data Engineer;inovex GmbH;Berlin;Berlin;2025-05-22;Bundesagentur;;;;;;;;
(Senior) Data Migration Engineer (m/w/d) Schwerpunkt Teamcenter;Data Engineer;Profi Talent Recruitment UG PTR;Berlin;Berlin;2026-07-24;Bundesagentur;;;;;;;;
Senior Software Engineer Data (m/w/d/x);Data Engineer;Deutsche Telekom AG;Berlin;Berlin;2026-07-12;Bundesagentur;;;;;;;;
Data Engineer (all genders), Berlin;Data Engineer;Checkout Charlie GmbH;Berlin;Berlin;2026-06-22;Bundesagentur;;;;;;;;
Technical Data Engineer – ASD-Stammdaten / ILS (m/w/d);Data Engineer;IABG Industrieanlagen Betriebs-GmbH;Berlin;Berlin;2026-07-23;Bundesagentur;;;;;;;;
(Junior) Data Engineer (m/f/d);Datenbankentwickler/in;Statista;Berlin;Berlin;2026-07-03;Bundesagentur;;;;;;;;
Senior Data Engineer - Berlin (m/w/d);IT-Systemadministrator/in;Schwarz Digits;Berlin;Berlin;2026-07-20;Bundesagentur;;;;;;;;
Data Engineer - Digital Health Excellence Center (w/m/d);Data Engineer;EY Consulting GmbH;Berlin;Berlin;2026-01-26;Bundesagentur;;;;;;;;
Data Migration Engineer (m/w/d);Berufsspezialist/in - Softwareentwicklung;facilioo - damit Hausverwaltung Spaß macht;Berlin;Berlin;2026-07-08;Bundesagentur;;;;;;;;
Berater Snowflake Data Engineer - AI & Data (w/m/d);Informatiker/in;EY Consulting GmbH;Berlin;Berlin;2026-07-22;Bundesagentur;;;;;;;;
Data Engineer (m/w/d);Data Engineer;Franklin Fitch Limited;Hamburg;Hamburg;2026-07-29;Bundesagentur;;;;;;;;
Data Engineer;Data Engineer;alfatraining Bildungszentrum GmbH;Hamburg;Hamburg;2025-02-10;Bundesagentur;;;;;;;;
Staff Data Engineer (m/w/d);Data Engineer;plusYOU GmbH;Hamburg;Hamburg;2026-07-08;Bundesagentur;;;;;;;;
Data Engineer (m/w/d);Datenbankentwickler/in;SCHICKLER Unternehmensberatung;Hamburg;Hamburg;2026-07-03;Bundesagentur;;;;;;;;
Data Engineer (m/w/d);Informatiker/in;SIGNAL IDUNA Bauspar AG;Hamburg;Hamburg;2026-07-29;Bundesagentur;;;;;;;;
Data Engineer (all genders);Data Engineer;Nect GmbH;Hamburg;Hamburg;2026-07-14;Bundesagentur;;;;;;;;
(Senior) Data/Analytics Engineer (m/w/d);Data Engineer;plusYOU GmbH;Hamburg;Hamburg;2026-07-17;Bundesagentur;;;;;;;;
Data Engineer* / Machine Learning Engineer*;Data Engineer;inovex GmbH;Hamburg;Hamburg;2025-05-22;Bundesagentur;;;;;;;;
(Senior) Data/Analytics Engineer (m/w/d);Data Engineer;plusYou GmbH;Hamburg;Hamburg;2026-07-16;Bundesagentur;;;;;;;;
Data Engineer - Fintech - remote (w/m/d);Data Engineer;Europace Ratenkredit GmbH;Hamburg;Hamburg;2026-07-09;Bundesagentur;;;;;;;;
Data Engineer (m/w/d) SAS Base;Data Engineer;SIGNAL IDUNA Bauspar AG;Hamburg;Hamburg;2026-07-13;Bundesagentur;;;;;;;;
KI Data Engineer (w/m/d);Datenbankentwickler/in;Syngenio;Hamburg;Hamburg;2026-07-03;Bundesagentur;;;;;;;;
IT-Anwendungsentwickler / Data Engineer (m/w/d);Data Engineer;SIGNAL IDUNA Bauspar AG;Hamburg;Hamburg;2026-04-09;Bundesagentur;;;;;;;;
Azure Data Platform Engineer (m/w/d);Data Engineer;netgo group GmbH;Hamburg;Hamburg;2026-07-14;Bundesagentur;;;;;;;;
Senior Data Engineer (w/m/d);Data-Consultant;Wichterich & Partner Gesellschaft für IT-Dienstleistungen mbH;Hamburg;Hamburg;2026-06-05;Bundesagentur;;;;;;;;
Senior Data Engineer* Microsoft Fabric;Data Engineer;inovex GmbH;Hamburg;Hamburg;2026-06-15;Bundesagentur;;;;;;;;
Senior Data Engineer* / Machine Learning Engineer*;Data Engineer;inovex GmbH;Hamburg;Hamburg;2025-05-22;Bundesagentur;;;;;;;;
(Senior) Data Migration Engineer (m/w/d) Schwerpunkt Teamcenter;Data Engineer;Profi Talent Recruitment UG PTR;Hamburg;Hamburg;2026-07-24;Bundesagentur;;;;;;;;
Data Engineer - Digital Health Excellence Center (w/m/d);Data Engineer;EY Consulting GmbH;Hamburg;Hamburg;2026-01-26;Bundesagentur;;;;;;;;
Data Engineer / Machine Learning Engineer (w/m/d);Datenbankentwickler/in;freenet;Hamburg;Hamburg;2026-07-10;Bundesagentur;;;;;;;;
(Junior) Data Engineer (m/f/d);Datenbankentwickler/in;Statista;Hamburg;Hamburg;2026-07-03;Bundesagentur;;;;;;;;
Data Engineer (all genders);Datenbankentwickler/in;PRODYNA;Hamburg;Hamburg;2026-07-03;Bundesagentur;;;;;;;;
Data Analytics Engineer (w/m/d);Business-Analyst/in;freenet;Hamburg;Hamburg;2026-07-03;Bundesagentur;;;;;;;;
Data Engineer;Data Engineer;alfatraining Bildungszentrum GmbH;Frankfurt am Main;Hessen;2025-02-10;Bundesagentur;;;;;;;;
Principal Data Engineer (m/w/d);Data Engineer;Alexander Thamm GmbH;Frankfurt am Main;Hessen;2026-07-17;Bundesagentur;;;;;;;;
Senior Data Engineer (m/w/d);Data Engineer;Alexander Thamm GmbH;Frankfurt am Main;Hessen;2026-07-08;Bundesagentur;;;;;;;;
Azure Data Platform Engineer (m/w/d);Data Engineer;netgo group GmbH;Frankfurt am Main;Hessen;2026-07-14;Bundesagentur;;;;;;;;
KI Data Engineer (w/m/d);Datenbankentwickler/in;Syngenio;Frankfurt am Main;Hessen;2026-07-03;Bundesagentur;;;;;;;;
(Senior) Data Migration Engineer (m/w/d) Schwerpunkt Teamcenter;Data Engineer;Profi Talent Recruitment UG PTR;Frankfurt am Main;Hessen;2026-07-24;Bundesagentur;;;;;;;;
Cloud Data Engineer (m/w/d);IT-Systemadministrator/in;PRODATO;Frankfurt am Main;Hessen;2026-07-03;Bundesagentur;;;;;;;;
Data Platform Engineer (m/w/d);Wirtschaftsinformatiker/in (Hochschule);Finanz Informatik GmbH & Co. KG;Frankfurt am Main;Hessen;2026-07-14;Bundesagentur;;;;;;;;
Data Platform Engineer (m/w/d);Datenbankentwickler/in;Finanz Informatik;Frankfurt am Main;Hessen;2026-07-17;Bundesagentur;;;;;;;;
Data Engineer / Software Entwickler * (m/w/d);Anwendungsprogrammierer/in;ADEAL Systems;Neu-Isenburg;Hessen;2026-07-03;Bundesagentur;;;;;;;;
Data Engineer - Digital Health Excellence Center (w/m/d);Data Engineer;EY Consulting GmbH;Eschborn, Taunus;Hessen;2026-01-26;Bundesagentur;;;;;;;;
392/B - Data Platform Engineer (m/w/d);Softwareentwickler/in;Finanz Informatik GmbH & Co. KG;Frankfurt am Main;Hessen;2026-07-14;Bundesagentur;;;;;;;;
Datacenter Engineer / Techniker (m/w/d);Data Engineer;puro Personaldienstleistung GmbH;Frankfurt am Main;Hessen;2026-07-30;Bundesagentur;;;;;;;;
Berater Snowflake Data Engineer - AI & Data (w/m/d);Informatiker/in;EY Consulting GmbH;Eschborn, Taunus;Hessen;2026-07-22;Bundesagentur;;;;;;;;
Senior Data Engineer/ Fokus Snowflake  (m/w/d), Infomotion GmbH;Data Engineer;Infomotion GmbH;Frankfurt am Main;Hessen;2026-02-19;Bundesagentur;;;;;;;;
Data & AI Platform Expert w/m/d;Data Engineer;Computacenter AG & Co. oHG;Frankfurt am Main;Hessen;2026-07-21;Bundesagentur;;;;;;;;
Data Management Consultant (m/w/d) / Data Engineer (m/w/d);IT-Berater/in;nag informatik;Frankfurt am Main;Hessen;2026-07-03;Bundesagentur;;;;;;;;
Junior Consultant (m/w/d) Big Data Engineer;IT-Berater/in;integration-factory;Frankfurt am Main;Hessen;2026-07-03;Bundesagentur;;;;;;;;
Senior Data Engineer/ Fokus Snowflake (m/w/d);IT-Projektkoordinator/in;Infomotion GmbH;Frankfurt am Main;Hessen;2026-07-08;Bundesagentur;;;;;;;;
NTT DATA Deutschland SE: Senior Data Architect (w/m/x);Software-Architect;NTT DATA Deutschland SE;Frankfurt am Main;Hessen;2026-07-27;Bundesagentur;;;;;;;;
Data Centre Critical Facilities Engineer (m/w/d);Elektroniker/in - Energie- und Gebäudetechnik;Equinix (Germany) GmbH;Frankfurt am Main;Hessen;2025-01-17;Bundesagentur;;;;;;;;
Senior Data Warehouse Engineer & Architect (Oracle) m/w/d;IT-Projektkoordinator/in;DZ BANK;Frankfurt am Main;Hessen;2026-07-26;Bundesagentur;;;;;;;;
Data Architect - Digital Health Excellence Center (w/m/d);Data Engineer;EY Consulting GmbH;Eschborn, Taunus;Hessen;2026-01-26;Bundesagentur;;;;;;;;
Machine Learning;Informatiker/in;alfatraining Bildungszentrum GmbH;Berlin;Berlin;2025-02-10;Bundesagentur;;;;;;;;
Machine Learning Entwickler:in;Mathematiker/in;alfatraining Bildungszentrum GmbH;Berlin;Berlin;2025-02-10;Bundesagentur;;;;;;;;
Principal Machine Learning Scientist (alle Gechlechter);Machine Learning Engineer;Bayer AG Pharmaceuticals;Berlin;Berlin;2026-06-12;Bundesagentur;;;;;;;;
Principal Machine Learning Scientist (alle Geschlechter);Machine Learning Engineer;Bayer AG Pharmaceuticals;Berlin;Berlin;2026-05-19;Bundesagentur;;;;;;;;
Machine Learning Engineer (all genders);IT-Systemadministrator/in;Parship;Berlin;Berlin;2026-07-03;Bundesagentur;;;;;;;;
AS-2026-128: Mitarbeiter/in (w/m/d) Bereich Anwendungsentwicklung mit Schwerpunkt Machine Learning;Verwaltungsangestellte/r - höherer Dienst;Bundesverwaltungsamt;Berlin;Berlin;2026-07-17;Bundesagentur;;;;;;;;
Senior Machine Learning Scientist / Data Engineer - Logistics Algorithms (all genders);Data Scientist;Zalando SE;Berlin;Berlin;2026-07-16;Bundesagentur;;;;;;;;
AI Engineer (f/m/x) - Berlin - Hybrid;Machine Learning Engineer;NETCONOMY;Berlin;Berlin;2026-08-02;Bundesagentur;;;;;;;;
WL-1 QA Engineer;Machine Learning Engineer;Join Solutions GmbH;Berlin;Berlin;2026-03-24;Bundesagentur;;;;;;;;
Staff Forward Deployed Engineer, GenAI, Google Cloud;Machine Learning Engineer;Google Germany GmbH;Berlin;Berlin;2026-06-16;Bundesagentur;;;;;;;;
mgm technology partners GmbH: Softwareentwickler KI & Automatisierung (m/w/d);KI-Engineer;mgm technology partners GmbH;Berlin;Berlin;2026-07-28;Bundesagentur;;;;;;;;
NTT DATA Deutschland SE: Senior AI & GenAI Architect (w/m/x);Software-Architect;NTT DATA Deutschland SE;Berlin;Berlin;2026-07-26;Bundesagentur;;;;;;;;
Reinforcement Learning;Informatiker/in;alfatraining Bildungszentrum GmbH;Berlin;Berlin;2025-01-27;Bundesagentur;;;;;;;;
Home Office Dozent (m/w/d) für strategisches KI-Management,Hamburg,Oldenburg,Han...;Machine Learning Engineer;IBB Institut für Berufliche Bildung AG;Berlin;Berlin;2026-07-02;Bundesagentur;;;;;;;;
Student Assistant with a focus on Machine Learning or Data Science (m/f/d) up to 19 hours per week;Wissenschaftliche/r Mitarbeiter/in;MPI für Wiss.geschichte West;Berlin;Berlin;2026-07-14;Bundesagentur;;;;;;;;
Principal ML Engineer (Agentic AI)-Vendor Data Team;Machine Learning Engineer;Delivery Hero SE;Berlin;Berlin;2026-06-23;Bundesagentur;;;;;;;;
AI Systems Platform Development Engineer (m/w/d) (40 hours/week);KI-Engineer;CHN Energy Europe Research GmbH;Berlin;Berlin;2026-07-07;Bundesagentur;;;;;;;;
Senior Applied Scientist - Demand Forecast (all genders);Data Scientist;Zalando SE;Berlin;Berlin;2026-08-01;Bundesagentur;;;;;;;;
Senior ML Engineer (JetBrains Research) (m/f/d);Softwareentwickler/in;JetBrains GmbH;Berlin;Berlin;2026-07-08;Bundesagentur;;;;;;;;
Senior Applied Scientist - Agentic AI (all genders);Data Scientist;Zalando SE;Berlin;Berlin;2026-07-30;Bundesagentur;;;;;;;;
Fachinformatiker (m/w/d) - Daten- und Prozessanalyse;Fachinformatiker/in - Daten- und Prozessanalyse;Actief Personalmanagement GmbH Berlin;Berlin;Berlin;2026-07-09;Bundesagentur;;;;;;;;
Softwarearchitekt:in GIS;Software-Architect;aconium GmbH Hauptsitz Berlin;Berlin;Berlin;2026-07-30;Bundesagentur;;;;;;;;
Machine Learning;Informatiker/in;alfatraining Bildungszentrum GmbH;Hamburg;Hamburg;2025-02-10;Bundesagentur;;;;;;;;
Machine Learning Entwickler:in;Mathematiker/in;alfatraining Bildungszentrum GmbH;Hamburg;Hamburg;2025-02-10;Bundesagentur;;;;;;;;
Senior Machine Learning Expert (all genders);Machine Learning Engineer;Nect GmbH;Hamburg;Hamburg;2026-07-10;Bundesagentur;;;;;;;;
Machine Learning Engineer (all genders);IT-Systemadministrator/in;Parship;Hamburg;Hamburg;2026-07-03;Bundesagentur;;;;;;;;
Senior Machine Learning Expert (all genders);Data Scientist;NECT GmbH;Hamburg;Hamburg;2026-07-13;Bundesagentur;;;;;;;;
Learning Experience Designer (m/w/d);KI-Manager/in;NBS Northern Business School gGmbH;Hamburg;Hamburg;2026-04-01;Bundesagentur;;;;;;;;
AI Engineering Lead (m/w/d) - Hybrid;Machine Learning Engineer;Qodia;Hamburg;Hamburg;2026-07-29;Bundesagentur;;;;;;;;
Staff Forward Deployed Engineer, GenAI, Google Cloud;Machine Learning Engineer;Google Germany GmbH;Hamburg;Hamburg;2026-06-16;Bundesagentur;;;;;;;;
mgm technology partners GmbH: Softwareentwickler KI & Automatisierung (m/w/d);KI-Engineer;mgm technology partners GmbH;Hamburg;Hamburg;2026-07-28;Bundesagentur;;;;;;;;
NTT DATA Deutschland SE: Senior AI & GenAI Architect (w/m/x);Software-Architect;NTT DATA Deutschland SE;Hamburg;Hamburg;2026-07-26;Bundesagentur;;;;;;;;
Reinforcement Learning;Informatiker/in;alfatraining Bildungszentrum GmbH;Hamburg;Hamburg;2025-01-27;Bundesagentur;;;;;;;;
Home Office Dozent (m/w/d) für strategisches KI-Management,Hamburg,Oldenburg,Han...;Machine Learning Engineer;IBB Institut für Berufliche Bildung AG;Hamburg;Hamburg;2026-07-02;Bundesagentur;;;;;;;;
Forschungsingenieur im Vessel LAB (m/w/d);Ingenieur/in - Schiffsbetriebstechnik;TKMS GmbH;Hamburg;Hamburg;2026-08-03;Bundesagentur;;;;;;;;
(Senior) Consultant Data Science - AI and Data (w/m/d);Informatiker/in;EY Consulting GmbH;Hamburg;Hamburg;2026-06-23;Bundesagentur;;;;;;;;
Berater AI Operationalization MLOps - AI & Data (w/m/d);Informatiker/in;EY Consulting GmbH;Hamburg;Hamburg;2025-06-02;Bundesagentur;;;;;;;;
Berater im Projektmanagement im öffentlichen Sektor - Business Transformation (w/m/d);Wirtschaftsingenieur/in;EY Consulting GmbH;Hamburg;Hamburg;2025-08-18;Bundesagentur;;;;;;;;
Berater Supply Chain Planning - Supply Chain & Operations (w/m/d);Betriebswirt/in (Hochschule);EY Consulting GmbH;Hamburg;Hamburg;2025-04-18;Bundesagentur;;;;;;;;
(Senior) Consultant Technology Transformation - Data & AI (Financial Services) (w/m/d);Wirtschaftsinformatiker/in (Hochschule);EY Consulting GmbH;Hamburg;Hamburg;2026-02-23;Bundesagentur;;;;;;;;
(Senior) Consultant Digital Risk (Financial Services) (w/m/d);Wirtschaftsinformatiker/in (Hochschule);EY Consulting GmbH;Hamburg;Hamburg;2025-06-10;Bundesagentur;;;;;;;;
(Senior) Consultant Digital Engineering & Emerging Technologies (Financial Services) (w/m/d);Informatiker/in;EY Consulting GmbH;Hamburg;Hamburg;2026-06-17;Bundesagentur;;;;;;;;
(Senior) Manager Data & Analytics - Consulting (Financial Services) (w/m/d);Wirtschaftsinformatiker/in (Hochschule);EY Consulting GmbH;Hamburg;Hamburg;2026-01-13;Bundesagentur;;;;;;;;
Machine Learning;Informatiker/in;alfatraining Bildungszentrum GmbH;Frankfurt am Main;Hessen;2025-02-10;Bundesagentur;;;;;;;;
Machine Learning Entwickler:in;Mathematiker/in;alfatraining Bildungszentrum GmbH;Frankfurt am Main;Hessen;2025-02-10;Bundesagentur;;;;;;;;
AI Innovation Engineer, Google Cloud;Machine Learning Engineer;Google Germany GmbH;Frankfurt am Main;Hessen;2026-06-16;Bundesagentur;;;;;;;;
AI Innovation Engineer, Deutsche Borse Group, Google Cloud;Machine Learning Engineer;Google Germany GmbH;Frankfurt am Main;Hessen;2026-06-11;Bundesagentur;;;;;;;;
NTT DATA Deutschland SE: Senior AI & GenAI Architect (w/m/x);Software-Architect;NTT DATA Deutschland SE;Frankfurt am Main;Hessen;2026-07-26;Bundesagentur;;;;;;;;
Reinforcement Learning;Informatiker/in;alfatraining Bildungszentrum GmbH;Frankfurt am Main;Hessen;2025-01-27;Bundesagentur;;;;;;;;
Home Office Dozent (m/w/d) für strategisches KI-Management,Hamburg,Oldenburg,Han...;Machine Learning Engineer;IBB Institut für Berufliche Bildung AG;Frankfurt am Main;Hessen;2026-07-02;Bundesagentur;;;;;;;;
Projektmanager – Künstliche Intelligenz im Gesundheitswesen (w/m/d);Bachelor Professional - Künstliche Intelligenz und Maschinelles Lernen;Agaplesion Management und Beratungsgesellschaft mbH;Frankfurt am Main;Hessen;2026-07-17;Bundesagentur;;;;;;;;
Senior SW Engineer (w/m/d);Fachinformatiker/in - Anwendungsentwicklung;BWI GmbH;Frankfurt am Main;Hessen;2026-06-30;Bundesagentur;;;;;;;;
Praktikant*in im Bereich Big Data & Advanced Analytics - Data Scientist;Informatiker/in;Commerzbank AG;Frankfurt am Main;Hessen;2026-07-13;Bundesagentur;;;;;;;;
Senior IT Expert Plattform Automation (m/w/d);IT-Manager/in;BWI GmbH;Frankfurt am Main;Hessen;2025-12-18;Bundesagentur;;;;;;;;
Business Analyst KI-Projekte und KI-Agenten (w|m|d);Business-Analyst/in;BridgingIT GmbH;Frankfurt am Main;Hessen;2025-11-14;Bundesagentur;;;;;;;;
(Senior) Consultant Data Science - AI and Data (w/m/d);Informatiker/in;EY Consulting GmbH;Eschborn, Taunus;Hessen;2026-06-23;Bundesagentur;;;;;;;;
Lead IT Expert DevOps & Platform Engineering (m/w/d);IT-Manager/in;BWI GmbH;Frankfurt am Main;Hessen;2025-12-18;Bundesagentur;;;;;;;;
IT Expert DevOps / Platform Engineering (m/w/d);IT-Manager/in;BWI GmbH;Frankfurt am Main;Hessen;2025-09-19;Bundesagentur;;;;;;;;
Berater AI Operationalization MLOps - AI & Data (w/m/d);Informatiker/in;EY Consulting GmbH;Eschborn, Taunus;Hessen;2025-06-02;Bundesagentur;;;;;;;;
Duales Studium Finance and Management;Not provided;accadis Hochschule Bad Homburg gGmbH;Bad Homburg vor der Höhe;Hessen;2026-06-19;Bundesagentur;;;;;;;;
AI Engineer (w|m|d);Data Scientist;BridgingIT GmbH;Frankfurt am Main;Hessen;2023-03-30;Bundesagentur;;;;;;;;
Senior AI Scientist (m/w/d);Informatiker/in;BWI GmbH;Frankfurt am Main;Hessen;2026-04-13;Bundesagentur;;;;;;;;
Consultant AI Strategy & Performance Management (w|m|d);IT-Berater/in;BridgingIT GmbH;Frankfurt am Main;Hessen;2026-03-18;Bundesagentur;;;;;;;;
Data Science und Künstliche Intelligenz (B.Sc.) 2027;Not provided;SIEMENS AG;Frankfurt am Main;Hessen;2026-06-23;Bundesagentur;;;;;;;;
Berater im Projektmanagement im öffentlichen Sektor - Business Transformation (w/m/d);Wirtschaftsingenieur/in;EY Consulting GmbH;Eschborn, Taunus;Hessen;2025-08-18;Bundesagentur;;;;;;;;
Berater Supply Chain Planning - Supply Chain & Operations (w/m/d);Betriebswirt/in (Hochschule);EY Consulting GmbH;Eschborn, Taunus;Hessen;2025-04-18;Bundesagentur;;;;;;;;
(Senior) Consultant Technology Transformation - Data & AI (Financial Services) (w/m/d);Wirtschaftsinformatiker/in (Hochschule);EY Consulting GmbH;Eschborn, Taunus;Hessen;2026-02-23;Bundesagentur;;;;;;;;
Software Engineer (m/w/d);Softwareentwickler/in;Industrie- und Handelskammer zu Berlin;Berlin;Berlin;2026-07-29;Bundesagentur;;;;;;;;
Software Engineer (m/w/d);Ingenieur/in - Systems Engineering;Amazon;Berlin;Berlin;2026-08-02;Bundesagentur;;;;;;;;
Senior Software Engineer (m/w/d);Anwendungsprogrammierer/in;BettercallPaul;Berlin;Berlin;2026-08-01;Bundesagentur;;;;;;;;
Software Engineer (w/m/d);Softwareentwickler/in;ALDB GmbH;Berlin;Berlin;2026-05-26;Bundesagentur;;;;;;;;
Software Engineer* für Datenprojekte;Data Engineer;inovex GmbH;Berlin;Berlin;2025-05-22;Bundesagentur;;;;;;;;
FullStack Software Engineer (m/w/d);Anwendungsprogrammierer/in;SQLI;Berlin;Berlin;2026-07-16;Bundesagentur;;;;;;;;
Software Engineer - Security (m/w/d);Softwareentwickler/in;blackned GmbH;Berlin;Berlin;2026-07-17;Bundesagentur;;;;;;;;
Senior Software Engineer (w/m/d);Softwareentwickler/in;Capgemini Deutschland GmbH;Berlin;Berlin;2026-06-26;Bundesagentur;;;;;;;;
Software Engineer – Fullstack (m/w/d);Fullstack-Entwickler/in;blackned GmbH;Berlin;Berlin;2026-07-17;Bundesagentur;;;;;;;;
Software Engineer Full Stack (m/w/d);Informatiker/in;BWI GmbH;Berlin;Berlin;2026-08-03;Bundesagentur;;;;;;;;
B98-C10	Software Engineer (m/w/d);Softwareentwickler/in;Jan Schreiner Private Arbeitsvermittlung Arbitex;Berlin;Berlin;2026-07-31;Bundesagentur;;;;;;;;
Embedded Software Engineer (m/w/d);Anwendungsprogrammierer/in;CarByte;Berlin;Berlin;2026-07-03;Bundesagentur;;;;;;;;
Software und Platform Engineer (m/w/d);IT-Lösungsentwickler/in;GSK Stockmann;Berlin;Berlin;2026-07-30;Bundesagentur;;;;;;;;
Fullstack Software Engineer (m/w/d) - Go/PHP;Anwendungsprogrammierer/in;Schwarz Digits;Berlin;Berlin;2026-07-18;Bundesagentur;;;;;;;;
B60-C03 Software-Engineer (m/w/d);IT-Systemplaner/in;Jan Schreiner Private Arbeitsvermittlung Arbitex;Berlin;Berlin;2026-07-28;Bundesagentur;;;;;;;;
Software QA-Engineer (w/m/d);IT-Qualitätssicherungskoordinator/in;B. Braun;Berlin;Berlin;2026-07-03;Bundesagentur;;;;;;;;
Senior Software Engineer Microservices (w/m/d);Softwareentwickler/in;BWI GmbH;Berlin;Berlin;2026-07-15;Bundesagentur;;;;;;;;
SAP Entwickler / IT Software Engineer (m/w/d);Anwendungsprogrammierer/in;Vonovia;Berlin;Berlin;2026-07-25;Bundesagentur;;;;;;;;
Software Development Engineer - 2026;Informatiker/in;Amazon Web Services Developmen t Center Germany GmbH;Berlin;Berlin;2026-07-23;Bundesagentur;;;;;;;;
Fullstack Software Engineer Tech & AI (m/w/d);IT-Lösungsentwickler/in;GSK Stockmann;Berlin;Berlin;2026-07-30;Bundesagentur;;;;;;;;
Full Stack Software Engineer (m/w/d);Bachelor Professional - IT (Softwareentwicklung);Bankpower GmbH;Berlin;Berlin;2026-07-23;Bundesagentur;;;;;;;;
DevOps Engineer im Cloud Umfeld (w/m/d);DevOps Engineer;EMOS Software GmbH;Berlin;Berlin;2025-06-13;Bundesagentur;;;;;;;;
Senior Software Engineer (AppGlass) (m/f/d);Softwareentwickler/in;JetBrains GmbH;Berlin;Berlin;2026-07-08;Bundesagentur;;;;;;;;
Software Engineer (w/m/d);Anwendungsprogrammierer/in;Capgemini;Hamburg;Hamburg;2026-07-08;Bundesagentur;;;;;;;;
Software Engineer (m/w/d);Softwareentwickler/in;Orizon GmbH, Unit Aviation;Wedel;Schleswig-Holstein;2026-08-03;Bundesagentur;;;;;;;;
Software Engineer (m/w/d);Softwareentwickler/in;SCOPE Engineering GmbH;Wedel;Schleswig-Holstein;2026-07-31;Bundesagentur;;;;;;;;
Software Engineer* für Datenprojekte;Data Engineer;inovex GmbH;Hamburg;Hamburg;2025-05-22;Bundesagentur;;;;;;;;
Senior Software Engineer (w/m/d);Softwareentwickler/in;Capgemini Deutschland GmbH;Hamburg;Hamburg;2026-06-26;Bundesagentur;;;;;;;;
Software Engineer (m/w/d);Informatiker/in;DEKRA Arbeit GmbH;Wedel;Schleswig-Holstein;2026-07-10;Bundesagentur;;;;;;;;
Software Engineer Schwerpunkt Testautomatisierung (m/w/d);Softwareentwickler/in;PPI AG;Hamburg;Hamburg;2025-02-19;Bundesagentur;;;;;;;;
Software Engineer (w/d/m) Schwerpunkt Entwicklungs-Workflows;Data Engineer;Deutsches                Klima rechenzentrum GmbH;Hamburg;Hamburg;2026-06-17;Bundesagentur;;;;;;;;
Software-Engineer (Angular);Bachelor Professional - IT (Softwareentwicklung);ClassiX Software GmbH;Hamburg;Hamburg;2026-07-10;Bundesagentur;;;;;;;;
Matlab Software Engineer (m/w/d);Softwareentwickler/in;FERCHAU GmbH Niederlassung Hamburg-City;Wedel;Schleswig-Holstein;2026-07-14;Bundesagentur;;;;;;;;
Senior Software Engineer Defense (w/m/d);Anwendungsprogrammierer/in;Capgemini;Hamburg;Hamburg;2026-07-08;Bundesagentur;;;;;;;;
Software Engineer - Input Management (m/w/d);Anwendungsprogrammierer/in;ERGO;Hamburg;Hamburg;2026-07-03;Bundesagentur;;;;;;;;
Senior Inhouse Java Software Engineer (w/m/d);Software-Architect;plusYou GmbH;Hamburg;Hamburg;2026-05-19;Bundesagentur;;;;;;;;
Agentic Software Engineer (gn);Softwareentwickler/in;workidentity GmbH;Hamburg;Hamburg;2026-07-09;Bundesagentur;;;;;;;;
Software Engineer Full Stack (m/w/d);Informatiker/in;BWI GmbH;Hamburg;Hamburg;2026-08-03;Bundesagentur;;;;;;;;
Research Software Engineer (w/m/d) Leistungsoptimierung von HPC-Codes;Data Engineer;Deutsches                Klima rechenzentrum GmbH;Hamburg;Hamburg;2026-07-27;Bundesagentur;;;;;;;;
Software Engineer C++ & Architektur (m/w/d);Softwareentwickler/in;Akkodis Germany Tech Experts GmbH;Wedel;Schleswig-Holstein;2026-07-31;Bundesagentur;;;;;;;;
AI Software Engineer and Consultant (w/d/m);Anwendungsprogrammierer/in;codecentric;Hamburg;Hamburg;2026-07-28;Bundesagentur;;;;;;;;
(Senior) Software Engineer Financial Services (w/m/d);Softwareentwickler/in;Capgemini Deutschland GmbH;Hamburg;Hamburg;2026-07-07;Bundesagentur;;;;;;;;
Senior Software Engineer Microservices (w/m/d);Softwareentwickler/in;BWI GmbH;Hamburg;Hamburg;2026-07-15;Bundesagentur;;;;;;;;
DevOps Engineer im Cloud Umfeld (w/m/d);DevOps Engineer;EMOS Software GmbH;Hamburg;Hamburg;2025-06-13;Bundesagentur;;;;;;;;
Software Engineer (gn) C++;Softwareentwickler/in;Dock 22 GmbH;Wedel;Schleswig-Holstein;2026-07-05;Bundesagentur;;;;;;;;
Embedded Software Test Engineer (m/w/d);Testingenieur/in;YER;Hamburg;Hamburg;2026-07-12;Bundesagentur;;;;;;;;
AI Engineer / Software Engineer (all genders);IT-Systemadministrator/in;adesso;Hamburg;Hamburg;2026-07-03;Bundesagentur;;;;;;;;
B122-C01 Software Engineer / Cloud Backend Developer (m/w/d);Softwareentwickler/in;Jan Schreiner Private Arbeitsvermittlung Arbitex;Hamburg;Hamburg;2026-07-28;Bundesagentur;;;;;;;;
Software Engineer (w/m/d);Anwendungsprogrammierer/in;Capgemini;Frankfurt am Main;Hessen;2026-07-08;Bundesagentur;;;;;;;;
Senior Software Engineer (m/w/d);Softwareentwickler/in;Alexander Thamm GmbH;Frankfurt am Main;Hessen;2026-07-22;Bundesagentur;;;;;;;;
Senior Software Engineer (w/m/d);Softwareentwickler/in;Capgemini Deutschland GmbH;Frankfurt am Main;Hessen;2026-06-26;Bundesagentur;;;;;;;;
Senior Software Engineer (m/w/d);Ingenieur/in - Elektrotechnik;Hays Professional Solutions GmbH Standort Frankfurt;Frankfurt am Main;Hessen;2026-07-21;Bundesagentur;;;;;;;;
Software Engineer (m/f/d);Anwendungsprogrammierer/in;Yatta;Frankfurt am Main;Hessen;2026-07-03;Bundesagentur;;;;;;;;
Software Engineer Full Stack (m/w/d);Informatiker/in;BWI GmbH;Frankfurt am Main;Hessen;2026-08-03;Bundesagentur;;;;;;;;
Azure Software Engineer (m/w/d);IT-Systemadministrator/in;Slalom;Frankfurt am Main;Hessen;2026-07-03;Bundesagentur;;;;;;;;
Software Quality Engineer (m/w/d);Qualitätsingenieur/in;FERCHAU GmbH Niederlassung Frankfurt;Frankfurt am Main;Hessen;2026-07-27;Bundesagentur;;;;;;;;
Senior Software Engineer Microservices (w/m/d);Softwareentwickler/in;BWI GmbH;Frankfurt am Main;Hessen;2026-07-15;Bundesagentur;;;;;;;;
Senior Software Engineer Defense (w/m/d);Anwendungsprogrammierer/in;Capgemini;Frankfurt am Main;Hessen;2026-07-08;Bundesagentur;;;;;;;;
DevOps Engineer im Cloud Umfeld (w/m/d);DevOps Engineer;EMOS Software GmbH;Frankfurt am Main;Hessen;2025-06-13;Bundesagentur;;;;;;;;
Software Engineer (f/m/d) CM500;Internettechnologe/-technologin;Siemens Energy Global GmbH & Co. KG;Frankfurt am Main;Hessen;2026-03-26;Bundesagentur;;;;;;;;
(Senior) Software Engineer Financial Services (w/m/d);Softwareentwickler/in;Capgemini Deutschland GmbH;Frankfurt am Main;Hessen;2026-07-07;Bundesagentur;;;;;;;;
Senior Expert IT Software Engineer (m/w/d);Softwareentwickler/in;Vodafone GmbH;Eschborn, Taunus;Hessen;2026-07-01;Bundesagentur;;;;;;;;
AI Software Engineer and Consultant (w/d/m);Anwendungsprogrammierer/in;codecentric;Frankfurt am Main;Hessen;2026-07-28;Bundesagentur;;;;;;;;
Software Quality Assurance / QA Engineer (m/w/d);Informatiker/in;Advancis Software & Services GmbH;Langen (Hessen);Hessen;2026-07-17;Bundesagentur;;;;;;;;
AI Engineer / Software Engineer (all genders);IT-Systemadministrator/in;adesso;Frankfurt am Main;Hessen;2026-07-03;Bundesagentur;;;;;;;;
B106-C02 Support Engineer (m/w/d);Serviceingenieur/in;Jan Schreiner Private Arbeitsvermittlung Arbitex;Frankfurt am Main;Hessen;2026-07-30;Bundesagentur;;;;;;;;
Senior Software Engineer (m/w/d) – Hybrid in Frankfurt / Rhein-Main;Software-Architect;equipme GmbH;Sulzbach (Taunus);Hessen;2026-04-30;Bundesagentur;;;;;;;;
Software Test Engineer / Testspezialist für digitale Online-Services (m/w/d);Informatiker/in;Finanz Informatik GmbH & Co. KG;Frankfurt am Main;Hessen;2026-05-04;Bundesagentur;;;;;;;;
DevOps Engineer (m/w/d);DevOps Engineer;ITech Progress GmbH;Frankfurt am Main;Hessen;2025-08-12;Bundesagentur;;;;;;;;
Project Engineer PSIM (m/w/d);Projektingenieur/in;Advancis Software & Services GmbH;Langen (Hessen);Hessen;2026-01-06;Bundesagentur;;;;;;;;
Cisco System Engineer/Netzwerkadministrator - Firewall-Spezialist (w/m/d);Netzwerkadministrator/in;EMOS Software GmbH;Frankfurt am Main;Hessen;2025-06-13;Bundesagentur;;;;;;;;
Data Analyst;;Talon.One;Berlin;;2026-05-22;Adzuna;full_time;;;;Stellen aus PR, Werbung & Marketing;ABOUT THE ROLE: As a Data Analyst, you will be responsible for all kinds of analysis within the company. You will be in close cooperation with the stakeholders from all departments (Marketing, Product, Customer Success, Sales, Management, GTM etc.), helping us define their KPIs and come up with data use cases that will help the business in all its operations. You will be at the forefront of all synergies between the business and the rest of the data team by aligning on the data strategy, specif…;52.507706;13.420806
Data Analyst / Data Engineer;;Rahantech GmbH;Berlin;;2026-07-16;Adzuna;full_time;;;;Unknown;Tasks You create dashboards and advise diverse stakeholders to find answers to their business questions by utilizing the latest technologies You work with large volumes of data in relational databases, create custom analyses and optimize SQL queries You design and implement automated data flows (ETL) and perform extensive data migrations Develop, optimize and maintain data storage solutions, including relational and NoSQL databases Develop predictive models to forecast future trends and outcome…;52.507706;13.420806
Junior Data Analyst - Consumer Marketing;;VB Consulting;Berlin;;2025-01-18;Adzuna;full_time;;;;Beraterstellen;ist ein führendes Unternehmen im Großhandel mit Sitz in Berlin, Deutschland. Wir suchen derzeit einen engagierten Junior Data Analyst - Consumer Marketing , der unser IT-Team verstärkt. Als erfahrenes Unternehmen in der Branche bieten wir Ihnen eine dauerhafte Anstellung in Vollzeit mit der Möglichkeit, remote zu arbeiten. Als Junior Data Analyst - Consumer Marketing werden Sie Teil unseres IT-Teams und unterstützen uns bei der Analyse von Verbraucherdaten. Zu Ihren Aufgaben gehören unter ander…;52.507706;13.420806
Data Analyst ( M/F/D );;LYNX Berlin;Berlin;;2026-04-23;Adzuna;full_time;;;;Unknown;As Data Analyst, you play a key role in driving data-informed decision-making across one of LYNX’s most strategic product and business domains. We are looking for four Data Analysts to join one of our core squads: Onboarding , Demand Capture , Client Experience , or Client & Product Integrity . Onboarding Squad: Analyze and improve the customer onboarding journey to make it faster, smoother, and more efficient. Demand Capture Squad: Use data to understand customer interest and help turn prospec…;52.51551;13.38475
Data Analyst – Fraud & Financial Crime;;N26;Berlin;;2026-07-24;Adzuna;Not provided;;;;Stellen aus Buchhaltung & Finanzwesen;Summary We are seeking an organized and self-motivated Data Analyst with deep expertise in causal inference, experimentation, and statistical research to work embedded in our Banking Foundations (Customer Risk Lifecycle) team, helping shape the development of one of the world's leading FinTech products. This is a hybrid role from our Berlin offices. About the opportunity As a Data Analyst, you will enable our product and business segment (CRL - including focus on the AFC Operations function) in…;52.507706;13.420806
Data Analyst (f/m/d);;think-cell;Berlin;;2026-07-02;Adzuna;Not provided;;;;IT-Stellen;Data Analyst - Join Our Innovative Team at think-cell Software Our Story At think-cell, we create powerful software solutions that help professionals be more efficient and productive. Founded in 2002 and based in Berlin, our tools integrate seamlessly with Microsoft Office to help users create presentations, charts, and diagrams with ease. Our dynamic, international team values creativity, collaboration, and technical excellence. What You Will Do We're a Data Team that operates like a scaleup w…;52.507706;13.420806
Data Analyst (m/w/d);;FERCHAU GmbH;Berlin;;2026-07-17;Adzuna;Not provided;;;;Unknown;Menschen und Technologien zu verbinden, den Perfect Match für unsere Kunden zu gestalten, immer die richtigen Expert:innen für die jeweilige Herausforderung zu finden - das ist unser Anspruch bei FERCHAU und dafür suchen wir dich: Dein Aufgabengebiet * Entwicklung von Softwaretools zur Datenerhebung aus verschiedenen Quellen wie Datenbanken und Tabellen * Bereinigung, Validierung und Organisation von Datensätzen für Analysezwecke * Verwaltung und Pflege von Datenbeständen sowie Unterstützung be…;52.43792;13.38046
Senior Data Analyst (m/f/d);;Flix;Berlin;;2026-07-22;Adzuna;Not provided;;;;Unknown;At Flix, we offer a dynamic work environment with competitive pay, strong growth opportunities, and a tech-driven approach to making travel more accessible, sustainable, and affordable. As a Senior Data Analyst (m/f/d), you will be a part of the Commercial Intelligence Team within our Commercial Analytics unit. You will be responsible for strengthening our analytics capabilities and directly impacting the company’s success. In this highly visible role, you will drive the development of analytic…;52.507706;13.420806
Finance Data Analyst (m/w/d);;Wbs Gruppe;Berlin;;2026-07-26;Adzuna;full_time;;;;Stellen aus Buchhaltung & Finanzwesen;Als Finance Data Analyst bist du Teil unseres Teams Finanzdaten- und Systemmanagement. Gemeinsam sorgen wir dafür, dass Daten aus unterschiedlichen Unternehmensbereichen zuverlässig zusammengeführt, fachlich eingeordnet und für Finanzprozesse, Analysen sowie fundierte Entscheidungen nutzbar gemacht werden. Bei uns kannst du folgende Themen anpacken: Du erschließt, analysierst und verknüpfst Daten aus unterschiedlichen Quellsystemen und bereitest Finanz- und Buchungsdaten für operative Prozesse,…;52.44441;13.43418
Senior Marketing Data Analyst (all genders);;denkwerk;Berlin;;2026-06-04;Adzuna;full_time;;;;Stellen aus PR, Werbung & Marketing;Wer uns fehlt, bist du! Als Senior Data Analyst analysierst und interpretierst du Daten, um fundierte Handlungsempfehlungen für unsere Kunden und internen Teams abzuleiten und die Weiterentwicklung digitaler Strategien und Marketingmaßnahmen zu unterstützen Du konzipierst, implementierst und optimierst Tracking-Architekturen und setzt dabei Tools wie Google Tag Manager, GA4, Piwik PRO, BigQuery und Data Studio ein, um eine datenschutzkonforme, präzise und zukunftsfähige Datenerfassung sicherzus…;52.4984;13.396
(Junior) Finance Data Analyst (all genders);;Homaris;Berlin;;2026-07-17;Adzuna;full_time;45000.0;55000.0;50000.0;Unknown;Die Rolle Als (Junior) Finance Data Analyst (all genders) bei Homaris machst du aus Daten echte Entscheidungsgrundlagen: Du analysierst die wirtschaftliche Entwicklung unserer Geschäftsbereiche, baust und pflegst Power-BI-Dashboards und entwickelst unsere Unit-Economics-Sicht auf Objektebene weiter. Du arbeitest direkt mit dem CFO zusammen und erhältst echten Gestaltungsspielraum – mit einem klaren Entwicklungspfad in Richtung eigenständiger Controlling-Verantwortung. Wir schätzen Vielfalt und …;52.53261;13.3777
NGS Data Analyst for Molecular Oncology;;Alacris Theranostics GmbH;Berlin;;2026-07-16;Adzuna;full_time;;;;Unknown;Alacris Theranostics GmbH is a leader in innovative molecular diagnostics, specialising in personalised oncology. Our cutting-edge solutions combine next-generation sequencing (NGS), advanced bioinformatics, and systems biology to transform scientific insights into enhanced cancer diagnostics and more precise treatment decisions. We collaborate closely with leading research institutions, hospitals, and pharmaceutical partners to drive meaningful and lasting improvements in patient outcomes. Tas…;52.507706;13.420806
Data Analyst - Marketing (w/m/d);;Enpal;Berlin;;2026-08-01;Adzuna;full_time;;;;Stellen aus PR, Werbung & Marketing;Unser Ziel ist eine Solaranlage auf jedem Dach, ein Speicher in jedem Haus und ein E-Auto in jeder Garage. Enpal macht das möglich mit einer integrierten Gesamtlösung für dezentrale Energie – von Solaranlage und Batteriespeicher über Wallbox, Smart Meter bis zur Wärmepumpe. Herzstück ist unsere KI-gestützte Plattform Enpal.One , die tausende Systeme intelligent vernetzt und Strombezug sowie -einspeisung effizient am Energiemarkt optimiert. Bist Du bereit für Lösungen, die mehr als nur ein Versp…;52.507706;13.420806
Senior Data Analyst (m/f/d) - Berlin;;Freenow;Berlin;;2026-07-26;Adzuna;Not provided;;;;IT-Stellen;Location : Come and join us in Hamburg, Berlin or Barcelona! Freenow by Lyft empowers smarter mobility decisions helping people to move freely and cities to thrive. We are looking for a Senior Data Analyst (m/f/d) to collaborate with our operational squads. In this role you will be able to become an expert in our business and data analysis systems and environment to allow you to champion data-driven decisions as part of the Data Operations team. Be ready to work in a multinational, diverse, hig…;52.507706;13.420806
Data Scientist / Data Analyst (w/m/d);;HiSolutions AG;Berlin;;2026-03-13;Adzuna;full_time;;;;Unknown;Wir sind eine unabhängige IT-Management- und IT-Security-Beratung, die dort ansetzt, wo Digitalisierung anspruchsvoll wird: bei Informationssicherheit, IT-Services und -Betrieb, sowie organisatorischer Transformation. Wir unterstützen unsere Kunden dabei, komplexe Herausforderungen zu meistern – individuell, strukturiert und mit einem klaren Blick für das Wesentliche. Was uns antreibt ist der Anspruch, nachhaltige Lösungen zu schaffen, die wirklich wirken. Dafür verbinden wir tiefgehende fachli…;52.507706;13.420806
Werkstudent | Working Student (f/m/d) Data Analyst;;Porsche Digital;Berlin;;2026-05-14;Adzuna;part_time;;;;Unknown;Als 100%-ige Tochtergesellschaft der Porsche AG, sind wir als Porsche Digital angetreten, innovative Visionen, Strategien, Produkte, Geschäftsmodelle und begeisternde Kundenerlebnisse zu entwickeln, um die Marke Porsche im Zeitalter der Digitalisierung erweiternd zu definieren. Dabei geht es sowohl um Strategien als auch innovative Lösungen und weit in die Zukunft gedachte Konzepte.  As a 100% subsidiary of Porsche AG, we as Porsche Digital have set out to develop innovative visions, strategies…;52.507706;13.420806
Senior Data Analyst (AI-Enabled Analytics) (all genders);;GotPhoto;Berlin;;2026-06-06;Adzuna;full_time;;;;Stellen aus PR, Werbung & Marketing;About us At GotPhoto, we are freeing photographers to be more successful. Through our platforms GotPhoto.com and fotograf.de , we help professional photographers simplify and transform the way they work — from photo management and client communication to ordering and payment processing. Our end-to-end workflow and e-commerce solution gives photographers more time to focus on what matters most: being behind the lens. Since 2012, we’ve built a sustainable and profitable business driven by entrepr…;52.507706;13.420806
Senior Data Analyst / Analytics Engineer (m/w/d);;proSenio;Berlin;;2026-06-12;Adzuna;full_time;70000.0;100000.0;85000.0;Stellen aus PR, Werbung & Marketing;Die proSenio Gruppe ist Deutschlands führender Anbieter für die häusliche Versorgung mit Pflegehilfsmitteln. Seit über 14 Jahren wachsen wir erfolgreich bundesweit und verbinden moderne digitale Lösungen mit persönlichem Service für pflegebedürftige Menschen und ihre Angehörigen. Mit über 150 Mitarbeitenden an den Standorten Berlin und Augsburg vereinen wir die Dynamik eines wachstumsstarken Unternehmens mit der Sicherheit der international erfolgreichen Schülke & Mayr GmbH. Mit unseren etablie…;52.51708;13.32366
Werkstudent Data Analyst - Reporting Services / Data Engineering & Intelligence (w/m/d);;KPMG;Berlin;;2026-06-20;Adzuna;full_time;;;;Unknown;Werkstudent Data Analyst - Reporting Services / Data Engineering & Intelligence (w/m/d) Job-ID: 12856 Standorte: Berlin Karrierelevel: Studierende Anstellungsart: Festanstellung in Vollzeit Begleite KPMG bei den zukünftigen Herausforderungen unserer Kund:innen. Begeistere auch Du Dich für die Vielfalt unserer Fragestellungen - und mach gemeinsam mit uns den Unterschied. Die ist die IT-Beratung und -Dienstleistung der KPMG AG Wirtschaftsprüfungsgesellschaft. Du verantwortest gemeinsam mit Deinem…;52.5259;13.35662
Data Quality Analyst Assistant;;Alpine Business Consulting;Berlin;;2026-07-24;Adzuna;full_time;;;;IT-Stellen;About the role Alpine Business Consulting is currently supporting a major European logistics firm that is overhauling its enterprise reporting systems. Large organizations in the logistics sector generate massive amounts of data every day, from shipping manifests to inventory tracking. When these systems are not configured correctly, finance teams end up with conflicting numbers and manual workarounds that consume too much time. Our team steps in to rectify these issues and build a single sourc…;52.53261;13.3777
Digitales Marketing und E-Commerce;;Media University of Applied Sciences;Berlin;;2026-07-21;Adzuna;Not provided;;;;Teilzeitstellen;Digitales Marketing und E-Commerce sind nicht nur zwei durch die Digitalisierung entstandene Märkte auf Wachstumskurs, sondern bilden auch die beiden Qualifikationsbereiche des gleichnamigen Studiengangs an der Media University of Applied Sciences. Mit ihrem neuen B.A.-Programm reagiert die Medienhochschule auf die wachsende Nachfrage an fachlich qualifizierten Arbeitskräften in der boomenden Branche des Online-Handels und des Online-Marketings. Denn hier sind mit Digital Marketing Manager:in, …;52.54629;13.35917
FinOps Data Analyst & Consultant (m/w/d) - Business Analysis, Datenbankentwicklung/BI, Ingenieur;;Reply Deutschland SE;Berlin;;2026-08-02;Adzuna;Not provided;;;;Stellen für Hochschulabsolventen; Aufgaben - Du analysierst Commitment-Nutzung, Reservation Coverage und Kostentrends über Cloud, AI/ML, SaaS und On-Premises hinweg - Ableitung von Optimierungsempfehlungen (Rightsizing, Discount-Strategien, Anomalie-Erkennung) - Du erstellst Spend Forecasts und Varianzanalysen, die fundierte Entscheidungen ermöglichen - Validierung cloud-nativer Forecasting-Tools und Mitarbeit an ML-basierten Prognosemodellen - Du designst Dashboards und Reports für technische und Executive-Zielgruppen - Defin…;52.507706;13.420806
Data Operations Analyst (m/f/d);;adsquare;Berlin;;2026-07-09;Adzuna;full_time;;;;Unknown;Intro About Adsquare Adsquare's mission is centered on: Passion: Solving complex challenges with exceptional people, technology, and data. Niche: Specializing in Location Intelligence for Programmatic Advertisers. Our work is guided by our core values, and we look for candidates who embody them: Drive: Turning ambition into action that brings valuable outcomes. Resilience: Adapting, persevering, and growing stronger through challenges. No BS: Upholding honesty, transparency, and clear communica…;52.55114;13.42321
(Senior) Data / Product Analyst (all identities);;Caspar Health;Berlin;;2026-08-01;Adzuna;full_time;60000.0;70000.0;65000.0;Unknown;What to Expect Bring structure to complex data and shape the future of digital rehabilitation. Caspar Health is the digital rehabilitation clinic with the vision of giving every patient access to the most effective rehabilitation treatment anywhere at any time. We provide individual, digital therapy combined with personal care from therapeutic healthcare professionals. To elevate our data infrastructure and product analytics capabilities, we are expanding our Data Analytics! In this role, you a…;52.52219;13.40933
Data & Platform Analyst (f/m/d);;Nextwind Management GmbH;Berlin;;2026-07-09;Adzuna;full_time;;;;Unknown;Willkommen. NeXtWind betreibt und entwickelt Windenergieanlagen in Deutschland mit dem Ziel, bis 2028 auf 3 GW zu wachsen. Unser Data & IT-Team baut die interne Dateninfrastruktur als Produkt: Airtable als operativer Kern, automatisierte Prozesse und AI-Use-Cases in der Pipeline. Du übernimmst Verantwortung für unsere Datenplattform — von der Architektur bis zur Adoption. Deine Aufgaben Datenplattform Airtable-Architektur weiterentwickeln, pflegen und dokumentieren (Bases, Interfaces, Automatio…;52.50961;13.32966
Finance Data & AI Analyst Internship (w/m/d);;Enpal;Berlin;;2026-06-21;Adzuna;Not provided;;;;IT-Stellen;Unser Ziel ist eine Solaranlage auf jedem Dach, ein Speicher in jedem Haus und ein E-Auto in jeder Garage. Enpal macht das möglich mit einer integrierten Gesamtlösung für dezentrale Energie – von Solaranlage und Batteriespeicher über Wallbox, Smart Meter bis zur Wärmepumpe. Herzstück ist unsere KI-gestützte Plattform Enpal.One , die tausende Systeme intelligent vernetzt und Strombezug sowie -einspeisung effizient am Energiemarkt optimiert. Bist du bereit für Lösungen, die mehr als nur ein Versp…;52.507706;13.420806
Data Management & AI Analyst im Gesundheitswesen (m/w/d) Data Management, 100% Remote & Digital (Weiterbildung);;DataSmart Point GmbH;Berlin;;2026-07-16;Adzuna;full_time;;;;Unknown;Digitale Patientenakten, Telemedizin und smarte Kliniksysteme verändern den Arbeitsalltag. Datenanalyse wird zur Schlüsselkompetenz – für bessere Versorgung, effizientere Abläufe und gezielte Pflegeplanung. Mit unserer Weiterbildung zum Data Analyst im Gesundheitswesen (IHK) machst du den nächsten Karriereschritt. Aufgaben Was du lernst Du lernst, Daten aus Klinik, Pflege und Verwaltung zu verstehen, auszuwerten und sinnvoll zu nutzen. Modulinhalte: Grundlagen Data Analytics und Excel-Zertifika…;52.51115;13.30147
Data Analytics, Data Science & AI Weiterbildung mit IHK-Abschluss | 100 % Remote;;DataSmart Point GmbH;Berlin;;2026-07-16;Adzuna;full_time;;;;Unknown;Werde Teil der digitalen Zukunft mit der DataSmart Point Academy Die DataSmart Point Academy (DSP Academy) ist ein AZAV-zertifizierter Bildungsträger, spezialisiert auf praxisnahe IT- und Data-Weiterbildungen mit klarer Zukunftsperspektive. Unsere Programme richten sich an motivierte Quereinsteiger:innen, die den Einstieg in datengetriebene Berufe suchen sowie an Fachkräfte mit IT-Erfahrung, die ihr Wissen vertiefen möchten, Unser erfahrenes Dozent:innen-Team aus Professor:innen, Fachexpert:inn…;52.51115;13.30147
Refugees from Ukraine seeking work (m/w/d) Data & Analytics;;Flink;Berlin;;2023-03-07;Adzuna;Not provided;;;;Unknown;Refugees from Ukraine seeking work (m/w/d) Data & Analytics Brunnenstraße 19-21, 10119 Berlin, Germany Full-time Company Description This is a fast-track application process for all of those who have lost their jobs in Ukraine and are urgently looking for work. If you are a refugee from Ukraine, please submit your application here and let us know which area/department you'd be most interested in. It would help us greatly in processing the applications faster. To make things easier below is an o…;52.507706;13.420806
Software Engineer – Data Processing & Backend (m/w/d);;empit;Berlin;;2026-05-12;Adzuna;full_time;;;;IT-Stellen;Deine Mission Datenverarbeitung & Signalanalyse: Du entwickelst und pflegst Backend-Systeme, die rohe Messdaten aus unseren CMI-Inspektionen aufnehmen, transformieren und für die Weiterverarbeitung aufbereiten — von der Felderfassung bis zum fertigen Analyseergebnis. API-Entwicklung: Du entwirfst und implementierst interne und externe Schnittstellen, über die unsere Daten zwischen Feldsystemen, Cloud-Infrastruktur und Kundenprodukten fließen. Interne Tools & Automatisierung: Du baust und verbes…;52.50907;13.55321
Data Platform Engineer (Mid-Level) (m/f/d);;Flix;Berlin;;2026-06-10;Adzuna;Not provided;;;;Unknown;We’re looking for a Data Platform Engineer (m/f/d) to join our team and help build and operate the data infrastructure that powers Flix’s mobility platform. At FlixTech, our data platform enables teams across the company to process, analyze, and act on large volumes of mobility data. The platform supports critical use cases such as network planning, pricing, operations, and business analytics. You will work on scalable infrastructure that processes millions of daily events and ensures reliable …;52.507706;13.420806
Data Engineering Consultant (w/m/x) - Germany;;Avanade Inc.;Berlin;;2026-07-03;Adzuna;Not provided;;;;Unknown;Avanade ist ein führender Anbieter von digitalen und Cloud-Diensten, Business Solutions und designorientierten Anwendungen. Als Joint Venture von Microsoft und Accenture sind wir das größte Beratungsunternehmen für Microsoft-Technologien. Wir unterstützen unsere Kunden in Cloud, Modern Workplace, Business Applications, Data & AI und Security und legen Wert auf unsere PeopleFirst Mentalität. Werde Teil unseres Teams Zwischen Data Analysten über Data Engineers bis hin zu IoT- und AI-Experten gibt…;52.507706;13.420806
Cloud Engineer (m/w/d) || Data & AI - System Engineering / Admin, Ingenieur;;Reply Deutschland SE;Berlin;;2026-08-02;Adzuna;Not provided;;;;Stellen für Hochschulabsolventen; Aufgaben - Als Cloud Engineer entwickelst du für unsere Kunden innovative Cloud-Lösungsarchitekturen auf Basis von Microsoft Azure, von kompletten Greenfield-Ansätzen bis hin zu komplexen Migrationsszenarien - Dabei berücksichtigst du die Sicherheitsanforderungen, rechtliche Aspekte, Multi-Tenancy und Access-Patterns - Im direkten Austausch mit unseren Kunden und anderen Stakeholdern setzt du konkrete und komplexe Geschäftsanforderungen in produktionsfertige Infrastrukturen um - In enger Zusam…;52.507706;13.420806
Head of Pricing (m/f/x);;Rebuy Recommerce GmbH;Berlin;;2026-07-25;Adzuna;Not provided;;;;Unknown;We are looking for a Head of Pricing who will own the function with the most direct and immediate impact on our margin. In a two-sided marketplace where we set prices on both what we pay for supply and what we charge buyers, every pricing decision affects customer trust, working capital and inventory velocity, and is thus a primary commercial lever. This is a senior commercial role that will have a margin target, direct access to leadership (reporting to the Chief Commercial Officer), and the m…;52.507706;13.420806
Interim Data Scientist (m/w/d) Churn Prediction;;Michael Page;Berlin;;2026-08-01;Adzuna;Not provided;;;;Unknown;Intro Spannende Herausforderung Interessante Aufgaben Firmenprofil Rahmenbedingungen Start: ASAP Laufzeit: 3 bis 4 Monate Auslastung: Vollzeit Einsatzort: Remote mit Vor-Ort-Terminen ca. alle zwei Wochen Projektsprache: Englisch Aufgabengebiet Aufgaben Entwicklung, Training und Optimierung eines produktionsreifen Churn-Prediction-Modells Analyse von Kunden- und Mitgliederdaten zur Identifikation relevanter Churn-Treiber Aufbau eines Risk-Scorings auf Mitgliederebene zur Vorhersage von Kündigung…;52.507706;13.420806
Kaufmann (w/m/d) für Digitalisierungsmanagement 2027;;Siemens AG;Berlin;;2026-06-28;Adzuna;Not provided;;;;Stellen aus Personal & Personalbeschaffung;Dein Berufsbild: Du möchtest irgendwas mit Zahlen machen? In einem Beruf, in dem analytisches Denken zählt? Dann werde Kaufmann für Digitalisierungsmanagement (w/m/d) mit Fokus Siemens Data Analyst und lerne, wie man die wichtigste Währung des 21. Jahrhunderts zum Vorteil für Unternehmen nutzt: Daten. Als Kaufmann für Digitalisierungsmanagement (w/m/d) kennst du dich aus im Umgang „Big Data“. Du erhebst diese ganzheitlich, analysierst sie und fasst die Erkenntnisse anschließend verständlich zus…;52.507706;13.420806
TaxTech und FinTech Product Owner (m/w/d);;HEADFOUND;Berlin;;2026-08-01;Adzuna;full_time;;;;Unknown;Du suchst eine neue Herausforderung und möchtest als TaxTech und FinTech Product Owner (m/w/d) wirklich etwas bewegen? Du liebst Daten und willst daraus echte Mehrwerte schaffen? Dann haben wir den passenden Job für Dich! Für unser Kundenunternehmen in Berlin suchen wir ab sofort einen TaxTech und FinTech Product Owner (m/w/d) 30 Tage Urlaub plus 2 zusätzliche Urlaubstage geschenkt Hybrides Arbeiten mit bis zu 80% Homeoffice und flexible Arbeitszeiten 20 Tage Workation pro Jahr im EU-Ausland Fi…;52.507706;13.420806
Senior Analytics Engineer - Growth (m/f/d);;1KOMMA5˚;Berlin;;2026-07-16;Adzuna;full_time;;;;Unknown;1KOMMA5° At 1KOMMA5° , we pursue a clear vision: Living on wind and sunlight forever for free . To make this a reality, we are building the energy system of the future with Heartbeat AI. Want to be part of it? We bring together regional craftsmanship and scalable software: We don't think of solar, batteries, heat pumps, and e-mobility as isolated components, but control them as an intelligent, integrated overall system in our virtual power plant. Directly connected to the electricity market – i…;52.507706;13.420806
Assistenz der Geschäftsführung (m/w/d);;energicos GmbH;Berlin;;2026-05-22;Adzuna;full_time;;;;Unknown;Einleitung Organisationstalent mit Überblick, Eigeninitiative und Freude an komplexen Aufgaben gesucht Zur Unterstützung der Geschäftsführung suchen wir eine engagierte, diskrete und mitdenkende Persönlichkeit, die weit über klassische Assistenzaufgaben hinaus Verantwortung übernimmt. Sie behalten auch in anspruchsvollen Situationen den Überblick, denken vorausschauend und arbeiten gerne eigenständig? Dann freuen wir uns darauf, Sie kennenzulernen. Ihre Aufgaben Unterstützung der Geschäftsführu…;52.40711;13.21667
Ad Creative Strategist (Freelance);;Paintgun;Berlin;;2026-07-16;Adzuna;Not provided;;;;Unknown;We are looking for a talented ad creative strategist with a keen eye for detail and a passion for performance optimised content. Tasks Develop Creative Strategies: Use Paintgun's Ads DNA framework to create data-driven concepts that boost ad performance across platforms. Ideate and Produce Concepts: Research competitors, social comments, cultural trends, and audience insights to develop standout ad concepts. Work with creators, copywriters, designers, and motion developers to turn ideas into po…;52.507706;13.420806
Data Science & Business Analytics, praxisnah lernen, 100 % Remote (Weiterbildung);;DataSmart Point GmbH;Berlin;;2026-07-16;Adzuna;full_time;;;;Unknown;So wirst du Teil der Zukunft: Datenkompetenz leicht gemacht Wir sind die DataSmart Point Academy , ein spezialisierter Weiterbildungsträger mit Fokus auf digitale Zukunftskompetenzen . Unser Ziel: Menschen praxisnah für Data, Analytics und Künstliche Intelligenz qualifizieren – flexibel, modern und anerkannt. Unsere Weiterbildungen bereiten dich gezielt auf eine Karriere in Data Science, Business Analytics und AI vor. In 6, 8 oder 12 Monaten lernst du alles, was du für deinen Einstieg brauchst …;52.51115;13.30147
Analytics Engineer;;Almedia;Berlin;;2026-07-05;Adzuna;full_time;70000.0;140000.0;105000.0;Stellen aus PR, Werbung & Marketing;This isn’t your regular job. Almedia is a place where those who want to push harder can accelerate their careers faster than anywhere else. We’re aiming to become Germany’s second bootstrapped unicorn. Almedia is already Europe’s 3 fastest-growing company in 2025 (FT1000). We are building the future of marketing by rewarding our community of over 70 million users for engaging with our advertisers’ products. We are offering a new way to acquire users for the biggest companies in the world. Analy…;52.507706;13.420806
Senior Data Analyst - Germany;;Sungrow Europe;Munich;;2026-05-31;Adzuna;full_time;;;;Unknown;Your mission Servus und hallo bei uns hier in Sungrow! We are thrilled to welcome a sharp analytical mind to our Munich team as a Junior Data Analyst - someone who loves turning raw data into clarity and helping our business teams make smarter decisions every day. Curious what this is all about? Let's dive right in: You will extract and consolidate data from multiple enterprise systems - including CRM, SAP, TMS, WMS, and TES - ensuring consistency and reliability across the board. You will desi…;48.13258;11.59129
Data Analyst Data Insights (m/f/d);;marktguru Deutschland;Munich;;2026-07-19;Adzuna;full_time;;;;Unknown;Kurze Jobbeschreibung Data Insights ist ein strategisch relevantes Wachstumsfeld von marktguru. Wir verbinden Angebots-, Kassenbon- und Konsumentendaten, um Handel, FMCG-Hersteller und interne Stakeholder bei datenbasierten Entscheidungen zu unterstützen. Als Data Analyst im Data Insights Team arbeitest du an der Schnittstelle von Daten, Business und Produktentwicklung. Du analysierst komplexe Datenquellen, entwickelst Reports und Dashboards und hilfst dabei, unsere Data-Insights-Produkte weite…;48.14093;11.56907
Data Analyst (m/w/d);;Galileo Global Education;Munich;;2026-02-25;Adzuna;full_time;;;;Unknown;Einleitung Die Macromedia als Arbeitgeber Die Hochschule Macromedia gehört zur internationalen Bildungsgruppe Galileo Global Education. Erklärtes Ziel ist, jungen Menschen aus aller Welt unabhängig von ihrer Ausgangssituation Zugang zu höheren Bildungsabschlüssen zu ermöglichen. Über 200.000 Studierende sind bereits an den mehr als 50 Galileo-Schulen und Hochschulen weltweit eingeschrieben. In Deutschland sind wir als privater Bildungsträger mit der Marke Hochschule Macromedia, Macromedia Akade…;48.14093;11.56907
Data Analyst (befristet) - all genders;;Factor Eleven;Munich;;2026-07-21;Adzuna;full_time;;;;Unknown;ABOUT US Factor Eleven is the leading drive-to-store revenue platform for brick-and-mortar retailers and CPG brands. Our platform automates the entire lifecycle of digital promotion communication — from media planning and ad creation through campaign delivery, billing, and reporting. Operating as a high-touch enterprise managed service, humans orchestrate campaign strategy while our platform automates execution, driving tangible store revenue uplift at scale. YOUR MISSION As a Data Analyst Comm…;;
Senior Data Analyst (m/f/d);;Flix;Munich;;2026-07-22;Adzuna;Not provided;;;;Unknown;At Flix, we offer a dynamic work environment with competitive pay, strong growth opportunities, and a tech-driven approach to making travel more accessible, sustainable, and affordable. As a Senior Data Analyst (m/f/d), you will be a part of the Commercial Intelligence Team within our Commercial Analytics unit. You will be responsible for strengthening our analytics capabilities and directly impacting the company’s success. In this highly visible role, you will drive the development of analytic…;;
(Senior) Data Analyst (m/f/d);;OMMAX;Munich;;2026-05-12;Adzuna;full_time;;;;Beraterstellen;What we look for: You transfer complex data sets into business findings and provide results for various international clients. You set up and manage holistic performance reports for different stakeholders both internally and externally. You build company-wide analytic standards and best practices. You provide holistic business forecasts for budget negotiations and client proposals. You are responsible for C-level client communication, presenting analytical results and data visualisation. You le…;48.14093;11.56907
Senior Energy Data Analyst (d/f/m);;Flexa;Munich;;2026-05-13;Adzuna;full_time;85000.0;110000.0;97500.0;Unknown;Short Facts Are you excited to help build Europe’s largest Virtual Power Plant and accelerate the energy transition? At Flexa, we’re not just building cutting-edge technology — we’re assembling a team of the very best. As a Senior Data Analyst, you’ll play a central role in shaping the performance of our AI-driven energy aggregation and trading platform. We’re looking for someone who’s driven by impact, thrives on solving hard problems, and wants their work to directly contribute to a cleaner, …;48.1476;11.56803
Junior Data Analyst Migration (w/m/d);;Simovative GmbH;Munich;;2026-06-20;Adzuna;full_time;42000.0;50000.0;46000.0;Unknown;Info Jede neue Hochschule, die zu uns kommt, bringt eine zentrale Aufgabe mit: Daten aus bisher genutzten Systemen müssen übernommen werden. Mitunter komplex, oft sensibel – und genau dafür suchen wir dich ! Als Junior Data Analyst im Bereich Migration (in Vollzeit) unterstützt du dabei, Daten strukturiert und zuverlässig in unsere Software zu überführen und legst so die Basis für erfolgreiche Projekte. Komm in unser Team und in ein partnerschaftliches Umfeld, in dem wir respektvoll miteinander…;48.13344;11.58399
Werkstudent (m/w/d) Data Analyst - Internet;;CHECK24 Vergleichsportal;Munich;;2026-07-28;Adzuna;part_time;;;;Unknown;Über diesen Job CHECK24 ist das Vergleichsportal: Wir sind Marktführer und dynamisches Startup in einem. In agilen Teams treffen wir schnelle Entscheidungen und leben flache Hierarchien. Durch den gezielten Einsatz modernster Tools und Technologien sowie State-of-the-Art-Methoden der KI treiben wir datengetrieben Innovationen voran - immer mit Blick auf den Mehrwert für unsere Kunden. So arbeiten wir täglich in mehr als 50 Produkten daran, die User Experience unserer über 20 Millionen Kunden ko…;48.1476;11.56803
Data Analyst Materials Science bei Airbus (m/w/d);;ARTS;Munich;;2026-04-10;Adzuna;Not provided;;;;Unknown;Data Analyst Materials Science bei Airbus (m/w/d) München , Deutschland Materialforschung neu gedacht – mit Daten und KI die Zukunft der Luftfahrt gestalten. Bei Airbus Defence and Space AG in Taufkirchen bei München arbeiten Sie als Data Analyst Materials Science an der Schnittstelle von Materialwissenschaft, künstlicher Intelligenz und Luftfahrttechnologie. Sie entwickeln datengetriebene Methoden für das inverse Design von Hochleistungsmaterialien und treiben so die Forschung für die nächste …;48.137418;11.555737
(Senior) Data Analyst/in (m/w/d) SAS in München;;empiricus;Munich;;2026-02-27;Adzuna;full_time;60000.0;89961.0;74980.5;IT-Stellen;Arbeiten auf Augenhöhe und Raum für Selbstverantworung (Senior) Data Analyst/in (m/w/d) SAS in München Gehalt : 60.000 - 90.000 EUR Beginn : nach Vereinbarung Dauer : Festanstellung Standort : Süddeutschland (gerne aus dem Raum München), hybrides Arbeiten (Home-Office, beim Kunden vor Ort) Als Senior Data Analyst/in im Bereich SAS arbeiten Sie für eine inhabergeführte Unternehmensberatung, die Ihre Kunden aus den Branchen Banken, Versicherungen, Energieversorger und Handel auf den Weg in die di…;48.14093;11.56907
Senior Data Analyst (m/w/d) - Bereich Marketing;;Motel One Head Office;Munich;;2026-04-08;Adzuna;full_time;;;;Unknown;Senior Data Analyst (m/w/d) - Bereich Marketing Stellenbeschreibung Als Senior Data Analyst im Digital Marketing verantwortest du die analytische Grundlage zur Steuerung des Marketingbereichs und spielst eine zentrale Rolle in der datengetriebenen Optimierung der gesamten digitalen Customer Journey. Du sorgst dafür, dass alle Maßnahmen auf belastbaren Analysen und einem verlässlichen Tracking-Fundament aufbauen. In enger Zusammenarbeit mit Marketing, IT und Revenue Management analysierst du Per…;48.10471;11.58933
(Senior) Data Analyst (all genders) Marketing Science & Analytics;;MEDIAPLUS Gruppe;Munich;;2026-07-17;Adzuna;full_time;;;;Stellen aus PR, Werbung & Marketing;Unsere Analytics Einheit ist Teil der Mediaplus Forschungseinheit und besteht aus Expert:innen für Statistik und Data Science. Mit fundierter Fachkenntnis und methodischem Vorgehen helfen wir, aus den Daten unserer Kund:innen sowie aus unseren eigenen Daten Mehrwerte zu generieren. Über statistische Modelle bewerten und optimieren wir die Werbeinvestitionen unserer Kund:innen. Deshalb suchen wir dich als (Senior) Data Analyst (all genders) Marketing Science & Analytics hybrid am Standort Münche…;48.137418;11.555737
Data Analyst - Automotive (M/W/D) - VISPIRON SYSTEMS;;VISPIRON GmbH;Munich;;2026-07-17;Adzuna;Not provided;;;;IT-Stellen;Wir bringen die Mobilität der Zukunft schneller auf die Straße Mit unserer einzigartigen Kombination aus tiefem Systemverständnis, modernster Testinfrastruktur und intelligenten Automatisierungslösungen verkürzen wir Entwicklungszyklen radikal, reduzieren Risiken und schaffen Freiraum für Innovation. So ermöglichen wir unseren Kunden aus Automotive und Energie, neue Technologien in Rekordzeit und höchster Qualität zur Serienreife zu bringen. Wir: sind lösungsorientiert und finden immer einen We…;48.18446;11.57287
Data Analyst (m/w/d) – Industrial & Automotive Consulting;;DRIVE Consulting;Munich;;2026-05-12;Adzuna;full_time;;;;Beraterstellen;Beschreibung Du willst im Bereich Data Science & Analytics dort arbeiten, wo es wirklich zählt – an komplexen Industrieprojekten mit direktem Einfluss auf Entscheidungen auf Management-Ebene? Bei DRIVE Consulting arbeitest du an anspruchsvollen Fragestellungen führender Industrieunternehmen. Du unterstützt dabei, datengetriebene Entscheidungen in Transformations- und Beratungsprojekten umzusetzen. Unsere Analysen und Dashboards fließen direkt in das Reporting und die Entscheidungsgrundlagen uns…;48.21326;11.55643
Data Analyst / Business Intelligence Analyst (m/w/d);;base camp management consulting;Munich;;2026-05-12;Adzuna;full_time;;;;Unknown;DAS MACHST DU BEI DER BASE CAMP Aufbau und Weiterentwicklung von Management- und Investoren-Reporting im PE-Kontext (KPI-Set, Datenquellen, Berechnungslogik, Report-Struktur). Integration und Aufbereitung von Daten aus relevanten Systemen/Dateien für eine belastbare Reporting-Basis. Sicherstellung von Datenqualität und Konsistenz entlang der Reporting-Kette (Plausibilitätschecks, definierte Standards, saubere Übergaben zwischen Tools/Quellen). DAMIT PUNKTEST DU BEI UNS Abgeschlossenes Masterstu…;48.14093;11.56907
Data Analyst (w/m/d) Öffentlicher Dienst (1000€ Unterschriftsprämie);;Unistaff;Munich;;2026-05-12;Adzuna;full_time;;;;Unknown;Wir suchen Sie Berufseinsteiger oder auch berufserfahrene Experten (w/m/d) werden zum nächstmöglichen Zeitpunkt als Data Analyst (w/m/d) mit Leidenschaft für den Öffentlichen Dienst idealerweise in Vollzeit gesucht! Das sind Ihre Aufgaben Werden Sie ein wichtiger der Teil der Verkehrsforschung: Erstellung neuer Verkehrserhebungen: Sie konzipieren neue Verkehrserhebungen und legen die Grenzwerte der statistischen Parameter fest Sie geben das Erhebungsverfahren einschließlich dem Umfang, Zeitraum…;48.14093;11.56907
Senior DATA ANALYST (M/W/D) - Base Camp Management Consulting GmbH;;Base Camp Management Consulting GmbH;Munich;;2026-08-01;Adzuna;full_time;;;;Unknown;Als Data & Analytics Engineer (m/w/d) bei base camp management consulting gestaltest und optimierst du Geschäftsprozesse und Systeme im Private Equity Umfeld und trägst so zur Steigerung des Unternehmenswerts bei. Du erstellst unternehmensweite Datenmodelle und setzt Business Intelligence Analysen um, um eine nachhaltige Verbesserung der Unternehmenssteuerung und -planung zu erreichen. Tätigkeiten Konzeption, Implementierung und Optimierung von Geschäftsprozessen und Systemen in verschiedenen K…;;
FinOps Data Analyst & Consultant (m/w/d) - Business Analysis, Datenbankentwicklung/BI, Ingenieur;;Reply Deutschland SE;Munich;;2026-08-02;Adzuna;Not provided;;;;Stellen für Hochschulabsolventen; Aufgaben - Du analysierst Commitment-Nutzung, Reservation Coverage und Kostentrends über Cloud, AI/ML, SaaS und On-Premises hinweg - Ableitung von Optimierungsempfehlungen (Rightsizing, Discount-Strategien, Anomalie-Erkennung) - Du erstellst Spend Forecasts und Varianzanalysen, die fundierte Entscheidungen ermöglichen - Validierung cloud-nativer Forecasting-Tools und Mitarbeit an ML-basierten Prognosemodellen - Du designst Dashboards und Reports für technische und Executive-Zielgruppen - Defin…;48.137418;11.555737
Data Engineer / Analyst (m/f/d);;Allianz Digital Health GmbH;Munich;;2026-07-22;Adzuna;Not provided;;;;Stellen aus Buchhaltung & Finanzwesen;Allianz Digital Health GmbH (ADH) is a Munich, Germany based subsidiary of Allianz SE. ADH has a dual mission: Developing cloud-based software applications for Health insurance and supporting Allianz units world-wide in optimising their Health insurance business along the value chain. What does it take to develop outstanding software or to support Health insurance executives globally to achieve lasting success in their business? It takes data, dedication, knowledge, and curiosity. It takes peop…;48.14093;11.56907
Senior DevOps Engineer (m/w/d);;Ascent Digital Services DE GmbH;Munich;;2026-06-01;Adzuna;Not provided;;;;IT-Stellen;Acuity Analytics ist ein globales, Tech-first Unternehmen, das Finanzinstitute und Corporates dabei unterstützt, durch Research, Data, Analytics und AI-enabled Solutions bessere Entscheidungen zu treffen. Wir kombinieren tiefes Financial-Services-Know-how mit starken Engineering-, Digital- und AI-Capabilities, um komplexe Probleme zu lösen. Mit einem Team von 7.200 Analysts, Data Specialists und Technologists an 28 Standorten arbeiten wir mit über 800 Organisationen weltweit zusammen – um Effiz…;48.137418;11.555737
Finance, Data & Automation Analyst (m/w/d);;OG3 Holding GmbH;Munich;;2026-02-20;Adzuna;full_time;;;;Unknown;Ihre Aufgaben Sie tragen maßgeblich dazu bei, manuelle Prozesse, Abhängigkeiten von Einzelpersonen und Datenbrüche zu reduzieren, mit der Aufgabe, Finanz- und Datenthemen skalierbar zu machen. Sie werden in eine Vielzahl von Prozessen involviert und haben dabei einen hohen Freiheitsgrad mitzugestalten und die Möglichkeit, in eigene Themen hineinzuwachsen. In Ihrer Position arbeiten Sie direkt mit dem Head of Finance & Data zusammen. Idealerweise haben Sie Erfahrung darin, Finance, Data, Tech un…;48.1476;11.56803
(Junior) Data & AI Analyst (m/w/d) - Business Analysis, Ingenieur;;Reply Deutschland SE;Munich;;2026-08-02;Adzuna;Not provided;;;;Stellen für Hochschulabsolventen; Aufgaben - Du begleitest unsere Kunden bei KI-Transformationsprojekten über den gesamten End-to-End-Lebenszyklus – von der Identifikation von Potenzialen und Use Cases bis zur erfolgreichen Einführung produktiver KI-Lösungen. - Dabei agierst du als Schnittstelle zwischen Business- und IT-Fachabteilung, analysierst und spezifizierst Anforderungen und übersetzt diese in nachhaltige fachliche und technische Konzepte. - Du entwickelst Explorations-, Fach- und Zielbildkonzepte, bewertest KI-Anwendu…;48.137418;11.555737
Projektmanager – Data Analytics / Data Science;;Guldberg;Munich;;2026-06-26;Adzuna;full_time;;;;Stellen aus PR, Werbung & Marketing;Für den Standort München suchen wir: Projektmanager – Data Analytics / Data Science Ihre Aufgaben: Planung, Steuerung und Umsetzung datengetriebener Use Cases und Projekte über den gesamten Lifecycle Projektmanagement im Data-/Analytics-Umfeld (Termine, Budget, Risiken, Ressourcen) Zusammenarbeit mit Data Scientists, Data Analysts, Data Engineers, Product Ownern und Fachbereichen Übersetzung fachlicher Anforderungen in analytische Lösungsansätze Steuerung interner und externer Projektbeteiligte…;48.18449;11.44811
Projektmanager Data analytics / Data science (all gender);;Actana Consulting Services GmbH;Munich;;2026-07-17;Adzuna;Not provided;70000.0;80000.0;75000.0;Beraterstellen;Bist du bereit, als Projektmanager im Bereich Data Analytics und Data Science bei Actana Consulting Services GmbH durchzustarten? Unser Unternehmen ist bekannt für seine innovativen Lösungen und seinen Kunde-zentrierten Ansatz. In deiner Rolle wirst du die Möglichkeit haben, spannende Projekte zu leiten und mit modernsten Technologien zu arbeiten. Dabei unterstützt du unseren Kunden, datengetriebene Entscheidungen zu treffen und ihre Geschäftsprozesse zu optimieren. Wenn du ein Faible für Daten…;48.14093;11.56907
Data Engineering Consultant (w/m/x) - Germany;;Avanade Inc.;Munich;;2026-07-03;Adzuna;Not provided;;;;Unknown;Avanade ist ein führender Anbieter von digitalen und Cloud-Diensten, Business Solutions und designorientierten Anwendungen. Als Joint Venture von Microsoft und Accenture sind wir das größte Beratungsunternehmen für Microsoft-Technologien. Wir unterstützen unsere Kunden in Cloud, Modern Workplace, Business Applications, Data & AI und Security und legen Wert auf unsere PeopleFirst Mentalität. Werde Teil unseres Teams Zwischen Data Analysten über Data Engineers bis hin zu IoT- und AI-Experten gibt…;;
Staff Analytics Engineer (1 Year Fixed-Term Contract);;Usercentrics;Munich;;2026-06-19;Adzuna;Not provided;;;;Technikerstellen;SHAPE THE FUTURE OF PRIVACY WITH USERCENTRICS Hybrid position - 2/3 days in the office 1 year fixed-term contract Usercentrics is a global leader in the field of consent management platforms (CMP). We follow our company vision to build a world where user privacy enables a thriving digital ecosystem. Our mission is to provide privacy solutions that empower organizations to embrace data privacy while building trust with their users through freedom of choice. With our product, businesses can colle…;;
IT-Consultant HR IT (m/w/d);;MCG Memmingen GmbH;Munich;;2026-07-30;Adzuna;full_time;;;;Unknown;IT-Consultant HR IT (m/w/d) in München für unseren Kunden, einem der führenden europäischen Nutzfahrzeughersteller und Anbieter von Transportlösungen, dessen Produktportfolio Transporter, Lkw, Busse, Diesel- und Gasmotoren sowie Dienstleistungen rund um Personenbeförderung und Gütertransport umfasst, gesucht! Dein Aufgabengebiet Einsatzbereich: Data Analytics & AI / Engineering / Digitale Produkt- und Use-Case-Umsetzung Schnittstelle zwischen Business, IT und Data Science. Planung, Steuerung un…;48.13344;11.58399
IT-Consultant HR IT (m/w/d) in München;;MCG Memmingen;Munich;;2026-07-30;Adzuna;full_time;;;;IT-Stellen;IT-Consultant HR IT (m/w/d) in München für unseren Kunden, einem der führenden europäischen Nutzfahrzeughersteller und Anbieter von Transportlösungen, dessen Produktportfolio Transporter, Lkw, Busse, Diesel- und Gasmotoren sowie Dienstleistungen rund um Personenbeförderung und Gütertransport umfasst, gesucht! Dein Aufgabengebiet Einsatzbereich: Data Analytics & AI / Engineering / Digitale Produkt- und Use-Case-Umsetzung Schnittstelle zwischen Business, IT und Data Science. Planung, Steuerung un…;48.13344;11.58399
Cloud Engineer (m/w/d) || Data & AI - System Engineering / Admin, Ingenieur;;Reply Deutschland SE;Munich;;2026-08-02;Adzuna;Not provided;;;;Stellen für Hochschulabsolventen; Aufgaben - Als Cloud Engineer entwickelst du für unsere Kunden innovative Cloud-Lösungsarchitekturen auf Basis von Microsoft Azure, von kompletten Greenfield-Ansätzen bis hin zu komplexen Migrationsszenarien - Dabei berücksichtigst du die Sicherheitsanforderungen, rechtliche Aspekte, Multi-Tenancy und Access-Patterns - Im direkten Austausch mit unseren Kunden und anderen Stakeholdern setzt du konkrete und komplexe Geschäftsanforderungen in produktionsfertige Infrastrukturen um - In enger Zusam…;48.137418;11.555737
(Junior) SEO Consultant (m/w/d);;Slash.digital GmbH;Munich;;2026-07-08;Adzuna;full_time;;;;Unknown;Was dich erwartet: Durchführung von SEO-Basics (on- und off-page): Keyword-Recherchen, Meta Analysen, Linkstrukturen prüfen, Erstellung von KI-Inhalten etc. Umsetzung von AI-SEO/GEO: Audits, Prompt-Tests und Content-Gap-Analysen. Aufbau und Pflege von Datenpipelines für SEO- und Marketing-Daten. Entwicklung von Dashboards & Reports, um Insights verständlich darzustellen. Erstellung von beispielsweise Attributions - und Vorhersagemodellen (z. B. Forecasts, Churn Prediction ). Mitarbeit an der En…;48.13258;11.59129
Data Engineer - Automotive (M/W/D) - VISPIRON SYSTEMS;;VISPIRON GmbH;Munich;;2026-07-23;Adzuna;Not provided;;;;IT-Stellen;Wir bringen die Mobilität der Zukunft schneller auf die Straße Mit unserer einzigartigen Kombination aus tiefem Systemverständnis, modernster Testinfrastruktur und intelligenten Automatisierungslösungen verkürzen wir Entwicklungszyklen radikal, reduzieren Risiken und schaffen Freiraum für Innovation. So ermöglichen wir unseren Kunden aus Automotive und Energie, neue Technologien in Rekordzeit und höchster Qualität zur Serienreife zu bringen. Wir: sind lösungsorientiert und finden immer einen We…;48.18446;11.57287
IT Architekt und Consultant für Datenmanagement (w|m|d) - Projektmanagement, Business Analysis, Datenbankentwicklung/BI, Ingenieur;;zeb;Munich;;2026-07-30;Adzuna;Not provided;;;;Stellen für Hochschulabsolventen; Deine Benefits Versicherung & Altersvorsorge Sicher unterwegs mit zeb – über eine Gruppenunfallversicherung bist du auch privat in Deutschland versichert. Für Auslandsdienstreisen besteht eine zusätzliche Auslandsversicherung, und für deine Altersvorsorge kannst du über zeb eine betriebliche Altersvorsorge abschließen. Mobiles Arbeiten Durch unsere technische Ausstattung ist mobiles Arbeiten von überall möglich – unabhängig davon, ob du gerade im Zug, zu Hause oder im Office bist. zeb.life Dei…;48.137418;11.555737
Upskilling als Controller (m/w/d): Daten Management mit KI, Azure & Power BI – für den schnellen Wiedereinstieg;;Smart Future Campus GmbH;Munich;;2026-07-20;Adzuna;full_time;;;;Unknown;Smart Future Campus GmbH Der Smart Future Campus ist ein wichtiger Anbieter von Weiterbildung und Qualifizierung im Bereich der IT, Industrie 4.0, KI, Unity und digitaler Transformation. Unser Fokus liegt vor allem auf innovativen Technologien wie Automatisierungstechnik, Robotik, ML aber auch Softwareentwicklung und Systemadministration. Mit praxisnahen Kursen, anerkannten Zertifikate unterstützen wir die berufliche Zukunft unserer Teilnehmer. Das lernst Du bei uns Diese 7-monatige Weiterbildu…;48.137418;11.555737
Specialist Performance Marketing & SEA (m/w/d);;kemb GmbH;Munich;;2026-08-01;Adzuna;part_time;;;;Unknown;Die Position Als Specialist Performance Marketing & SEA (m/w/d) arbeitest Du eng mit unserem Marketing- und Analytics-Team zusammen, um für unsere Kunden Paid-Marketing-Projekte zu entwickeln und zu optimieren und um diese darin auszubilden. Unser Fokus liegt dabei den Kunden das nötige Werkzeug an die Hand zu geben die operative Betreuung der Accounts selbst zu übernehmen und ihn als Partner und Coach strategisch zu begleiten. Neben Kundenprojekten gibt es Raum zum Testen, Entwickeln und Überw…;48.14093;11.56907
(Junior) Commercial Operations Manager (m/w/d);;Peter Park System GmbH;Munich;;2026-07-11;Adzuna;full_time;;;;Unknown;Du willst Prozesse nicht nur verwalten, sondern als Hebel für echtes Wachstum nutzen? Du denkst systemisch, durchschaust komplexe Abläufe und willst das operative Rückgrat unserer Commercial-Organisation mitgestalten? Bei Peter Park trifft echter Impact auf flache Hierarchien: Deine Ideen landen direkt beim Team, nicht in einer endlosen Freigabeschleife. Wir bieten dir Start-up-Energie gepaart mit der Stabilität eines finanzstarken, schnell wachsenden Unternehmens. Als (Junior) Commercial Opera…;48.14093;11.56907
Data Scientist and Process Mining Architect;;Processand;Munich;;2026-05-12;Adzuna;full_time;;;;Unknown;Your mission As a Data Scientist and Process Mining Architect you will be responsible for driving projects that focus on bringing transparency and added-value to our customers' digital business processes. You will focus on generating meaningful and innovative solutions to improve the most critical metrics that keep our customers ahead of the competition. This role requires a deep understanding of our customers' needs and an ability to communicate our solutions to key decision makers and senior …;48.13344;11.58399
Sales Operations Manager / Specialist (m/w/d);;Peter Park;Munich;;2026-07-16;Adzuna;full_time;;;;Unknown;Einleitung Du willst Prozesse nicht nur verwalten, sondern als Hebel für echtes Wachstum nutzen? Du denkst systemisch, durchschaust komplexe Abläufe und willst das operative Rückgrat unserer Commercial-Organisation mitgestalten? Bei Peter Park trifft echter Impact auf flache Hierarchien: Deine Ideen landen direkt beim Team, nicht in einer endlosen Freigabeschleife. Wir bieten dir Start-up-Energie gepaart mit der Stabilität eines finanzstarken, schnell wachsenden Unternehmens. Als (Junior) Comme…;48.13258;11.59129
(Junior) Commercial Operations Manager (m/w/d) - Peter Park System;;Peter Park System;Munich;;2026-08-02;Adzuna;full_time;;;;Unknown;Du willst Prozesse nicht nur verwalten, sondern als Hebel für echtes Wachstum nutzen? Du denkst systemisch, durchschaust komplexe Abläufe und willst das operative Rückgrat unserer Commercial-Organisation mitgestalten? Bei Peter Park trifft echter Impact auf flache Hierarchien: Deine Ideen landen direkt beim Team, nicht in einer endlosen Freigabeschleife. Wir bieten dir Start-up-Energie gepaart mit der Stabilität eines finanzstarken, schnell wachsenden Unternehmens. Als (Junior) Commercial Opera…;;
Senior Data Engineer (w/m/d);;Skalar;Munich;;2026-07-16;Adzuna;full_time;;;;Unknown;Build our data foundation from v1 -> v10. Join the early core team of experienced entrepreneurs (scaled to millions of users, $100m exits). Build the future of tax & accounting with AI. Architect our data warehouse, build resilient pipelines, and enable our finance stack. Grow into leadership as we expand across countries. Above-market pay  meaningful equity. The opportunity How taxation, accounting and payroll work today is a pain for everyone. Still every business must do it continuously. It …;48.137418;11.555737
(Junior) Commercial Operations Manager (m/w/d);;Peter Park;Munich;;2026-07-22;Adzuna;full_time;;;;Unknown;Über uns Peter Park hilft seinen Kund:innen dabei, die Gestaltung von Parkräumen einfach und digital abzubilden. Wir ersetzen Schranken, Papiertickets und Parkscheiben durch barrierefreies Parken mit mobilen Bezahlmöglichkeiten. Peter Park revolutioniert die täglichen Parkerfahrungen mit neuen digitalen Technologien und erleichtert dadurch den Alltag von jedem Autofahrer. Darüber hinaus optimieren wir die Nutzung von innerstädtischen Strukturen und räumen auf mit Autos am Straßenrand – für eine…;48.13258;11.59129
Senior Analytics & BI Developer (m/f/d);;Xempus Deutschland GmbH;Munich;;2026-07-14;Adzuna;full_time;;;;Unknown;Who we are Xempus is the leading European group pension, life and health insurance platform. We seamlessly connect insurers, insurance agents, corporates and their systems in an automated and customer-centric manner. Using standardized interfaces and structured data, we operate the central infrastructure for all customer-centric processes and enable agentic AI across pension, life and health insurance. Since 2007, we have been constantly working to drive the digitalization of the insurance indu…;48.1476;11.56803
Data Engineer;;Air Apps;Munich;;2026-04-29;Adzuna;full_time;54000.0;67000.0;60500.0;Unknown;About Air Apps At Air Apps, we believe in thinking bigger—and moving faster. We’re a family-founded company on a mission to create the world’s first AI-powered Personal & Entrepreneurial Resource Planner (PRP), and we need your passion and ambition to help us change how people plan, work, and live. Born in Lisbon, Portugal in 2018—and now with offices in both Lisbon and San Francisco—we’ve remained self-funded while reaching over 100 million downloads worldwide. Our long-term focus drives us to…;;
Analytical Consultant, Digital First;;Google;Munich;;2026-07-17;Adzuna;Not provided;;;;Beraterstellen;"info_outline X Note: By applying to this position you will have an opportunity to share your preferred working location from the following: Munich, Germany; Berlin, Germany; Frankfurt am Main, Germany; Hamburg, Germany . Minimum qualifications: Bachelor's degree or equivalent practical experience. 5 years of experience in media analytics, advertising sales, digital media and marketing, consulting, or financial analysis. Preferred qualifications: Experience in translating data into business reco…";;
(Junior) Commercial Operations Manager (m/w/d);;Instaffo GmbH;Munich;;2026-07-16;Adzuna;full_time;;;;Unknown;Du bist interessiert an der Stelle als (Junior) Commercial Operations Manager (m/w/d) bei Peter Park System GmbH ? Auf der Jobplattform Instaffo kannst du dich für diesen und weitere Jobs ohne großen Aufwand bewerben. Erstelle dein Profil in unter 3 Minuten und starte den Bewerbungsprozess mit nur wenigen Klicks. Bitte beachte, dass für diese Stelle eine Arbeitserlaubnis für Deutschland erforderlich ist. Die Sprachanforderungen für diese Stelle sind: Deutsch - Fließend, Englisch - Fließend Du w…;48.13258;11.59129
Senior Business Analyst (m/w/d) - ALL IN GROUP GmbH (myposter);;ALL IN GROUP GmbH ;Munich;;2026-08-02;Adzuna;full_time;;;;Unknown;HEY DU! Für unser zentrales Daten & KI Team suchen wir ab sofort an unserem Standort im Herzen von München einen Senior Business Analyst (m/w/d) in Voll- oder Teilzeit . Du liebst es, aus komplexen Daten klare Entscheidungen zu machen? Du hast richtig Bock, zwischen Business, Tech und operativem Alltag zu übersetzen und Dinge ins Rollen zu bringen? Du willst nah an den Prozessen arbeiten und mit Deinen Insights spürbar etwas bewegen? Dann bist Du bei uns goldrichtig! Tätigkeiten Du übernimmst d…;;
Data Analyst als Senior Consultant SAP Analytics Cloud & Power BI (m/w/d);;ISR Information Products AG;Hamburg;;2026-01-08;Adzuna;full_time;;;;Unknown;Dein Team Du hast Freude an Innovationen, spannenden Inhalten und kollegialem Teamspirit? Mit unseren Berater:innen wächst du mit deinen Aufgaben und lernst von unseren Expert:innen. Gemeinsam beraten wir unsere deutsch- und englischsprachigen Kunden bei ihren Herausforderungen im Umfeld von Business Intelligence, Planung, Advanced Analytics & Data Science. Wir verbinden höchste Beratungskompetenz mit technischer Expertise. Dabei konzipieren und implementieren wir maßgeschneiderte Lösungen auf …;53.557429;9.987297
Fraud & Asset Risk Strategy Manager (m/w/d);;PEAC  GmbH;Hamburg;;2026-07-25;Adzuna;Not provided;;;;Unknown;PEAC Solutions ist ein international aufgestellter, unabhängiger Anbieter von Investitions‑ und Absatzfinanzierungen. Seit über 50 Jahren unterstützen wir Unternehmen verschiedenster Branchen mit fundierter Marktkenntnis, internationaler Expertise und ausgeprägter Serviceorientierung. Mit 850 Mitarbeitenden an elf Standorten und einer BaFin‑Vollbanklizenz in Deutschland stehen wir für partnerschaftliche, nachhaltige Finanzierungslösungen und sind Teil von HPS Investment Partners. In unserem Ges…;53.557429;9.987297
Data Analyst (all genders);;NECT;Hamburg;;2026-07-17;Adzuna;full_time;;;;Unknown;At Nect, we make digitalization tangible and secure. We develop AI- and biometrics-based trust services, including digital identity and signature solutions. Sounds technical? It is - but, more importantly, it’s exciting. Our technologies help public authorities and businesses prepare for the digital future. We are driven by our desire to demonstrate the simplicity and security of digital solutions while creating new opportunities for all. Are you ready to help shape the digital world of tomorro…;53.54167;9.99333
Senior Data Analyst - Hamburg;;Freenow;Hamburg;;2026-07-26;Adzuna;Not provided;;;;IT-Stellen;Location : Come and join us in Hamburg, Berlin or Barcelona! Freenow by Lyft empowers smarter mobility decisions helping people to move freely and cities to thrive. We are looking for a Senior Data Analyst (m/f/d) to collaborate with our operational squads. In this role you will be able to become an expert in our business and data analysis systems and environment to allow you to champion data-driven decisions as part of the Data Operations team. Be ready to work in a multinational, diverse, hig…;53.557429;9.987297
Freelance Data Analyst (all genders);;Freelance Partner;Hamburg;;2026-08-01;Adzuna;Not provided;;;;Beraterstellen;Informationen zum Projekt Positionsbeschreibung Freelance Data Analyst (all genders) Startdatum ab sofort Projektlaufzeit min. 6 Monate Ort Hamburg, ggf. 100% Remote möglich Auslastung pro Woche Vollzeit Stellenbeschreibung Wir bieten einem erfahrenen Freelance Data Analyst (all genders) ein spannendes Projekt bei einem etablierten Unternehmen aus der Energiewirtschaft. Das Data-Science-Team steht vor einem stetig wachsenden Backlog aus zwei Bereichen (Pflege kundenseitiger Dashboards und wiede…;53.557429;9.987297
Data Analyst (m/w/d);;SThree Germany;Hamburg;;2026-07-07;Adzuna;full_time;115000.0;115000.0;115000.0;Stellen aus Buchhaltung & Finanzwesen;Liebes Netzwerk, für meinen Kunden suche ich aktuell einen erfahrenen Data Analyst / BI Consultant (m/w/d) mit Fokus auf Operations-Steuerung und Reporting. Ziel: Aufbau und Weiterentwicklung eines datengetriebenen Steuerungssystems zur Optimierung operativer Prozesse und zur Unterstützung von Managemententscheidungen. Rahmenbedingungen: Start: ASAP Laufzeit: bis Ende 2026  (Option auf Verlängerung) Umfang: Vollzeit (40h/Woche) Einsatzort: Hamburg (hybrid, 50/50) Vertragsart: Arbeitnehmerüberla…;53.557429;9.987297
Data Analyst (w/m/d);;iVentureGroup GmbH;Hamburg;;2026-04-10;Adzuna;Not provided;;;;Unknown;Einleitung Die iVentureGroup GmbH ist ein etabliertes und international tätiges Tech-Unternehmen, das sich den Start-Up-Spirit bewahrt hat. Wir sind unter anderem spezialisiert auf die Entwicklung und Vermarktung von Community Plattformen im Online-Dating-Bereich. Wir haben stets den Erfolg unserer Anwendungen im Blick - deshalb arbeiten und agieren wir produktorientiert und durchweg datengetrieben. Um unserer stetig wachsende Datenmenge Herr zu werden, sucht unser Data Team nun Zuwachs. Das ma…;53.557429;9.987297
Senior Business & Data Analyst (m/w/d);;Seier Holding GmbH & Co. KG;Hamburg;;2026-07-03;Adzuna;full_time;;;;Unknown;Als Holding der Seier Gruppe gehören wir zu einem starken Verbund eines großen Familienunternehmens und sind der zentrale Dienstleister in allen administrativen und strategischen Belangen der Unternehmensgruppe. Die Tochterunternehmen der Seier Holding GmbH & Co. KG agieren in den Branchen Tiefbau, IT, Entsorgung, Vermessungswesen und digitale Logistik. Als Gruppe zeichnen wir uns gegenüber unseren Auftraggebern durch Innovationskraft, Leistungsbereitschaft und Umsetzungswillen aus. Wir leben e…;53.54883;9.9477
Senior Data Analyst - Product (f/m/x);;exmox;Hamburg;;2026-05-12;Adzuna;full_time;;;;Unknown;Your Mission This is a company built for growth, not comfort. When you join exmox, you’re stepping onto a global, highly competitive playing field - solving real problems in environments that push you beyond your comfort zone. We build high-performing consumer products across multiple brands in one of the most competitive industries there is: mobile gaming. You will be part of a company that is on a path of hyper-growth, spearheading one of the largest innovations in the mobile gaming industry …;53.5504;9.99417
Senior Data Analyst - Strategy & Insights (f/m/x);;exmox GmbH;Hamburg;;2026-07-16;Adzuna;full_time;;;;Unknown;Your Mission This is a company built for growth, not comfort. When you join exmox, you’re stepping onto a global, highly competitive playing field - solving real problems in environments that push you beyond your comfort zone. We build high-performing consumer products across multiple brands in one of the most competitive industries there is: mobile gaming. You will be part of a company that is on a path of hyper-growth, spearheading one of the largest innovations in the mobile gaming industry …;53.557429;9.987297
Senior Data Analyst - Strategy & Insights (f/m/x);;exmox;Hamburg;;2026-06-18;Adzuna;full_time;;;;Unknown;Your Mission This is a company built for growth, not comfort. When you join exmox, you’re stepping onto a global, highly competitive playing field - solving real problems in environments that push you beyond your comfort zone. We build high-performing consumer products across multiple brands in one of the most competitive industries there is: mobile gaming. You will be part of a company that is on a path of hyper-growth, spearheading one of the largest innovations in the mobile gaming industry …;53.5504;9.99417
Data Analyst – Reporting & Power BI (m/w/d);;MMC;Hamburg;;2025-07-31;Adzuna;full_time;;;;Unknown;Hier gestalten Sie die Leistungsfähigkeit einer europaweiten Flotte Für meinen Mandanten — ein international führendes, seit vielen Jahrzehnten etabliertes Unternehmen im Bereich Mobilitäts-, Service- und Flottenlösungen — suche ich ab sofort eine analytisch starke Persönlichkeit, die operative Performance messbar verbessert und datenbasierte Entscheidungen ermöglicht. Mit mehreren Tausend Mitarbeitenden, einem eng vernetzten europäischen Servicenetz und zahlreichen namhaften Großkunden zählt d…;53.49015;10.15951
Working Student Energy Data Analyst (m/w/d);;1Komma5°;Hamburg;;2026-05-29;Adzuna;part_time;;;;Stellen aus Logistik & Lagerhaltung;1KOMMA5° At 1KOMMA5° , we pursue a clear vision: Living on wind and sunlight forever for free . To make this a reality, we are building the energy system of the future with Heartbeat AI. Want to be part of it?We bring together regional craftsmanship and scalable software: We don't think of solar, batteries, heat pumps, and e-mobility as isolated components, but control them as an intelligent, integrated overall system in our virtual power plant. Directly connected to the electricity market – in…;53.55197;9.98553
Data Analyst Controlling (m/w/d) mit Schwerpunkt Reporting und Automatisierung;;DOMICIL Senioren-Residenzen Hamburg SE;Hamburg;;2026-07-22;Adzuna;full_time;;;;Unknown;„Mitten im Leben“ sorgt die DOMICIL Unternehmensgruppe an 50 Standorten mit über 6.500 engagierten Kolleginnen und Kollegen für das Wohl unserer Bewohnerinnen und Bewohner. Die Stelle verbindet betriebswirtschaftliches Controlling mit moderner Datenanalyse. Im Mittelpunkt stehen die strukturierte Analyse, Aufbereitung und Visualisierung steuerungsrelevanter Daten sowie die Weiterentwicklung und Automatisierung des Berichtswesens. Es handelt sich ausdrücklich nicht um eine klassische IT-Position…;53.54167;9.99333
Data Analyst (m/w/d) - The Data School Deutschland, Hamburg;;The Information Lab Deutschland GmbH;Hamburg;;2026-07-17;Adzuna;Not provided;39000.0;44000.0;41500.0;Unknown;Das Data Analyst-Programm der Data School von The Information Lab umfasst ein viermonatiges Vollzeit-Trainingsprogramm und vier sechsmonatige Placements bei unseren Kunden – mit einer vertraglichen Laufzeit von 29 Monaten. Wir bilden die nächste Generation von Data Analysten und Analystinnen aus – unter Einsatz führender Analyse-Software wie Tableau und Alteryx. Sei ein Teil dieser internationalen Gruppe von Menschen, die in der Datenanalyse Ihre berufliche Zukunft sehen. Weitere Informationen …;53.5504;9.99417
(Junior) Data Analyst Campaigning (w/m/d) - Business Analysis, Datenbankentwicklung/BI, Ingenieur;;freenet;Hamburg;;2026-07-30;Adzuna;Not provided;;;;Stellen für Hochschulabsolventen; Das erwartet dich Der Bereich Data & AI entwickelt auf einer skalierenden AWS-Infrastruktur datengetriebene Services mit signifikantem Business Impact. Dafür arbeiten Platform Engineers, Data Engineers, Data Analysts und Data Scientists an leading-edge Technologien, um Fachbereichen ML- und AI-getriebene Lösungen zur Verfügung zu stellen. In dem Kontext der Stelle wird in diesem Umfeld der Bereich des Kampagnenmanagements optimiert.  Deine Aufgaben - In unserer Abteilung Data Analytics & Campa…;53.557429;9.987297
Data Analyst Consultant (m/w/d) - Quereinsteiger willkommen! DSDE 14 - 01. März 2027;;The Information Lab;Hamburg;;2026-06-17;Adzuna;Not provided;;;;Lehrberufe;Application Deadline: 24th November 2026 Du möchtest etwas bewegen und hast Lust darauf, Teil eines Teams zu sein, das anderen Menschen hilft, Daten zu verstehen und aus ihnen Nutzen zu ziehen? Dann bist du bei The Information Lab genau richtig! Unsere Mission ist einfach: Wir möchten Menschen dabei unterstützen, Daten zu verstehen. Wir sind der Meinung, dass Unternehmen, die Daten sinnvoll einsetzen, bessere Zukunftsaussichten haben als andere und haben bereits Kunden wie PwC, Rheinenergie, Jo…;53.557429;9.987297
Werkstudent Data Engineer / Analyst (m/w/d);;Sopra-Steria;Hamburg;;2026-07-14;Adzuna;Not provided;;;;Stellen für Hochschulabsolventen;Unternehmensbeschreibung Wir sind als eine der führenden europäischen Management- und Technologieberatungen ein echter Tech-Player. Wir sehen uns als Vordenker*innen, handeln und denken strategisch, entwickeln mit unseren Kunden maßgeschneiderte Lösungen, sowie präzise Prozesse und implementieren innovative Technologien. Weltweit sind wir über 50.000 tech-affine und kluge Köpfe – gemeinsam gestalten wir die Zukunft unserer Kunden und die der Gesellschaft. Bist du bereit, das digitale Europa mit…;53.5504;9.99417
(Senior) Data / BI Analyst - Operations (m/w/d);;1Komma5° GmbH;Hamburg;;2026-07-14;Adzuna;full_time;;;;Unknown;1KOMMA5° Bei 1KOMMA5° verfolgen wir eine Vision: Living on wind and sunlight forever for free . Dafür bauen wir mit Heartbeat AI das Energiesystem der Zukunft. Bist du dabei? Wir bringen regionales Handwerk und skalierbare Software zusammen: Solar, Speicher, Wärmepumpe und E-Mobilität denken wir nicht einzeln, sondern steuern sie als intelligentes, integriertes Gesamtsystem in unserem virtuellen Kraftwerk. Direkt verbunden mit dem Strommarkt – in Echtzeit, vollautomatisiert. So wird Energie dan…;53.55197;9.98553
IT Admin;;Mersztein2;Hamburg;;2024-07-30;Adzuna;part_time;;;;Unknown;DATA ANALYST FÜR GEOINFORMATIONSSYSTEME (GIS) (M/W/D) Für unseren Kunden im Energiesektor suchen wir einen Data Analyst für Geoinformationssysteme (GIS) (m/w/d) Aufgaben Anwendungsentwicklung für geographisch basiertes Betriebsinformationssystem (BIS) Schnittstellenkonfiguration GIS - BI Tool Erstellung eines digitalen Zwillings Datenanalyse und Datenaufbereitung Verschneiden von eigenen und Fremddaten Qualifikationen Gute Kenntnisse im Umgang mit GIS- und BIS-Systemen Erfahrung mit Power BI Er…;53.557429;9.987297
Analyst Data & Research bei Airbus (m/w/d);;ARTS;Hamburg;;2026-07-28;Adzuna;Not provided;;;;Unknown;Analyst Data & Research bei Airbus (m/w/d) Hamburg Finkenwerder , Deutschland Marktanalyse trifft auf Zukunftsvision – Sie übersetzen Daten in strategische Vorteile. Bei der Airbus Operations GmbH in Hamburg-Finkenwerder werden Sie als Analyst Data & Research arbeiten, der die Markt- und Kundenanalyse für die Kabinenentwicklung steuert. Sie identifizieren Trends, quantifizieren zukünftige Bedürfnisse und tragen direkt zur Produktstrategie und zum kommerziellen Erfolg mit überzeugenden Analysen …;53.53406;9.86364
Data Engineer (m/w/d);;Michael Page;Hamburg;;2026-07-21;Adzuna;full_time;;;;Unknown;Intro Moderne Datenplattformen mit neuesten Azure-Technologien Hoher Gestaltungsspielraum und kurze Entscheidungswege Firmenprofil Für ein innovatives Hamburger Unternehmen mit starkem Fokus auf datengetriebene Geschäftsprozesse suche ich einen Data Engineer, der moderne Datenplattformen entwickelt und nachhaltig ausbaut. Das Unternehmen investiert kontinuierlich in neue Technologien und bietet viel Gestaltungsspielraum. Aufgabengebiet Entwicklung und Weiterentwicklung moderner Data Pipelines f…;53.557429;9.987297
Data Engineer Campaign & Analytics (w/m/d) - Business Analysis, Datenbankentwicklung/BI, Ingenieur;;freenet;Hamburg;;2026-07-31;Adzuna;Not provided;;;;Stellen für Hochschulabsolventen; Das erwartet dich Der Bereich Data & AI entwickelt auf einer skalierenden AWS-Infrastruktur datengetriebene Services mit signifikantem Business Impact. Dafür arbeiten Platform Engineers, Data Engineers, Data Analysts und Data Scientists gemeinsam an modernen Technologien, um unseren Fachabteilungen maßgeschneiderte, datengetriebene Services zur Verfügung zu stellen. In unserer Abteilung Data Analytics & Campaigning in Hamburg optimierst Du mit den Kolleg:innen im Team technisch und inhaltlich …;53.557429;9.987297
Werkstudentin/Werkstudent (m/w/d) Microsoft Data Analytics & AI (DA&AI);;Prodware Group;Hamburg;;2026-08-03;Adzuna;part_time;;;;Unknown;Let‘s build your future together ! Prodware Deutschland bietet innovative und zukunftsweisende Best-in-Class-Lösungen auf der Basis von Microsoft-Technologien . Wir gehören zu den größten europäischen Microsoft Partnern und verfügen über mehr als 30 Jahre Erfahrung in der Implementierung von Microsoft Dynamics Software im Bereich ERP, CRM sowie Data Analytics & AI Lösungen. Gestalte mit uns die Welt von Morgen als Werkstudentin / Werkstudent (m/w/d) Microsoft Data Analytics & AI (DA&AI) Wir suc…;53.54167;9.99333
Senior Data Engineer - Data Analytics Plattform (a*);;Hamburger Energienetze GmbH;Hamburg;;2026-07-16;Adzuna;full_time;;;;Unknown;Was uns auszeichnet Die Hamburger Energienetze bieten dir eine spannende Karriere in der zukunftssicheren Energiebranche! Mit über 2.300 engagierten Mitarbeitenden meistern wir täglich die Herausforderungen der Energieversorgung für Hamburgs Bürgerinnen und Bürger. Durch unsere Fusion aus Stromnetz Hamburg und Gasnetz Hamburg eröffnen sich dir zahlreiche neue Chancen. Werde Teil unseres Teams, gestalte die Zukunft aktiv mit und profitiere von attraktiven Benefits! Was du bewegst Zu deinen Haupt…;53.60866;10.07263
Professional Data Engineer;;vhh.mobility;Hamburg;;2026-05-20;Adzuna;full_time;;;;Unknown;Willkommen im Team Komm in unser Team als Professional Data Engineer mit Schwerpunkt Infrastruktur Wir sind das zweitgrößte Unternehmen im Öffentlichen Nahverkehr der Metropolregion Hamburg und zählen zu den systemrelevanten Branchen. Unsere rund 3.000 Kolleg*innen bringen Menschen zu wichtigen Terminen, zur Arbeit und wieder nach Hause. Wir setzen uns mit unserem Angebot für Nachhaltigkeit ein und bringen die Verkehrswende voran. Gemeinsam gestalten wir die Mobilität der Zukunft. Wenn du Freud…;53.43168;10.27487
Analytics Engineer (all genders);;Eraneos;Hamburg;;2026-07-31;Adzuna;full_time;;;;Unknown;Das findest Du bei uns Wir sind ein technisches, umsetzungsorientiertes Spin-Off einer global agierenden Managementberatung. Zu unseren Kunden gehören primär DAX und Fortune Global 500 Unternehmen, die wir zu Fragen in den Bereichen Analytics, Big Data und Machine Learning beraten. Wir übernehmen in der Gruppe die Entwicklung von individuellen und datengetriebenen Lösungen, um so unsere Kunden in KI-gestützte Unternehmen zu transformieren. Wir bieten ein internationales Arbeitsumfeld mit agilen…;53.5504;9.99417
Analytics Engineer (all genders);;Eraneos Germany GmbH;Hamburg;;2026-07-31;Adzuna;Not provided;;;;Unknown;Das findest Du bei uns Wir sind ein technisches, umsetzungsorientiertes Spin-Off einer global agierenden Managementberatung. Zu unseren Kunden gehören primär DAX und Fortune Global 500 Unternehmen, die wir zu Fragen in den Bereichen Analytics, Big Data und Machine Learning beraten. Wir übernehmen in der Gruppe die Entwicklung von individuellen und datengetriebenen Lösungen, um so unsere Kunden in KI-gestützte Unternehmen zu transformieren. Wir bieten ein internationales Arbeitsumfeld mit agilen…;53.557429;9.987297
IT Architekt und Consultant für Datenmanagement (w|m|d) - Projektmanagement, Business Analysis, Datenbankentwicklung/BI, Ingenieur;;zeb;Hamburg;;2026-07-30;Adzuna;Not provided;;;;Stellen für Hochschulabsolventen; Deine Benefits Versicherung & Altersvorsorge Sicher unterwegs mit zeb – über eine Gruppenunfallversicherung bist du auch privat in Deutschland versichert. Für Auslandsdienstreisen besteht eine zusätzliche Auslandsversicherung, und für deine Altersvorsorge kannst du über zeb eine betriebliche Altersvorsorge abschließen. Mobiles Arbeiten Durch unsere technische Ausstattung ist mobiles Arbeiten von überall möglich – unabhängig davon, ob du gerade im Zug, zu Hause oder im Office bist. zeb.life Dei…;53.557429;9.987297
Data Engineer (all genders);;NECT;Hamburg;;2026-07-17;Adzuna;full_time;;;;Unknown;At Nect, we make digitalization tangible and secure. We develop AI- and biometrics-based trust services, including digital identity and signature solutions. Sounds technical? It is - but, more importantly, it’s exciting. Our technologies help public authorities and businesses prepare for the digital future. We are driven by our desire to demonstrate the simplicity and security of digital solutions while creating new opportunities for all. Are you ready to help shape the digital world of tomorro…;53.54167;9.99333
Head of Product E-Commerce / Product Lead (w/m/d);;Calumet Photo Video;Hamburg;;2026-06-13;Adzuna;full_time;;;;Stellen aus Logistik & Lagerhaltung;Deine Aufgaben Verantwortung für die fachliche Weiterentwicklung unseres umsatzstarken E-Commerce-Businesses und aktive Mitgestaltung der zukünftigen Ausrichtung Fachliche Verantwortung für unseren Online-Shop calumet.de (Shopware 6), die Middleware (n8n) sowie angebundene Systeme wie Algolia, Storyblok und Google Analytics Erstellung einer Produktroadmap sowie Ableitung, Konzeption, Umsetzung, Testing und Validierung neuer Features für unseren Online-Shop Testen und Erfolgsmessung neuer Funkti…;53.557429;9.987297
Stellenangebot Werkstudent*in (gn) Data Analytics;;LichtBlick SE Intranet;Hamburg;;2026-06-06;Adzuna;part_time;;;;Stellen aus PR, Werbung & Marketing;Über Uns: Seit 1998 macht LichtBlick sich für erneuerbare Energien stark. Heute sind wir mit über 1,7 Millionen LichtBlickenden Deutschlands größter reiner Ökostromanbieter. Gemeinsam sparen wir eine Mio. Tonnen CO₂ im Jahr ein. Aber wir wollen noch viel mehr: eine zukunftsweisende, faire Zukunft für alle. Die gestalten wir mit den unterschiedlichsten Talenten in einem inklusiven Arbeitsumfeld. Als Unterzeichnerin der Charta der Vielfalt arbeiten wir aktiv an unserer Haltung, unseren Strukturen…;53.54512;10.03038
Bachelor thesis in the field of SAP ERP & Data Analytics (d/f/m);;Airbus Operations GmbH;Hamburg;;2026-07-23;Adzuna;Not provided;;;;Unknown;Job Description: In order to support our team, Airbus Operations is looking for Bachelor thesis in the field of SAP ERP & Data Analytics (d/f/m) You are looking for a bachelor thesis and want to get to know the work of a Data Analyst / Business IT Specialist? Then apply now! We look forward to you supporting us in our SAP ERP & Data Analytic functions at the customer line department as a Bachelor student. (d/f/m)! Location: Hamburg Start: 01. 11.2026 Duration: According to study regulations (3-…;53.557429;9.987297
Bachelor thesis in the field of SAP ERP & Data Analytics (d/f/m);;Airbus;Hamburg;;2026-07-23;Adzuna;full_time;;;;Stellen aus PR, Werbung & Marketing;Job Description: In order to support our team, Airbus Operations is looking for Bachelor thesis in the field of SAP ERP & Data Analytics (d/f/m) You are looking for a bachelor thesis and want to get to know the work of a Data Analyst / Business IT Specialist? Then apply now! We look forward to you supporting us in our SAP ERP & Data Analytic functions at the customer line department as a Bachelor student. (d/f/m)! Location: Hamburg Start: 01. 11.2026 Duration: According to study regulations (3–…;53.53406;9.86364
Senior Data Engineer (m/w/d);;accantec group;Hamburg;;2026-07-24;Adzuna;full_time;;;;Unknown;Be smart - JOIN US! Gestalte als Senior Data Engineer (w/m/d) mit uns die technologische Zukunft von ! Als treibende Kraft hinter modernen Datenplattformen auf Basis des Lakehouse-Ansatzes entwickelst Du robuste, skalierbare Datenpipelines, modellierst komplexe Datenstrukturen und lieferst performante, saubere Datenlösungen, die unsere Kunden echten Mehrwert bringen. Werde Teil unseres Expertenteams unbefristet und in Vollzeit an unseren Standorten Berlin, Köln, Hamburg oder remote. Deine Aufga…;53.557429;9.987297
Senior Quant Trading Analyst (f/m/x);;suena GmbH;Hamburg;;2026-07-24;Adzuna;Not provided;;;;Stellen aus Buchhaltung & Finanzwesen;suena energy is a green tech startup specializing in algorithmic energy trading for energy storage systems and renewables. Our vision: a world where clean energy is used reliably, economically, and intelligently—and where we actively accelerate the energy transition by enabling batteries and renewables to power our grids. With our AI-based optimization and trading software, we maximize the value and market participation of large-scale energy storage and renewable assets in short-term electricit…;53.557429;9.987297
Snowflake Data Engineer (all genders);;adesso SE;Hamburg;;2026-07-16;Adzuna;full_time;;;;Unknown;adesso steht für IT-Exzellenz und damit auch für exzellente Entwicklungsmöglichkeiten für alle adessi. Wir wachsen gemeinsam und lernen voneinander – an unseren Projekten, im Team und mit herausragenden Trainingsangeboten. Wir haben IT im Herzen, die Branche im Blick und den Erfolg unserer Kunden im Sinn. Denn erfolgreiches Geschäft entsteht durch innovative Ideen, zukunftsfähige Strategien und kluge IT-Lösungen. Immer sind dabei Menschen beteiligt, die etwas bewegen wollen und das einfach mach…;53.557429;9.987297
Analytical Consultant, Digital First;;Google;Hamburg;;2026-07-16;Adzuna;Not provided;;;;Unknown;"Analytical Consultant, Digital First _corporate_fare_ Google _place_ Munich, Germany; Berlin, Germany; 3 more; 2 more Mid Experience driving progress, solving problems, and mentoring more junior team members; deeper expertise and applied knowledge within relevant area. _info_outline_ XNote: By applying to this position you will have an opportunity to share your preferred working location from the following: Munich, Germany; Berlin, Germany; Frankfurt am Main, Germany; Hamburg, Germany . Minimum…";53.557429;9.987297
Data Engineer Wind Energy (m/f/d);;Nordex;Hamburg;;2026-05-21;Adzuna;Not provided;;;;Technikerstellen;Data Engineer Wind Energy (m/f/d) Requisition ID: 12323 Location: Hamburg, DE, 22419 Department: Engineering As a Data Engineer (m/f/d) in our team, you design, develop, and operate data-driven solutions supporting the monitoring and optimization of wind farm operations. You work within the Enterprise IIoT and ICS Security / Wind Farm Data Management environment, contributing to cloud-based platforms handling large-scale operational data. The role supports reliable, secure, and scalable data pr…;53.66703;10.00329
Business Analyst (Automation & Reporting) (m/w/d);;Donner & Reuschel AG;Hamburg;;2026-07-19;Adzuna;full_time;;;;Unknown;Als Traditionshaus mit Sitz in Hamburg und München spezialisieren wir uns auf Bankdienstleistungen für private Kunden, Unternehmer und ihre inhabergeführten mittelständischen Unternehmen und institutionelle Anleger. DONNER & REUSCHEL setzt auf qualifizierte und umfassende Beratung. Der Unternehmergeist und die klaren Wertvorstellungen der Gründerfamilien Donner und Reuschel prägen das Handeln der Mitarbeiter bis heute. Mit der SIGNAL IDUNA Gruppe steht ein starker Eigentümer hinter der Bank. Ge…;53.557429;9.987297
Senior Manager - MDM Technology & Governance (m/f/d);;EVIDENT Europe GmbH;Hamburg;;2026-07-16;Adzuna;full_time;;;;Unknown;Evident Scientific is creating a new position within the Enterprise Technology and Innovation Team to architect, accelerate, and enforce enterprise-wide master data management (MDM), including data architecture, data quality management, and seamless cross-system data sharing. As Evident establishes a new data governance structure, this role requires a high-caliber leader to serve as the core driver and member of Evident’s Data Governance Council. You will partner with business leaders across co…;53.55197;9.98553
Team Lead Marketing Analytics (f/m/d);;Zeal Network;Hamburg;;2026-05-24;Adzuna;full_time;;;;Stellen aus PR, Werbung & Marketing;ZEAL Network SE is a dynamic, international group of companies that has been creating exciting and innovative lottery experiences for over 20 years. As Germany’s largest provider of online lotteries through our brands LOTTO24 and Tipp24, and a trusted partner of Spain’s ONCE, the second-largest national lottery, we’re shaping the future of the lottery industry. We are passionate about driving innovation, as demonstrated by our newest brands, Freiheit and Traumhausverlosung, which bring fresh an…;53.557429;9.987297
Senior Head of Product;;slp Holding;Hamburg;;2024-11-08;Adzuna;full_time;;;;Unknown;Who is FNA? FNA is a fast-growing, deep technology analytics company and leader in Supervisory Technology (SupTech) and Regulatory Technology (RegTech). The FNA Platform allows analysts and data scientists to map and monitor complex financial networks and to simulate operational and financial risks. FNA’s clients include the world’s largest central banks, financial market infrastructures, leading financial institutions and government agencies. Why is this role important? Stamp your name to prod…;53.54883;9.9477
Data Analysts (m/w/d) im Bereich Finanzaufsicht;;Deutsche Bundesbank;Frankfurt;;2026-08-01;Adzuna;Not provided;;;;Unknown;Die Deutsche Bundesbank ist eine besondere Bank: Ein integraler Bestandteil des Europäischen Systems der Zentralbanken mit bedeutender Funktion in der Finanzstabilität, Bankenaufsicht, Geldpolitik und im Zahlungsverkehr in Deutschland. Allem voran jedoch sind wir ein starkes Team aus zuverlässigen und verantwortungsbewussten Menschen, die mit ihrer täglichen Arbeit die Voraussetzungen für einen stabilen Euro und eine funktionierende Wirtschaft schaffen. Finden auch Sie bei uns Ihre verantwortun…;50.12511;8.64682
Zwei Data Analysts (m/w/d) im Bereich Finanzaufsicht;;Deutsche Bundesbank;Frankfurt;;2026-07-21;Adzuna;Not provided;;;;Unknown;Die Deutsche Bundesbank ist eine besondere Bank: Ein integraler Bestandteil des Europäischen Systems der Zentralbanken mit bedeutender Funktion in der Finanzstabilität, Bankenaufsicht, Geldpolitik und im Zahlungsverkehr in Deutschland. Allem voran jedoch sind wir ein starkes Team aus zuverlässigen und verantwortungsbewussten Menschen, die mit ihrer täglichen Arbeit die Voraussetzungen für einen stabilen Euro und eine funktionierende Wirtschaft schaffen. Finden auch Sie bei uns Ihre verantwortun…;50.129683;8.650578
Data Analyst als Senior Consultant SAP Analytics Cloud & Power BI (m/w/d);;ISR Information Products AG;Frankfurt;;2026-01-08;Adzuna;full_time;;;;Unknown;Dein Team Du hast Freude an Innovationen, spannenden Inhalten und kollegialem Teamspirit? Mit unseren Berater:innen wächst du mit deinen Aufgaben und lernst von unseren Expert:innen. Gemeinsam beraten wir unsere deutsch- und englischsprachigen Kunden bei ihren Herausforderungen im Umfeld von Business Intelligence, Planung, Advanced Analytics & Data Science. Wir verbinden höchste Beratungskompetenz mit technischer Expertise. Dabei konzipieren und implementieren wir maßgeschneiderte Lösungen auf …;50.129683;8.650578
HR Data Analyst*in (befristet);;Union Investment;Frankfurt;;2026-07-21;Adzuna;Not provided;;;;Unknown;HR Data Analyst*in Wir suchen dich als HR Data Analyst*in befristet bis 30.10.2027. HR-Daten sind Deine Leidenschaft - Innerhalb des Personalbereichs analysierst Du steuerungsrelevante HR-Daten und leistest dadurch Deinen strategischen Beitrag. Dein offenes Mindset für neue Technologien, Digitalisierung und KI gepaart mit dem Interesse an weiteren HR-Controlling Themen lässt Dich perfekt zu uns als Team passen. Bei uns erwarten Dich unter anderem folgende Aufgaben: Unterstützung in laufenden un…;50.129683;8.650578
(Senior) Data Analyst - Finance;;Emma;Frankfurt;;2026-06-06;Adzuna;full_time;;;;Stellen aus Buchhaltung & Finanzwesen;Ready to lead, disrupt and reinvent the sleep industry? We are Emma – The Sleep Company . Founded in 2015, we have grown into the world’s largest direct-to-consumer (D2C) sleep brand, with a presence in over 20 markets and more than 35 Emma stores across Europe. Our mission is simple: to develop sleep comfort products that empower our customers to awaken their best every day. Today, our products are trusted by millions and recommended by leading consumer associations worldwide. It’s our people …;;
Senior Data Analyst (m/w/d);;SThree Germany;Frankfurt;;2026-08-01;Adzuna;full_time;60000.0;90000.0;75000.0;IT-Stellen;Senior Data Analyst (m/w/d) Über das Unternehmen Für meinen Mandanten, ein international tätiges Unternehmen im Bereich Retail-Services, suche ich im Rahmen einer Festanstellung einen erfahrenen Senior Data Analyst (m/w/d) für den Standort im Raum Frankfurt. Die Rolle bietet die Möglichkeit, datengetriebene Entscheidungen aktiv mitzugestalten und eng mit den Vertriebs- und Business-Teams zusammenzuarbeiten. Der Fokus liegt auf Sales Analytics, KPI-Reporting und der Entwicklung aussagekräftiger …;50.13398;8.62577
Werkstudent Data Analyst (m/w/d);;ZweiDigital GmbH;Frankfurt;;2026-07-16;Adzuna;Not provided;;;;Unknown;Wir sind ZweiDigital: Eine der größten Social Ads Agenturen im DACH Raum mit Sitz in Frankfurt am Main. Seit 2018 ist es unsere Mission, die Sichtbarkeit von Marken und Unternehmen durch Performance-Kampagnen auf Facebook, Instagram, LinkedIn, Pinterest sowie TikTok zu stärken und auf diese Weise messbar zu ihrem Unternehmenserfolg beizutragen. Unsere Start-up-Kultur, unser breit gefächertes Kundenportfolio und unser agiles Auftreten sorgen dafür, dass kein Tag dem anderen gleicht. Du möchtest …;50.10161;8.62864
Senior Retail Data Analyst (m/w/d);;SThree Germany;Frankfurt;;2026-07-29;Adzuna;full_time;60000.0;85000.0;72500.0;IT-Stellen;Senior Retail Data Analyst (m/w/d) Über das Unternehmen: Für meinen Mandanten, ein international tätiges Unternehmen im Bereich Retail, Commerce und datengetriebene Vertriebssteuerung, suche ich im Rahmen einer Festanstellung einen Lead / Senior Retail Data Analyst (m/w/d). Deine Aufgaben: Entwicklung und Optimierung relevanter Business- und Sales-KPIs Analyse großer Datenmengen und Ableitung von Handlungsempfehlungen Erstellung von Dashboards und Reports Unterstützung von Managemententscheidun…;50.13398;8.62577
Lead Data Analyst (m/w/d) bis 100.000 €;;SThree Germany;Frankfurt;;2026-07-29;Adzuna;full_time;80000.0;100000.0;90000.0;IT-Stellen;Lead Data Analyst (m/w/d) bis 100.000 € Standort: Frankfurt am Main Vertragsart: Festanstellung (zunächst auf maximal 2 Jahre befristet mit sehr hoher Wahrscheinlichkeit auf Entfristung) Unser Kunde ist ein international agierendes Unternehmen, das führende Marken bei der digitalen Transformation, datengetriebenen Entscheidungsfindung sowie der Optimierung von Vertriebs-, Marketing- und Retail-Prozessen unterstützt. Mit innovativen Technologien, modernen Analytics-Lösungen und einem dynamischen…;50.13398;8.62577
Business & Data Analyst in Sales, Marketing und Distribution Controlling (m/w/d);;Julius Blum GmbH;Frankfurt;;2026-07-16;Adzuna;Not provided;;;;Unknown;Wir sind ein österreichisches Familienunternehmen und einer der weltweit führenden Hersteller von Möbelbeschlägen. Unsere Produkte vertreiben wir in mehr als 120 Märkten. Als Business & Data Analyst bist von Anfang an dabei, wenn aus Anforderungen konkrete Datenlösungen entstehen. Dabei entwickelst du tragfähige und wiederverwendbare Data Products und begleitest sie über ihren gesamten Lebenszyklus – von analytischen Datensätzen über Dashboards und Reports bis hin zur Validierung und Dokumentat…;50.09957;8.54038
Data Analyst | Facility Management m/w/d - Business Analysis, Datenbankentwicklung/BI, Ingenieur;;SPIE Germany Switzerland Austria;Frankfurt;;2026-07-28;Adzuna;Not provided;;;;Stellen für Hochschulabsolventen;Einsatzort: Düsseldorf, Frankfurt am Main, Köln Kennziffer: 2026-0557 Arbeitszeit: Vollzeit (unbefristet)  Aufgaben - Betreuung der Data Integration Plattform auf Basis Microsoft Azure für den Geschäftsbereich Efficient Facilities - Zentrale Anlaufstelle für die Dashboards- und Berichtsanforderungen aus dem operativen und kaufmännischen Umfeld - Selbstständige Definition und Umsetzung von Dashboards und Berichten über PowerBI und anderen MS Azure Tools - Schnittstelle zu unseren internen und ex…;50.129683;8.650578
IT Architekt und Consultant für Datenmanagement (w|m|d) - Projektmanagement, Business Analysis, Datenbankentwicklung/BI, Ingenieur;;zeb;Frankfurt;;2026-07-30;Adzuna;Not provided;;;;Stellen für Hochschulabsolventen; Deine Benefits Versicherung & Altersvorsorge Sicher unterwegs mit zeb – über eine Gruppenunfallversicherung bist du auch privat in Deutschland versichert. Für Auslandsdienstreisen besteht eine zusätzliche Auslandsversicherung, und für deine Altersvorsorge kannst du über zeb eine betriebliche Altersvorsorge abschließen. Mobiles Arbeiten Durch unsere technische Ausstattung ist mobiles Arbeiten von überall möglich – unabhängig davon, ob du gerade im Zug, zu Hause oder im Office bist. zeb.life Dei…;50.129683;8.650578
Deine Chance: Datenmanagement Upskilling - SQL, Microsoft Azure & Power BI für den schnellen Wiedereinstieg;;Smart Future Campus GmbH;Frankfurt;;2026-07-20;Adzuna;full_time;;;;Unknown;Smart Future Campus GmbH Der Smart Future Campus ist ein wichtiger Anbieter von Weiterbildung und Qualifizierung im Bereich der IT, Industrie 4.0, KI, Unity und digitaler Transformation. Unser Fokus liegt vor allem auf innovativen Technologien wie Automatisierungstechnik, Robotik, ML aber auch Softwareentwicklung und Systemadministration. Mit praxisnahen Kursen, anerkannten Zertifikate unterstützen wir die berufliche Zukunft unserer Teilnehmer. Das lernst Du bei uns Diese 7-monatige Weiterbildu…;50.1246;8.71298
Mitarbeiter Data & Analytics - Business Intelligence (w/m/d);;KPMG;Frankfurt;;2026-07-30;Adzuna;full_time;;;;IT-Stellen;Mitarbeiter Data & Analytics - Business Intelligence (w/m/d) Job-ID: 12588 Standorte: Frankfurt Karrierelevel: Absolvent:innen Anstellungsart: Festanstellung in Vollzeit Begleite KPMG bei den zukünftigen Herausforderungen unserer Kund.innen. Begeistere auch Du Dich für die Vielfalt unserer Fragestellungen - und mach gemeinsam mit uns den Unterschied. Mit Deinem Analytics Team aus dem Bereich Markets entwickelst du Datenprodukte für unterschiedliche interne Zielgruppen – immer mit dem Ziel, date…;50.05078;8.56413
Country Manager Germany;;Dateio;Frankfurt;;2026-05-01;Adzuna;Not provided;;;;Unknown;COUNTRY MANAGER GERMANY Work schedule Full-time Address Frankfurt am Main Dateio Platform is Europe’s largest payment-data marketing ecosystem. It connects banks and retailers to drive customer engagement and sales. Integrated into mobile banking apps, it helps brands reach customers based on where they pay with relevant offers and cashback. We connect 18 banks, 600 merchants, and 10 million customers through our platform delivered directly inside mobile banking apps. Our partners include Erste…;;
Senior SAP Signavio Process Expert/ Process Mining Expert- Lead Consultant;;Infosys Consulting - Europe;Frankfurt;;2026-07-21;Adzuna;full_time;;;;Beraterstellen;"Senior SAP Signavio Process Expert/ Process Mining Expert- Lead Consultant · Location: Germany-based candidates preferred; Frankfurt-Mannheim-Heidelberg-Stuttgart-Munich corridor preferred; frequent onsite travel to the client site in Mannheim/Heidelberg required · Engagement type: Full-time / permanent preferred About the Role We are seeking experienced Process Experts with strong SAP Signavio expertise to support a strategic Business Process Management transformation initiative at our client.…";50.129683;8.650578
Solutions Engineer -Data/Graph;;Siemens;Frankfurt;;2026-06-05;Adzuna;Not provided;;;;Unknown;Mendix - the leading low-code application development platform: The Mendix Platform uses visual modeling to abstract long-form coding out of application development. Our customers use Mendix to create and deploy better software for the enterprise, faster. Mendix enables collaboration between business users and developers to work together throughout the development process. Read our Customer Stories (https://www.mendix.com/customer-stories/) to learn more about the wealth of software and solutio…;50.129683;8.650578
Revenue Analyst RMCC Europe;;Hilton;Frankfurt;;2026-08-01;Adzuna;Not provided;;;;Unknown;Job Identification: 217055 Job Category: Revenue Management Job Schedule: Full time ? Are you interested in joining a company who has been consistently recognised for its exceptional workplace culture and was recently named World's Best Workplace by Great Places to Work and Fortune Magazine? ? Are you interested in joining an organisation with a proven commitment to sustainability, driving responsible travel globally and creating a positive environmental and social impact? ? Are you interested …;50.129683;8.650578
Snowflake Data Engineer (all genders);;adesso SE;Frankfurt;;2026-07-16;Adzuna;full_time;;;;Unknown;adesso steht für IT-Exzellenz und damit auch für exzellente Entwicklungsmöglichkeiten für alle adessi. Wir wachsen gemeinsam und lernen voneinander – an unseren Projekten, im Team und mit herausragenden Trainingsangeboten. Wir haben IT im Herzen, die Branche im Blick und den Erfolg unserer Kunden im Sinn. Denn erfolgreiches Geschäft entsteht durch innovative Ideen, zukunftsfähige Strategien und kluge IT-Lösungen. Immer sind dabei Menschen beteiligt, die etwas bewegen wollen und das einfach mach…;50.129683;8.650578
Analytical Consultant, Digital First;;Google;Frankfurt;;2026-07-16;Adzuna;Not provided;;;;Unknown;"Analytical Consultant, Digital First _corporate_fare_ Google _place_ Munich, Germany; Berlin, Germany; 3 more; 2 more Mid Experience driving progress, solving problems, and mentoring more junior team members; deeper expertise and applied knowledge within relevant area. _info_outline_ XNote: By applying to this position you will have an opportunity to share your preferred working location from the following: Munich, Germany; Berlin, Germany; Frankfurt am Main, Germany; Hamburg, Germany . Minimum…";50.129683;8.650578
Working Student - Product Master Application - Asset Management (f/m/d);;Allianz Global Investors GmbH;Frankfurt;;2026-07-24;Adzuna;Not provided;;;;Unknown;Working Student - Product Master Application - Asset Management (f/m/d) We are currently looking for a Working Student to join the Data Steward Chapter within the SPISI (Static Product & Investment Strategy Information) Squad! The position will be based in our Frankfurt office. About the Job The Investment Data Area (IDA) of one of the world's leading asset managers is looking for a motivated Working Student to join the SPISI (Static Product & Investment Strategy Information) Squad. SPISI is a …;50.12877;8.67015
Senior / Principal Consultant* - Business Functional Analyst Reporting & MIS (Private Banking);;Capco - The Capital Markets Company;Frankfurt;;2026-07-21;Adzuna;Not provided;;;;Unknown;Senior / Principal Consultant - Management Reporting (Banking) Location: Frankfurt / Remote (Hybrid) | Practice Area: Banking / Business Consulting | Type: Festanstellung Gestalte die Zukunft des Management Reportings im Private Banking. Gemeinsam mit führenden Finanzinstituten entwickelst Du moderne Reporting- und Steuerungslösungen, übersetzt komplexe Business-Anforderungen in fachliche Konzepte und begleitest die Transformation von Management Information Systemen auf globaler Ebene. Deine Ro…;50.129683;8.650578
Senior / Principal Consultant* – Business Functional Analyst Reporting & MIS (Private Banking);;Capco;Frankfurt;;2026-06-25;Adzuna;Not provided;;;;Beraterstellen;Location : Frankfurt / Remote (Hybrid) | Practice Area : Banking / Business Consulting | Type : Festanstellung Gestalte die Zukunft des Management Reportings im Private Banking. Gemeinsam mit führenden Finanzinstituten entwickelst Du moderne Reporting- und Steuerungslösungen, übersetzt komplexe Business-Anforderungen in fachliche Konzepte und begleitest die Transformation von Management Information Systemen auf globaler Ebene. Deine Rolle Als Senior / Principal Consultant übernimmst Du eine zen…;50.129683;8.650578
Data Solution Architect (f/m/d);;Allianz Global Investors GmbH;Frankfurt;;2026-07-29;Adzuna;Not provided;;;;Unknown;Data Solution Architect (f/m/d) We are currently hiring an innovative and open-minded Data Solution Architect (f/m/d) to join our Data Mesh Enablement team. Our team operates globally, empowering AllianzGI to unlock the full potential of its data through a cutting-edge data mesh data platform. With a mission to democratize data, we enable business-friendly, scalable, and self-serve data solutions. As part of a collaborative and cross-functional team, we are committed to fostering domain-oriente…;50.12877;8.67015
Data Analyst als Senior Consultant SAP Analytics Cloud & Power BI (m/w/d);;ISR Information Products AG;Cologne;;2026-01-08;Adzuna;full_time;;;;Unknown;Dein Team Du hast Freude an Innovationen, spannenden Inhalten und kollegialem Teamspirit? Mit unseren Berater:innen wächst du mit deinen Aufgaben und lernst von unseren Expert:innen. Gemeinsam beraten wir unsere deutsch- und englischsprachigen Kunden bei ihren Herausforderungen im Umfeld von Business Intelligence, Planung, Advanced Analytics & Data Science. Wir verbinden höchste Beratungskompetenz mit technischer Expertise. Dabei konzipieren und implementieren wir maßgeschneiderte Lösungen auf …;50.940164;6.969972
Staff Data Analyst (m/f/d);;Redcare Pharmacy;Cologne;;2026-07-30;Adzuna;Not provided;;;;Technikerstellen;Job Description About your tasks: Lead the design and development of scalable data models using dbt, SQL, Databricks, and Microsoft Fabric, delivering trusted, high-quality analytics across your product domain. Partner closely with Product Managers and business stakeholders to translate complex business requirements into robust technical solutions, influence backlog prioritisation, and deliver measurable business value. Develop impactful Power BI dashboards and semantic models, enabling intuiti…;50.940164;6.969972
Senior Data Analyst (m/f/d);;Redcare Pharmacy;Cologne;;2026-07-18;Adzuna;Not provided;;;;Unknown;Job Description About the tech stack: Databricks • DBT • SQL • Power BI • Microsoft Fabric • Azure Cloud • Python (nice to have) • AI-assisted development • Tabular Models • Power BI Service About your tasks: Lead the design and development of scalable data models using DBT, SQL and Databricks , enabling reliable, high-quality analytics across multiple business domains. Partner closely with Product Managers and business stakeholders to translate complex business requirements into robust technic…;;
Data Analyst HR (m/f/d);;Redcare Pharmacy;Cologne;;2026-04-29;Adzuna;full_time;65000.0;85000.0;75000.0;Stellen aus Personal & Personalbeschaffung;Data Analyst HR (m/f/d) About Redcare Pharmacy: As Europe’s No.1 e-pharmacy Redcare Pharmacy is powered by passionate teams and cutting-edge innovation. We strive to create a healthy collaborative work environment where every employee feels valued and inspired to contribute to our vision “Until every human has their health”. If you’re seeking a career that offers purpose and aligns with your values join us and start your Redcareer today. About the role: As a Data Analyst (HR), you will play a k…;50.93917;6.95684
Senior Marketing Data Analyst (all genders);;denkwerk GmbH;Cologne;;2026-07-16;Adzuna;Not provided;;;;Stellen aus PR, Werbung & Marketing;Wer uns fehlt, bist du! Als Senior Data Analyst analysierst und interpretierst du Daten, um fundierte Handlungsempfehlungen für unsere Kunden und internen Teams abzuleiten und die Weiterentwicklung digitaler Strategien und Marketingmaßnahmen zu unterstützen Du konzipierst, implementierst und optimierst Tracking-Architekturen und setzt dabei Tools wie Google Tag Manager, GA4, Piwik PRO, BigQuery und Data Studio ein, um eine datenschutzkonforme, präzise und zukunftsfähige Datenerfassung sicherzus…;50.940164;6.969972
Senior Marketing Data Analyst (all genders);;denkwerk;Cologne;;2026-06-12;Adzuna;full_time;;;;Stellen aus PR, Werbung & Marketing;Wer uns fehlt, bist du! Als Senior Data Analyst analysierst und interpretierst du Daten, um fundierte Handlungsempfehlungen für unsere Kunden und internen Teams abzuleiten und die Weiterentwicklung digitaler Strategien und Marketingmaßnahmen zu unterstützen Du konzipierst, implementierst und optimierst Tracking-Architekturen und setzt dabei Tools wie Google Tag Manager, GA4, Piwik PRO, BigQuery und Data Studio ein, um eine datenschutzkonforme, präzise und zukunftsfähige Datenerfassung sicherzus…;50.94563;6.92059
Data Analyst Einkaufscontrolling (m/w/d);;Konzernzentrale;Cologne;;2026-07-17;Adzuna;part_time;;;;Unknown;Ort: 50933 Köln | Vertragsart: Voll-/Teilzeit, unbefristet | Job-ID: 958621 Was wir zusammen vorhaben: Unsere Aufgabe ist es, Transparenz über den wirtschaftlichen Erfolg von Einkauf und Category Management zu schaffen sowie wesentliche Einflussfaktoren und Handlungsfelder aufzuzeigen. Gemeinsam treiben wir die Weiterentwicklung unserer Analytik und des Berichtswesens aktiv voran. Ein besonderer Fokus liegt dabei auf der Automatisierung bestehender Reporting-Strukturen sowie der Transformation …;50.93709;6.90048
Data Analyst & Anwendungsbetreuer im Controlling (m/w/d);;Faszination;Cologne;;2026-03-06;Adzuna;full_time;;;;Unknown;Als Data Analyst & Anwendungsbetreuer im Controlling (m/w/d) bei der Faszination GmbH in Köln, Deutschland, spielen Sie eine zentrale Rolle in unserem Finanzteam. Sie sind verantwortlich für die Analyse und Interpretation von Daten, um fundierte Entscheidungen zu unterstützen und die Effizienz unserer Controlling-Prozesse zu verbessern. Ihre Aufgaben umfassen: Erstellung und Pflege von Berichten und Dashboards zur Unterstützung der Unternehmenssteuerung. Analyse von Finanzdaten zur Identifikati…;50.940164;6.969972
(Senior) Data Analyst - Finance Focus (m/f/d);;Redcare Pharmacy;Cologne;;2026-07-29;Adzuna;Not provided;;;;Unknown;Job Description About your tasks: Lead the design and development of advanced data models in Tabular and/or Databricks to address company-wide analytical needs, including models supporting financial forecasting, cost control, and profitability analysis . Develop and oversee the implementation of sophisticated Power BI Cloud dashboards that surface both operational and financial KPIs , enabling real-time insight into business and financial performance. Collaborate with cross-functional stakehold…;;
Data Analyst - Power BI & IOT m/w/d;;SPIE Efficient Facilities GmbH;Cologne;;2026-07-04;Adzuna;Not provided;;;;Unknown;Good knowledge of German, both spoken and written (ideally with a B2 certificate) Completed technical-commercial training recognized in Germany Valid residence permit that entitles you to carry out the activity (for applicants from so-called third countries) Gute Deutschkenntnisse in WORT und SCHRIFT (idealerweise mit B2-Zertifikat) Abgeschlossene, in Deutschland anerkannte technisch-gewerbliche Ausbildung Gültiger Aufenthaltstitel, der zur Ausübung der Tätigkeit berechtigt (bei Bewerbern aus s…;50.95561;7.01387
Data Analyst | Facility Management m/w/d - Business Analysis, Datenbankentwicklung/BI, Ingenieur;;SPIE Germany Switzerland Austria;Cologne;;2026-07-28;Adzuna;Not provided;;;;Stellen für Hochschulabsolventen;Einsatzort: Düsseldorf, Frankfurt am Main, Köln Kennziffer: 2026-0557 Arbeitszeit: Vollzeit (unbefristet)  Aufgaben - Betreuung der Data Integration Plattform auf Basis Microsoft Azure für den Geschäftsbereich Efficient Facilities - Zentrale Anlaufstelle für die Dashboards- und Berichtsanforderungen aus dem operativen und kaufmännischen Umfeld - Selbstständige Definition und Umsetzung von Dashboards und Berichten über PowerBI und anderen MS Azure Tools - Schnittstelle zu unseren internen und ex…;50.940164;6.969972
Senior Data Engineer (m/f/d);;Redcare Pharmacy;Cologne;;2026-07-07;Adzuna;Not provided;;;;Unknown;Job Description About the tech stack: Azure Fabric, Azure Databricks, PySpark, Apache Spark, Python, SQL, Azure Data Platform, DBT, Snowflake, Docker, Kubernetes. About your tasks: Design and build scalable data pipelines that power high-impact data products across multiple business domains. Drive cloud data migration initiatives , helping modernize existing platforms and supporting the transition to Azure-based solutions. Transform and optimize large-scale datasets to enable reliable reporting…;;
Senior HR Business Analyst (m/w/d);;jobvalley;Cologne;;2025-10-01;Adzuna;Not provided;;;;Unknown;Deine Aufgaben Gemeinsam mit dem Team identifizierst du datenstrategische Potenziale – zum Beispiel in den Bereichen Recruiting, Onboarding, Talent Management und Personal-Controlling Du analysierst die bestehende HR-Datenbasis und entwickelst sie weiter, um Struktur und Qualität zu verbessern Zudem entwickelst du konkrete Usecases und erstellst aussagekräftige Reportings für unterschiedliche Stakeholder Bei der Auswahl, Anbindung und Optimierung unserer HR-IT-Systeme bringst du dich aktiv ein,…;50.940164;6.969972
No-Code/ Low-Code - Specialist (m/w/d);;MeinAuto GmbH;Cologne;;2026-07-03;Adzuna;full_time;;;;Unknown;So bringst du deine PS auf die Straße Prozessoptimierungen sind deine Stärke! Dazu entwickelst und implementierst du No-Code und Low-Code Anwendungen zur Automatisierung unserer Geschäftsprozesse. Um einen reibungslosen Betrieb zu sichern, entwickelst du bestehende No-Code und Low-Code Anwendungen weiter. Teamwork makes the Dream Work! Um die reibungslose Nutzung deiner Entwicklungen zu gewährleisten, liegt die Schulung des MeinAuto-Teams zur optimalen Nutzung der Tools ebenfalls in deiner Vera…;50.91237;6.96679
No-Code/ Low-Code - Specialist (m/w/d);;MeinAuto;Cologne;;2026-07-05;Adzuna;full_time;;;;Unknown;So bringst du deine PS auf die Straße Prozessoptimierungen sind deine Stärke! Dazu entwickelst und implementierst du No-Code und Low-Code Anwendungen zur Automatisierung unserer Geschäftsprozesse. Um einen reibungslosen Betrieb zu sichern, entwickelst du bestehende No-Code und Low-Code Anwendungen weiter. Teamwork makes the Dream Work! Um die reibungslose Nutzung deiner Entwicklungen zu gewährleisten, liegt die Schulung des MeinAuto-Teams zur optimalen Nutzung der Tools ebenfalls in deiner Vera…;50.940164;6.969972
(Senior) Business Analyst (all genders) International;;Kaufland e-commerce Services GmbH & Co. KG;Cologne;;2026-03-10;Adzuna;part_time;;;;Unknown;Anstellungsdetails Vollzeit oder Teilzeit, Remote oder Köln / Darmstadt / Düsseldorf / Berlin Info Wer wir sind Wir sind das Tech-Powerhaus hinter den internationalen Kaufland-Online-Marktplätzen und ein Unternehmen der Schwarz Gruppe. Mit Start-up-Mentalität und auf Augenhöhe entwickeln wir in flachen Hierarchien die besten Marktplatz-Lösungen: für unsere Kunden, Händler und Partner. AusEuropaFürEuropa Das Team Internationalization bei Kaufland e-commerce spielt eine entscheidende Rolle bei de…;50.93355;6.9594
Senior Product Designer (m/w/d);;Redcare Pharmacy;Cologne;;2026-07-16;Adzuna;Not provided;;;;Unknown;Company Description About Redcare Pharmacy: As Europe’s No.1 e-pharmacy Redcare Pharmacy is powered by passionate teams and cutting-edge innovation. We strive to create a healthy collaborative work environment where every employee feels valued and inspired to contribute to our vision “Until every human has their health” . If you’re seeking a career that offers purpose and aligns with your values, join us and start your Redcareer today. About the role Join our multidisciplinary Product Design te…;;
Senior Data Engineer (m/w/d);;accantec group;Cologne;;2026-07-24;Adzuna;full_time;;;;Unknown;Be smart - JOIN US! Gestalte als Senior Data Engineer (w/m/d) mit uns die technologische Zukunft von accantec ! Als treibende Kraft hinter modernen Datenplattformen auf Basis des Lakehouse-Ansatzes entwickelst Du robuste, skalierbare Datenpipelines, modellierst komplexe Datenstrukturen und lieferst performante, saubere Datenlösungen, die unsere Kunden echten Mehrwert bringen. Werde Teil unseres Expertenteams unbefristet und in Vollzeit an unseren Standorten Berlin, Köln, Hamburg oder remote. De…;50.94608;7.08083
Snowflake Data Engineer (all genders);;adesso SE;Cologne;;2026-07-16;Adzuna;full_time;;;;Unknown;adesso steht für IT-Exzellenz und damit auch für exzellente Entwicklungsmöglichkeiten für alle adessi. Wir wachsen gemeinsam und lernen voneinander – an unseren Projekten, im Team und mit herausragenden Trainingsangeboten. Wir haben IT im Herzen, die Branche im Blick und den Erfolg unserer Kunden im Sinn. Denn erfolgreiches Geschäft entsteht durch innovative Ideen, zukunftsfähige Strategien und kluge IT-Lösungen. Immer sind dabei Menschen beteiligt, die etwas bewegen wollen und das einfach mach…;50.940164;6.969972
Senior Product Owner - Digital Ops (all genders);;Eurowings;Cologne;;2026-07-20;Adzuna;full_time;;;;Stellen aus Logistik & Lagerhaltung;Job overview We’re looking for a Senior Product Owner (all genders) for the OPS Heartbeat Program — a strategic initiative designed to transform operational excellence. In this role you’ll be responsible for one working stream (Aircraft) by delivering high impact initiatives that improve both our customers’ experience as well as our internal processes. The role is more than building a product—it’s about creating a solution that fundamentally reshapes operational processes based on data, AI solu…;50.940164;6.969972
Python Developer - Fully Remote;;Mercor;Berlin;;2026-06-24;Adzuna;Not provided;;;;Unknown;About the job Mercor connects elite creative and technical talent with leading AI research labs. Headquartered in San Francisco, our investors include Benchmark , General Catalyst , Peter Thiel , Adam D'Angelo , Larry Summers , and Jack Dorsey . Position: Software Engineer Expert Type: Contract Compensation: $40–$50/hour Location: Remote Role Responsibilities Build MCP servers in Python using FastMCP . Integrate web or desktop applications into RL Studio . Work with APIs , Docker , Linux enviro…;52.507706;13.420806
Python Developer - Remote in Germany;;Anyone AI;Berlin;;2026-07-16;Adzuna;Not provided;93600.0;166400.0;130000.0;IT-Stellen;"Anyone AI is recruiting skilled Python Developers to work on a project with a leading AI lab. Qualifications: Advanced professional written proficiency in English 3–7 years of professional software engineering experience Strong proficiency in Python and JavaScript/TypeScript; working knowledge of Java, C#, or Go Backend or full‑stack development experience in production systems Experience with testing frameworks (e.g., pytest, Jest, JUnit, xUnit, Go testing) Proven ability to debug and navigate…";52.507706;13.420806
Python Developer / Data Scientist (m/w/d) – Von Rohdaten zu echten Lösungen;;eClear AG;Berlin;;2026-04-03;Adzuna;full_time;;;;Unknown;Deine Rolle Auf dem Weg zur Arbeit hast du das Gefühl, dass vieles intelligenter sein könnte – Daten könnten reibungsloser fließen, Systeme intuitiver funktionieren und Ideen schneller zu echten Lösungen werden. Du genießt diese Momente, in denen Komplexität plötzlich klar wird und etwas einfach funktioniert. Genau so ein Umfeld schaffen wir – und genau hier sind deine Neugier, deine Hands-on-Mentalität und dein Antrieb, Dinge zu verbessern, wirklich gefragt. Leite das Design und die Entwicklun…;52.51551;13.38475
Python & PHP Developer (all genders) 32-35h/Woche;;asgoodasnew electronics;Berlin;;2026-05-12;Adzuna;full_time;;;;IT-Stellen;Deine Mission Du entwickelst eigenständig Software auf Basis der Anforderungen der Fachabteilungen, um Unternehmensziele zu erreichen Du wendest moderne Entwicklungsmethoden wie Clean Code, Design Patterns, Unit- und Integration-Testing sowie statische Codeanalyse an Du bist ein aktiver Teil von IT-Projekten – von der Planung und Analyse bis zur finalen Umsetzung Du unterstützt bei der Weiterentwicklung der Systemarchitektur und holst dir eigenständig Informationen bei Stakeholdern ein Du entwi…;52.4984;13.396
Senior Backend Developer Python (m/w/d) - Conversario;;dfv Mediengruppe;Berlin;;2026-06-12;Adzuna;full_time;;;;IT-Stellen;ferret go GmbH is specialised in platform and AI solutions for online communities and is one of the leading providers in the German market. With conversario , we operate a professional Community Management Platform used by 180 enterprise clients , including leading publishers, broadcasters and media brands across Germany and Europe. Our Customers include such well-recognized brands as WELT, BILD, n-tv, RTL, Süddeutsche Zeitung, Focus, rbb, ORF, SRF, MDR, Tagesspiegel and many others. We help ed…;52.507706;13.420806
AI Fullstack Engineer;;Darwin Recruitment;Berlin;;2026-07-07;Adzuna;full_time;;;;IT-Stellen;Location : Remote Contract Length : Initial 3 Months Start Date : ASAP We are recruiting on behalf of our client for a Freelance Fullstack Software Engineer to support the development of AI-powered products and solutions. Responsibilities: Design, build, and maintain scalable fullstack applications using modern technologies including React, TypeScript, Java, and/or Python. Develop and integrate AI/ML-powered features, including LLMs, AI agents, RAG pipelines, and intelligent automation workflow…;52.507706;13.420806
Senior Python FastAPI Software Engineer;;Source Group International;Berlin;;2026-07-29;Adzuna;full_time;169000.0;208000.0;188500.0;Technikerstellen;Senior Python FastAPI Software Engineer Berlin (hybrid) 3 month initial contract w/ scope to extend €600-800 per day Profile Requirements The contractor must be at a senior level as a Python developer with the following experience: Must-have experience • 8 Year of Experience in professional Software Development using High-Level programming languages. • Advanced Python (3.9) proficiency. Strong command of asynchronous programming (asyncio, aiohttp, etc.), multiprocessing, and concurrency models.…;52.507706;13.420806
Senior Python Software Engineer;;Synthflow AI;Berlin;;2025-04-07;Adzuna;full_time;;;;IT-Stellen;Synthflow AI is an enterprise AI agent platform that unifies customer operations across voice, chat, and messaging. Our agents handle routine interactions at scale so teams can focus on high-value work. Over 20M hours of operations automated 60% more calls answered vs. non-AI operators 150M interactions handled, 99.99% uptime Backed by Accel, Atlantic Labs, and Singular. Trusted by 1,000 customers. Recognized as one of the most promising companies in Germany. About the role: We’re looking for a…;52.507706;13.420806
Quantitative Developer, Systematic Power Trading;;Engelhart;Berlin;;2026-07-09;Adzuna;full_time;;;;IT-Stellen;About Us Engelhart was founded in 2013 by BTG Pactual Group as a commodities trading company. Our business model is “asset light” and highly diversified – giving us the ability to adapt effectively and nimbly to changing market conditions. We have assembled successful multidisciplinary teams, leveraging advanced fundamental analysis with deep quantitative and weather research capabilities. Our activities are underpinned by strong risk management practices and by powerful technology and operatio…;52.507706;13.420806
Senior Backend Entwickler (m/w/d);;WeMatch.;Berlin;;2026-07-23;Adzuna;full_time;;;;Unknown;Das Unternehmen Unser Kunde ist ein innovatives Softwareunternehmen mit Sitz in Berlin, das digitale Produkte für einen internationalen Kundenkreis entwickelt und kontinuierlich weiter ausbaut. Moderne Cloud-Technologien, skalierbare Architekturen und ein hoher Qualitätsanspruch bilden die Grundlage für nachhaltiges Wachstum und innovative Lösungen. Zur Verstärkung des Entwicklungsteams suchen wir einen Senior Backend Developer Python (m/w/d), der die technische Weiterentwicklung cloudbasierter…;52.507706;13.420806
Full Stack Engineer - Fully Remote;;Mercor;Berlin;;2026-06-24;Adzuna;Not provided;;;;Unknown;About the job Mercor connects elite creative and technical talent with leading AI research labs. Headquartered in San Francisco, our investors include Benchmark , General Catalyst , Peter Thiel , Adam D'Angelo , Larry Summers , and Jack Dorsey . Position: Senior Software Engineer Expert Type: Contract Compensation: $80–$130/hour Location: Remote Role Responsibilities Design, develop, and maintain full-stack applications using Python . Build and integrate APIs and MCP-based systems . Collaborate…;52.507706;13.420806
Senior Full Stack Developer;;Mercor;Berlin;;2026-07-01;Adzuna;Not provided;;;;Unknown;About the job Mercor connects elite creative and technical talent with leading AI research labs. Headquartered in San Francisco, our investors include Benchmark , General Catalyst , Peter Thiel , Adam D'Angelo , Larry Summers , and Jack Dorsey . Position: Senior Software Engineer Expert Type: Contract Compensation: $80–$130/hour Location: Remote Role Responsibilities Design, develop, and maintain full-stack applications using Python . Build and integrate APIs and MCP-based systems . Collaborate…;52.507706;13.420806
Principal Python Engineer;;Topoteretes UG ;Berlin;;2026-01-27;Adzuna;Not provided;;;;Technikerstellen;Cognee is building the memory engine  data plane for AI agents to plan, reason, and act. Our open-source Python SDK is in production at 70 companies, hit GitHub Trending, and runs 550,000 times per month. We've won early customers (including top-10 Pharma) and recently raised a large Seed. We are looking for a Principal Engineer / Lead for the Python SDK to own the technical vision, architecture, and execution of Cognee's primary developer interface. This role is critical: the Python SDK is the…;52.507706;13.420806
Senior Platform & Backend Engineer (Kubernetes, Python) (m/f/d);;dive solutions GmbH;Berlin;;2026-07-29;Adzuna;full_time;72000.0;84000.0;78000.0;Unknown;About us Dive CAE is a deep-tech software company headquartered in Berlin that provides advanced simulation software for engineering teams in various manufacturing industries incl. automotive, machinery, electronics, consumer goods and processing. We are on the mission to unlock fully autonomous physical product testing and validation via multiphysics simulation agents. These are driven by unique high-fidelity 3D simulation engines that are integrated in a scalable cloud-native enterprise platf…;52.51273;13.44551
Junior Backend Developer (Java / Python, Microservices);;OKAPI:Orbits GmbH;Munich;;2026-07-10;Adzuna;full_time;;;;Unknown;Your mission Your mission is to develop and maintain a scalable, asynchronous backend that powers OKAPI:Orbits’ end-to-end solutions across mission design, Space Situational Awareness (SSA), Space Traffic Management (STM), Flight Dynamics (FD) and Space Traffic Coordination (STC) — supporting the full lifecycle of satellite operators within an initially fixed-term contract until the end of 2027, with a high likelihood of a subsequent extension of up to two additional years. You design and imple…;48.14093;11.56907
Junior Full Stack Developer, Python  React (m/f/d);;Preisenergie;Munich;;2026-05-12;Adzuna;full_time;;;;IT-Stellen;Who is Preisenergie? Preisenergie develops pricing software for energy vendors. We help our customers calculate fair prices for a fully renewable and digital energy system. We model energy prices, simulate millions of alternative prices and choose optimal ones that best fit the goals of our customers (not always profit!). Our prices recover costs of individual consumers' energy consumptions and keep margins low enough to be competitive. We are a close-knit team of eight and we like to celebrate…;;
Senior Data Engineer (F/M/D);;Animore;Munich;;2026-05-28;Adzuna;full_time;;;;Technikerstellen;The Opportunity We’re looking for a Senior Data Engineer to architect and scale the data backbone powering next-generation AI models in robotics and real-world environments. This role sits at the intersection of distributed systems, multimodal data processing, and applied machine learning, with a strong focus on building high-quality datasets for robotic foundation models. You will ensure that data pipelines, infrastructure, and data strategy directly translate into measurable improvements in m…;;
Senior Embedded Linux Engineer (all genders) - Yocto · Python · IoT Edge;;Wemolo;Munich;;2026-07-10;Adzuna;full_time;;;;IT-Stellen;This position sits close to the embedded world, but it isn't traditional microcontroller firmware work. You'll own the operating system foundation and platform layer of our IoT devices - building and evolving our next-generation embedded Linux image - and develop the Python application layer that runs on top of it, inside our dockerized main application. You'll work down at the OS and hardware boundary while shipping features up in the application layer. Typical areas include: Designing and mai…;;
Working Student (m/f/d) – AI Engineering (On-site);;AssetMetrix GmbH;Munich;;2026-06-29;Adzuna;part_time;;;;Unknown;Your mission As a Working Student in AI Engineering, you support the development and operation of AI-powered products for the finance industry. You work at the intersection of software, data, and AI — evaluating model performance, building automations, and contributing to scalable solutions for real-world use cases while gaining hands-on experience with modern AI technologies. Evaluation & Data Build and run evaluation pipelines for LLM-based systems Analyze metrics, identify edge cases, and tr…;48.13344;11.58399
Senior Solutions Architect, Infiniband and Networking Ethernet;;Nvidia;Munich;;2026-06-06;Adzuna;Not provided;;;;Unknown;NVIDIA is looking for Senior Networking (ETH/IB) Solutions Architect to join its NVIDIA Infrastructure Specialist Team. Academic and commercial groups around the world are using NVIDIA products to revolutionize deep learning and data analytics, and to power data centers. Join the team building many of the largest and fastest AI/HPC systems in the world! We are looking for someone with the ability to work on a dynamic customer focused team that requires excellent interpersonal skills. This role …;;
(Senior) Robotics Testing and Applications Engineer (m/f/d);;Agile Robots SE;Munich;;2026-07-28;Adzuna;full_time;;;;Unknown;About the role Agile Robots SE is a high-tech startup based in Munich. Our mission is to bridge the gap between AI and robotics by developing robotic systems that offer state-of-the-art full-body force sensitivity and world-leading vision intelligence. This unique combination of technologies enables us to provide intelligent, easy-to-use and affordable robotic solutions with safe human-robot interaction. We are a dynamic and innovative software development company dedicated to pushing the bound…;48.11989;11.54065
Senior DevOps Engineer;;realworld one GmbH & Co. KG;Munich;;2026-06-23;Adzuna;full_time;;;;Unknown;Position Summary As a Senior DevOps Engineer at realworld one, you will maintain and continuously evolve a high-performance Azure-based cloud infrastructure that enables our XR solutions to run reliably at scale for leading global Life Sciences organizations. While organizations invest billions in systems that manage quality, operations, service, and business performance, no system today is designed to measure, improve, and manage execution itself. We believe execution performance will become a…;48.14093;11.56907
Senior DevOps Engineer;;realworld-one;Munich;;2026-06-03;Adzuna;full_time;;;;Unknown;Position Summary As a Senior DevOps Engineer at realworld one, you will maintain and continuously evolve a high-performance Azure-based cloud infrastructure that enables our XR solutions to run reliably at scale for leading global Life Sciences organizations. While organizations invest billions in systems that manage quality, operations, service, and business performance, no system today is designed to measure, improve, and manage execution itself. We believe execution performance will become a…;48.14093;11.56907
Senior Software Architect (m/f/d) Robotics;;Agile Robots SE;Munich;;2025-10-14;Adzuna;full_time;;;;Unknown;About the role The AI Research Division of Agile Robots is looking for a dedicated Senior Software Architect with strong expertise in designing large-scale, maintainable software systems. You are expected to have 5 years of experience in architecting and implementing data-driven applications, ideally in robotics or related domains. This position focuses on building robust frameworks and microservice-based infrastructures that enable the reliable collection, processing, and access of high-qualit…;48.11989;11.54065
Unreal Engine Developer (Mid-Level / Senior) – Synthetic Data & AI Simulation;;autonomous-teaming;Munich;;2026-07-09;Adzuna;full_time;;;;Unknown;What we offer Work in an international, agile team creating the future of autonomous systems Grow your career in a expanding and ambitious engineering team Build innovative products using state-of-the-art technologies in AI, robotics, and autonomy Benefit from a steep learning curve and continuous development Enjoy team events and a strong, collaborative culture Your mission Develop scalable synthetic data generation pipelines using Unreal Engine 5 Design, build, and maintain high-quality Unrea…;48.18446;11.57287
3D Artist - Automotive Data Preparation;;Avatr;Munich;;2026-07-17;Adzuna;Not provided;;;;Unknown;Job Title: Technical 3D Artist | Automotive Data Preparation Location: Munich, Germany About this Role AVATR Global Design Center is seeking a Technical 3D Artist to join our growing Visualization Team in Munich. This is a key role at the intersection of automotive design, 3D data preparation, real-time visualization and pipeline development. You will take ownership of the preparation and integration of CAS and CAD data for our visualization pipeline, ensuring that vehicle models are delivered …;;
3D Artist - Automotive Data Preparation;;AVATR Global Design Center;Munich;;2026-07-17;Adzuna;Not provided;;;;Unknown;Technical 3D Artist | Automotive Data Preparation Location: Munich, Germany About this Role AVATR Global Design Center is seeking a Technical 3D Artist to join our growing Visualization Team in Munich. This is a key role at the intersection of automotive design, 3D data preparation, real-time visualization and pipeline development. You will take ownership of the preparation and integration of CAS and CAD data for our visualization pipeline, ensuring that vehicle models are delivered consistentl…;48.18446;11.57287
Python Developer (m/w/d) in Hamburg;;plusYOU;Hamburg;;2026-05-15;Adzuna;full_time;;;;IT-Stellen;Python & React? Python Developer (m/w/d) in Hamburg Unser bekanntes Hamburger Partnerunternehmen hilft Mittelständlern und Konzernen seit über 100 Jahren dabei, zukunftssichere Entscheidungen zu treffen. Die IT ist hierbei unerlässlich und hat einen wichtigen Stellenwert im Unternehmen, denn individuelle Kundenlösungen und interne Applikationen sind ein wesentlicher Bauteil des Unternehmenserfolgs. Daher stehen hier der technologische Fortschritt, das selbstständige Arbeiten und der stetige Wis…;53.5504;9.99417
Senior Backend Python Developer (m/w/d) in Hamburg;;plusYOU;Hamburg;;2026-05-15;Adzuna;full_time;;;;IT-Stellen;Daten. Skalierung. Spielerlebnis neu definiert. Senior Backend Python Developer (m/w/d) in Hamburg Hinter unserem Partner steht ein internationales Tech-Unternehmen, das moderne Plattformen im Mobile-Gaming-Umfeld entwickelt und damit täglich Millionen Nutzer weltweit erreicht. Mit einem klaren Fokus auf Performance, datengetriebene Optimierung und skalierbare Technologien entstehen hier innovative digitale Lösungen, die den Mobile-Markt aktiv mitgestalten. In dynamischen, internationalen Teams…;53.557429;9.987297
(Senior) Python Software Developer (m/w/d) - Software Engineer;;Leopold Advisors;Hamburg;;2025-11-02;Adzuna;full_time;;;;IT-Stellen;(Senior) Software Developer - Python (f/m/d) Code that makes the future possible. Quantum Computing: Quantum computers are no longer science fiction – they are becoming reality. Our client has been recognized by the World Economic Forum as one of the Top 100 Tech Companies worldwide and is developing systems that push classical computing to its limits. We are looking for an experienced Python Developer (f/m/d) to develop high-performance firmware systems – robust, scalable, and built to shape t…;53.57452;9.95952
Senior Backend Developer Python (m/f/d);;Mindpeak;Hamburg;;2026-02-27;Adzuna;full_time;;;;IT-Stellen;Company Overview Mindpeak is a Hamburg-based AI company applying state-of-the-art deep learning to computational pathology, with a clear mission: enabling more effective, personalized cancer treatment. We work at the intersection of AI, medicine, and drug development-building regulatory-grade solutions that help pharma, biotech, and clinical partners discover, validate, and translate meaningful biomarkers into real-world impact. Our technology analyzes H&E, IHC, and multiplex tissue data to sup…;53.557429;9.987297
Lead Senior Software Developer - PYTHON (m/w/d);;Leopold Advisors;Hamburg;;2025-10-31;Adzuna;full_time;;;;IT-Stellen;Engineering Lead – Python Firmware (m/w/d) Firmware in Python. Technologie, die Zukunft möglich macht – und du führst sie an. Quantencomputer sind keine Vision mehr – sie entstehen gerade. Unser Klient zählt laut World Economic Forum zu den Top-100 Tech-Unternehmen weltweit und entwickelt Systeme, die Probleme lösen, an denen klassische Rechner scheitern. Jetzt suchen wir jemanden, der das Firmware-Team führt – mit klarem Fokus auf Python als Herz der Entwicklungsarbeit. Was diese Rolle besonde…;53.57452;9.95952
AI driven Senior Backend Developer Python (m/f/d);;Mindpeak;Hamburg;;2026-02-18;Adzuna;full_time;;;;IT-Stellen;Company Overview Mindpeak is a Hamburg-based AI company dedicated to democratizing cancer diagnostics. Our software supports pathologists in detecting cancer faster and more accurately by applying state-of-the-art deep learning to medical images. Our AI solution is the first to be implemented in clinical histopathology for primary diagnostics in the USA and is used in routine workflows around the world. We tackle a central challenge in modern healthcare: a growing demand for medical image analy…;53.557429;9.987297
(Senior) Full-stack Developer - Backend Focus (Python);;Mindpeak;Hamburg;;2026-02-18;Adzuna;full_time;;;;IT-Stellen;(Senior) Full-stack Developer - Backend Focus (Python) Company Overview: Mindpeak is a Hamburg-based scale-up at the forefront of AI-driven cancer diagnostics. Our software helps pathologists analyze medical images more efficiently and accurately - already clinically deployed in more than 25 countries. Our vision is to enable personalized and effective treatment for every cancer patient - to truly improve medical care and patient outcomes around the world. Position Summary: As a Full-Stack Deve…;53.557429;9.987297
Software Developer:in Fokus: API, Python & KI-Automatisierung;;flound.;Hamburg;;2026-07-16;Adzuna;full_time;;;;Unknown;Du möchtest in einem inspirierenden Team arbeiten, das die Grenzen des Möglichen erweitert und eine wegweisende Zukunft für die Generationen Y, Z und Zalpha formt? Dann bist du bei flound. genau richtig! Wir sind eine innovative Unternehmensberatung mit Sitz in Österreich und Deutschland, die sich auf neue Technologien, KI und Automatisierungslösungen spezialisiert hat. Unser oberstes Ziel: Unternehmen fit für die Zukunft zu machen – und dabei kommen Gemeinschaft, Transparenz, Kreativität und z…;53.557429;9.987297
(Senior) Software Entwickler - Python (m/w/d);;Leopold Advisors;Hamburg;;2025-11-02;Adzuna;full_time;;;;IT-Stellen;(Senior) Software Entwickler - Python (m/w/d) Code, der Zukunft möglich macht. Quantencomputer: Quantencomputer sind keine Idee aus Science-Fiction – sie entstehen gerade. Unser Klient zählt laut World Economic Forum zu den Top 100 Tech-Unternehmen weltweit und entwickelt Systeme, die klassische Rechner an ihre Grenzen bringen. Jetzt wird ein erfahrener Python Developer (m/w/d) gesucht, der anspruchsvolle Firmware-Systeme entwickelt - stabil, performant und zukunftsweisend. Was diese Rolle beso…;53.57452;9.95952
Senior-Fullstack-Developer (m/w/d) - Python & React;;Amadeus Fire AG;Hamburg;;2026-07-18;Adzuna;full_time;;;;Unknown;Senior-Fullstack-Developer (m/w/d) - Python & React Referenz 12-246500 Seit über 30 Jahren bringen wir qualifizierte Bewerber und renommierte Unternehmen zusammen. Mit uns finden Sie schneller, wonach Sie sonst lange suchen müssen. Im Auftrag eines erfolgreichen Unternehmens im Bereich Versicherungen mit Sitz in Hamburg suchen wir zum nächstmöglichen Zeitpunkt im Rahmen der Personalvermittlung in Festanstellung bei einem Jahresgehalt von 80.000 bis 90.000 Euro Sie als Senior-Fullstack-Developer…;53.55454;10.03315
Python-Entwickler (w/m/d);;Vertec AG;Hamburg;;2026-07-30;Adzuna;full_time;60000.0;80000.0;70000.0;IT-Stellen;Salary: 60.000 - 80.000 € per year Requirements: • Du bist technisch affin und kannst Dich gut in betriebswirtschaftliche Prozesse und Abläufe hineindenken. Du verfügst über gute Kenntnisse in Python. • Du hast Freude daran, Konzepte zu entwickeln und diese technisch umzusetzen – einschließlich Termine vor Ort beim Kunden in der DACH‑Region (Reisetätigkeit ca. 30%, typischerweise Tageseinsätze). • Durch Dein unternehmerisches Denken nimmst Du die Anforderungen der Kunden und ihrer Branchen auf …;53.54167;9.99333
(Senior) Data Engineer (all genders);;Eraneos;Hamburg;;2026-07-15;Adzuna;full_time;;;;Unknown;What you will find with us We’re a high‑energy cloud- and data engineering team looking for like-minded, motivated tech builders. We are driven by ownership and business outcomes. As the analytics unit within a global management consultancy, we turn data-driven strategies into production systems. Our clients are DAX and Fortune Global 500 leaders who trust us for our expertise across data platforms, big data and cloud engineering. You’ll join an international environment with agile squads and a…;53.5504;9.99417
Staff Data Engineer (m/w/d) in Hamburg;;plusYOU;Hamburg;;2026-07-09;Adzuna;full_time;;;;Unknown;Data is your thing? Let's Talk! Staff Data Engineer (m/w/d) in Hamburg Passion. Entrepreneurship. Family spirit. Since its founding, our partner company has grown into one of the leading firms when it comes to inspiring both the German B2B and B2C markets with its solutions and products. Today, more than 1,000 employees are dedicated to the success and continuous growth of this tech company. What you’ll be working on You design, develop, and operate high-performance data pipelines that move cor…;53.57767;9.98895
Senior Machine Learning Anti-Spoof Expert (all genders);;NECT;Hamburg;;2026-05-20;Adzuna;full_time;;;;IT-Stellen;At Nect, we make digitalization tangible and secure. We develop AI- and biometrics-based trust services, including digital identity and signature solutions. Sounds technical? It is - but, more importantly, it’s exciting. Our technologies help public authorities and businesses prepare for the digital future. We are driven by our desire to demonstrate the simplicity and security of digital solutions while creating new opportunities for all. Are you ready to help shape the digital world of tomorro…;53.54167;9.99333
Senior Machine Learning Anti-Spoof Expert (all genders);;NECT GmbH;Hamburg;;2026-07-17;Adzuna;full_time;;;;Unknown;Senior Machine Learning Anti-Spoof Expert (all genders) At Nect, we make digitalization tangible and secure. We develop AI- and biometrics-based trust services, including digital identity and signature solutions. Sounds technical? It is - but, more importantly, it’s exciting. Our technologies help public authorities and businesses prepare for the digital future. We are driven by our desire to demonstrate the simplicity and security of digital solutions while creating new opportunities for all. …;53.54167;9.99333
Safety Software Test Engineer (m/f/d);;Nordex;Hamburg;;2026-07-01;Adzuna;Not provided;;;;Technikerstellen;Safety Software Test Engineer (m/f/d) Requisition ID: 8211 Location: Hamburg, DE, 22419 Department: Engineering As a Safety Software Test Engineer (m/f/d) , you will play a key role in ensuring the safety, reliability, and quality of our wind turbine software. Your focus will be on developing, automating, executing, and evaluating safety-critical test routines in an international, cross-functional engineering environment. YOUR TASKS Analyze functional and safety-related software requirements an…;53.66703;10.00329
Internship Energy Analyst (m/f/d);;1KOMMA5˚;Hamburg;;2026-07-16;Adzuna;Not provided;;;;Unknown;1KOMMA5° At 1KOMMA5° , we pursue a clear vision: Living on wind and sunlight forever for free . To make this a reality, we are building the energy system of the future with Heartbeat AI. Want to be part of it?We bring together regional craftsmanship and scalable software: We don't think of solar, batteries, heat pumps, and e-mobility as isolated components, but control them as an intelligent, integrated overall system in our virtual power plant. Directly connected to the electricity market – in…;53.557429;9.987297
Working Student Energy Analyst (m/f/d);;1KOMMA5˚;Hamburg;;2026-07-16;Adzuna;Not provided;;;;Unknown;1KOMMA5° At 1KOMMA5° , we pursue a clear vision: Living on wind and sunlight forever for free . To make this a reality, we are building the energy system of the future with Heartbeat AI. Want to be part of it?We bring together regional craftsmanship and scalable software: We don't think of solar, batteries, heat pumps, and e-mobility as isolated components, but control them as an intelligent, integrated overall system in our virtual power plant. Directly connected to the electricity market – in…;53.557429;9.987297
Internship Energy Analyst (m/f/d);;1Komma5°;Hamburg;;2026-05-29;Adzuna;full_time;;;;Stellen aus Logistik & Lagerhaltung;1KOMMA5° At 1KOMMA5° , we pursue a clear vision: Living on wind and sunlight forever for free . To make this a reality, we are building the energy system of the future with Heartbeat AI. Want to be part of it?We bring together regional craftsmanship and scalable software: We don't think of solar, batteries, heat pumps, and e-mobility as isolated components, but control them as an intelligent, integrated overall system in our virtual power plant. Directly connected to the electricity market – in…;53.55197;9.98553
Python Developer;;Global Market Solutions Germany;Frankfurt;;2025-09-19;Adzuna;Not provided;;;;Beraterstellen;GMS is an operational consultancy with expertise in data and digital systems. Whether digitalisation, data & analytics or compliance - our consultants are the missing piece of our customer’s digital puzzle. We empower their ongoing digital transformation and transform challenges into opportunities. We're part of the MoOngy Group, a more than 18 years old European network of companies with a focus on IT & Engineering expertise. Your tasks as Python developer: Bachelor’s degree in Computer Scienc…;;
Python Developers;;AMMGroup;Frankfurt;;2026-06-12;Adzuna;Not provided;;;;Unknown;"Python Developers Frankfurt, Germany ""Preferably 100% Onsite (can be negotiated with client)"" Must-Have (Ideally it should not be more than 3-5) • SQL / PLSQL, Python and shell scripting / programming experience are a must. • Oracle RDBMS experience (versions 12) Good-to-Have • Knowledge of Linux / Unix systems. • Perl 5 experience. • Code conversion experience (i.e. Perl / Python). • Reverse Engineering experience. • Oracle Applications experience (Oracle APEX). • Experience and knowledge of O…";;
Fullstack Developer React/ Python - Remote in Germany;;Talents2Germany GmbH;Frankfurt;;2026-07-16;Adzuna;full_time;;;;Unknown;Talents2Germany is placing this role on behalf of our client — a fast-growing AI company operating in the retail technology space. We are looking for an experienced Senior Fullstack Developer to join their dynamic, international engineering team. You will take ownership of full product features — from database to UI — and play a central role in shaping the technical architecture of their customer-facing platform. Our stack is modern, our team is diverse, and we move fast. You will collaborate d…;50.11218;8.68432
Senior Fullstack Developer (w/m/d) Python, Angular, AWS;;Siemens AG;Frankfurt;;2026-08-01;Adzuna;full_time;;;;Unknown;Job ID: 516014 Posted since: 31-Jul-2026 Organization: Smart Infrastructure Field of work: Information Technology Company: Siemens AG Experience level: Experienced Professional Job type: Full-time Work mode: Office/Site only Employment type: Permanent Location(s): Frankfurt am Main - Hessen - Germany Du entwickelst nicht nur Software – du gestaltest technische Lösungen, die im industriellen Umfeld echten Mehrwert schaffen. Für unser Entwicklungsteam suchen wir eine erfahrene Persönlichkeit, die…;50.129683;8.650578
Cloud Solution Architect (m/w/d) 110.000€;;SThree Germany;Frankfurt;;2026-07-09;Adzuna;full_time;80000.0;110000.0;95000.0;IT-Stellen;Cloud Solution Architect (m/w/d) - 110.000€ / Festanstellung unbefristet in Frankfurt am Main Über den Arbeitgeber Unser Mandant ist ein spezialisiertes Beratungs- und Technologieunternehmen im Rhein-Main-Gebiet mit Fokus auf Data, Analytics und Künstliche Intelligenz. Kunden werden ganzheitlich von der Strategie über das Architekturdesign bis zum produktiven Betrieb begleitet - mit hohem Qualitätsanspruch und langfristigem Partnerschaftsmodell. Ihre Aufgaben Design und Verantwortung für Cloud-…;50.13398;8.62577
Senior Backend / Platform Engineer (f/x/m);;spotixx GmbH;Frankfurt;;2026-07-16;Adzuna;full_time;;;;Unknown;spotixx is a Frankfurt-based European FinTech building technology for the regulated financial sector. Since 2019, we have grown into a team of 60 professionals with deep roots in the German and European banking landscape, shaped by years of hands-on experience in fraud investigation and financial crime prevention. We specialize in Anti-Money Laundering (AML) and fraud detection, enabling secure, compliant data exchange between financial institutions. Using data science and AI, we are helping sh…;50.129683;8.650578
Python Backend Developer (f/m/d) Energy Flexibility Applications;;Next Kraftwerke;Cologne;;2026-05-17;Adzuna;part_time;;;;IT-Stellen;In the Software and Data Services unit, we use agile methods to develop sustainable software solutions for the European energy transition. With a growing portfolio of batteries, solar, wind, and biogas power plants, we take advantage of these assets’ flexibility to respond to fluctuations in renewable energy production. To this end, you will combine data streams and develop Python applications that allow our electricity traders to optimally leverage flexibility in our assets. In our open-minded…;50.95778;6.90002
Lead Developer (m/w/d) Python;;Talent Tree;Cologne;;2026-07-28;Adzuna;full_time;;;;IT-Stellen;Über das Unternehmen Unser Mandant ist ein erfolgreiches Scale-up und ein führender Anbieter im Bereich der Mieterstrom . Das Ziel: Die Dekarbonisierung des urbanen Raums durch intelligente Vernetzung und Automatisierung. Hier triffst du auf ein dynamisches Umfeld, das technologische Exzellenz mit echtem Impact für den Klimaschutz verbindet. Tech-Stack: Python 3.13, AWS, Terraform, AI-Agents, DuckDB Deine Rolle In dieser Schlüsselposition übernimmst du 60% Hands-on Entwicklung und 40% Coaching …;50.95778;6.90002
Senior AI Engineer (m/w/d);;areto.;Cologne;;2026-07-16;Adzuna;full_time;;;;Unknown;Unsere Mission Daten sind überall. Entscheidungssicherheit ist selten. Das ändern wir. Mit Strategie, Technologie und Menschen, die auf Augenhöhe arbeiten. Du bist dabei, wenn aus Datenmengen echte Orientierung wird und aus Orientierung Wertschöpfung. Was wir bieten Flexible Arbeitszeiten – dank unserer Vertrauensarbeitszeit Homeoffice oder hybrides Arbeiten? Bei uns ganz selbstverständlich! Workation inkl. Reisebudget – Du entscheidest, von wo aus Du am liebsten arbeitest Sensationelles Onboar…;50.95561;7.01387
Platform Engineer mit Fokus auf Developer Experience (m/w/d);;REWE digital;Cologne;;2026-07-17;Adzuna;Not provided;;;;IT-Stellen;Ort: 51149 Köln, 24118 Kiel | Vertragsart: Vollzeit, unbefristet | Job-ID: 945418 REWE digital – Dein Home of IT Wir sind das Zuhause für alle Techies – oder alle, die sich in der Tech-Welt wohlfühlen. Hier gehörst du hin, wenn du IT-Spezialist:in oder Future Thinker bist. Software Developer oder System-Admin. UXler:in, Product Owner, SAP-Expert:in oder Techniker:in – und in jedem Fall: einfach du! Unsere digitale Welt erstreckt sich von App-Entwicklung und Agilität über Monitoring und Marktdig…;50.8947;7.07852
IT & Web Administrator;;OverTake GmbH;Cologne;;2026-07-16;Adzuna;full_time;;;;Unknown;Your Profile As an IT and web administrator (m/f/d), you are our technical all-rounder with a clear goal: stable, secure and smoothly functioning systems – so that our global community continues to find a reliable, modern and interactive home for all sim racing and racing game topics. With your extensive expertise, you will ensure that our various systems work together seamlessly, comply with legal requirements and are continuously developed in a smart way. For the planning, structuring and bud…;50.95778;6.90002
Lead Data Engineer (m/f/d) - Tieto Tech Consulting;;Tieto Germany GmbH;Berlin;;2026-06-30;Adzuna;Not provided;;;;Unknown;Tieto is a leading software and digital engineering services company with global market reach and capabilities. We provide customers across different industries with mission-critical solutions through our specialized software businesses Tieto Caretech, Tieto Banktech and Tieto Indtech, as well as Tieto Tech Consulting business. Join our 15 000 talented vertical software, design, cloud and AI experts and empower our customers to succeed and innovate with the latest technology. Since 2000, Tieto …;52.507706;13.420806
Data Engineer (d/m/w);;Robert-Koch-Institut;Berlin;;2026-07-23;Adzuna;Not provided;;;;Unknown;Robert Koch Institut Werden Sie Teil der RKI‑DNA! Das Robert Koch-Institut – das sind ca. 1.500 Köpfe aus über 52 Nationen mit einem Ziel: Die Gesundheit der Menschen zu schützen. Wir erheben und analysieren Gesundheits­daten, erkennen Risiken, beraten Politik und Fachwelt und entwickeln neue wissenschaftliche Methoden. Unsere Standorte sind in Berlin, Wildau und Wernigerode. Direkt durchstarten Bewerben Sie sich direkt über das Stellen­portal des öffentlichen Dienstes unter: www.interamt.de Je…;52.507706;13.420806
Data Engineer;;Huzzle;Berlin;;2026-05-20;Adzuna;full_time;;;;Sonstige/Allgemeine Stellen;About Huzzle At Huzzle, we connect exceptional talents with top opportunities at leading companies across the UK, US, Canada, Europe, and Australia. Our clients include startups, digital agencies, and tech platforms in industries such as SaaS, MarTech, FinTech, and AI. Unlike an outsourcing agency, we place you directly with a client where you’re hired in-house as a valued member of their team. Job Type: Full-time Location: On-site in Berlin, Germany About the Company Our client is an ambitious…;52.507706;13.420806
Data Engineer;;FindYou Consulting GmbH;Berlin;;2026-07-26;Adzuna;full_time;;;;Unknown; Erschaffe das fundamentale informationstechnische Fundament für intelligente Systeme bei einem etablierten Akteur im digitalen Zeitalter.  Zum Unternehmen Unser Kunde ist ein international agierender Anbieter von spezialisierten Softwarelösungen im europäischen Raum. Die Organisation stellt hochverfügbare Plattformen und Anwendungen für stark regulierte, datenschutzsensible Ökosysteme bereit. Im Zuge einer umfassenden technologischen Modernisierung wird die gesamte Datenlandschaft neu struktur…;52.507706;13.420806
Data Engineer;;Pergolux;Berlin;;2026-06-04;Adzuna;full_time;;;;Unknown;As a Data Engineer at PERGOLUX , you will build and own the data pipelines that enable fast, reliable operational insights across the business. Your work ensures the company can trust its data, automate confidently, and make high-impact decisions in real time. You will join a lean, senior data team where reliability, clarity, and business value—not technical complexity—define success. At PERGOLUX , we combine Scandinavian-inspired design with a collaborative, ambitious culture grounded in integ…;52.507706;13.420806
Data Engineer;;Almedia;Berlin;;2026-07-05;Adzuna;full_time;80000.0;150000.0;115000.0;Unknown;This isn’t your regular job. Almedia is a place where those who want to push harder can accelerate their careers faster than anywhere else. We’re aiming to become Germany’s second bootstrapped unicorn. Almedia is already Europe’s 3 fastest-growing company in 2025 (FT1000). We are building the future of marketing by rewarding our community of over 70 million users for engaging with our advertisers’ products. We are offering a new way to acquire users for the biggest companies in the world. Data …;52.507706;13.420806
Data Engineer;;SumUp;Berlin;;2026-07-25;Adzuna;Not provided;;;;Unknown;As part of the Platform tribe, you will help build a self-service, AI-Ready Data Platform. The Data Platform team supports our next big bets: Data, AI, and real-time analytics. We are a team focused on building scalable, reliable infrastructure to enable our global data community. What you’ll do Build and maintain best-in-class data infrastructure for critical processes. Develop features that strengthen self-service, including for ETL and orchestration. Optimise processes to use compute more ef…;52.507706;13.420806
Senior Data Engineer;;Hack The Box;Berlin;;2026-05-08;Adzuna;full_time;;;;Sonstige/Allgemeine Stellen;Welcome! Super excited you dropped by  Let's redefine cyber security expertise standards and connect business - community through highly engaging hacking experiences. (Find out more insights about Hack The Box culture in our career site). ✨The core mission of the Senior Data Engineer: You will own and evolve our data pipelines on GCP — building new ones, hardening existing ones, improving data quality, and making clean, trustworthy data available across the organisation. You'll work end-to-end …;52.507706;13.420806
Data Engineer, Fraud;;Xcelirate;Berlin;;2026-06-08;Adzuna;full_time;;;;Verwaltungsstellen;Who Are We? Xcelirate develops technologically-advanced platforms which are accessed by thousands of users every minute! We are proud to offer a workplace where the sharpest developers come together to strategically plan and swiftly execute practices which see us maintain our existing market dominance and attain global expansion. We owe our success to our customers who have seen us grow across a decade, and our talented team who have made that growth possible. Who are we looking for? The Data E…;52.507706;13.420806
Senior Data Engineer;;CloudFactory;Berlin;;2026-07-29;Adzuna;full_time;;;;Technikerstellen;About Cloudfactory At CloudFactory, we are a mission-driven team passionate about unlocking the potential of AI to transform the world. By combining advanced technology with a global network of talented people, we make unusable data usable, driving real-world impact at scale. More than just a workplace, we’re a global community founded on strong relationships and the belief that meaningful work transforms lives. Our commitment to earning, learning, and serving fuels everything we do as we striv…;52.507706;13.420806
Senior Data Engineer;;trawa;Berlin;;2026-06-18;Adzuna;full_time;;;;Unknown;Senior Data Engineer About trawa European energy costs are twice as high as in the United States and China. Electricity demand is expected to double by 2050. Market price volatility and complexity are here to stay - and the backbone of Europe's industrial economy is at risk. At trawa, we're building the solution: an integrated B2B energy platform combining procurement, energy management, and flexibility steering in a single product. That integration unlocks up to 30% in recurring electricity co…;52.507706;13.420806
Senior Data Engineer;;GLS/NXT;Berlin;;2026-07-19;Adzuna;Not provided;;;;IT-Stellen;We are looking for a Senior Data Engineer at GLS/NXT to ensure the reliability and integrity of our growing data infrastructure and analytics platform. In this role, you will work at the intersection of data engineering, product, and operations - driving quality across our data pipelines, models, and warehouse architecture. You’ll design and implement testing strategies, proactively identify data quality issues, and collaborate with teams to build scalable, well-documented solutions. Your focus…;52.54629;13.35917
AI Data Engineer;;Qorelo;Berlin;;2026-06-03;Adzuna;full_time;;;;Unknown;What you'll own Design and build the data layer that maps relationships across SAP projects — configurations, outcomes, domain patterns Own our metadata architecture — how data is labelled, linked, versioned, and made queryable Build pipelines that ingest SAP telemetry and consulting learnings and output clean, structured knowledge Work with the AI team to feed the right signals into the models Improve the system with every customer and every deployment What you need Strong data engineering bac…;52.507706;13.420806
Data Engineer - Fully Remote;;Mercor;Berlin;;2026-07-01;Adzuna;Not provided;;;;Unknown;About the job Mercor connects elite creative and technical talent with leading AI research labs. Headquartered in San Francisco, our investors include Benchmark , General Catalyst , Peter Thiel , Adam D'Angelo , Larry Summers , and Jack Dorsey . Position: Data Engineer (Coding Agent Experience) Type: Contract Compensation: $80/hour Location: Remote Role Responsibilities Use frontier AI coding agents to complete and evaluate complex data engineering tasks. Review model-generated implementations …;52.507706;13.420806
Data Engineer (all genders);;Gropyus;Berlin;;2026-07-18;Adzuna;Not provided;;;;Unknown;About The Company GROPYUS is a technology-based construction company focused on building multi-story residential buildings. Thanks to its prefabricated building system with various design options, industrial offsite construction, and fully digitalized processes, the company manufactures aspirational, sustainable, and affordable homes using timber construction methods. GROPYUS is using scalable construction and manufacturing solutions to tap into a future market, boost Europe's strength in innov…;52.507706;13.420806
Data Engineer (all genders);;vrame consult;Berlin;;2026-07-10;Adzuna;full_time;;;;Unknown;Deine Rolle bei uns Du machst aus komplexen Geo-, Sensor- und Infrastrukturdaten nutzbare Informationen. Von Punktwolken, Raster- und Vektordaten bis hin zu Befahrungs- und Befliegungsdaten entwickelst du leistungsfähige Datenlösungen und stellst sicher, dass räumliche Zusammenhänge, Datenqualität und fachliche Konsistenz jederzeit gewährleistet sind. Welche Aufgaben auf dich warten Entwicklung und Betrieb skalierbarer Datenlösungen für die Verarbeitung großer Geo-, Infrastruktur- und Sensordat…;52.53261;13.3777
Data Engineer - AI Coding Expert;;Mercor;Berlin;;2026-06-24;Adzuna;Not provided;;;;Unknown;About the job Mercor connects elite creative and technical talent with leading AI research labs. Headquartered in San Francisco, our investors include Benchmark , General Catalyst , Peter Thiel , Adam D'Angelo , Larry Summers , and Jack Dorsey . Position: Data Engineer (Coding Agent Experience) Type: Contract Compensation: $80/hour Location: Remote Role Responsibilities Use frontier AI coding agents to complete and evaluate complex data engineering tasks. Review model-generated implementations …;52.507706;13.420806
Data Engineer (m/f/d);;Avomind;Berlin;;2026-06-19;Adzuna;full_time;;;;Verwaltungsstellen;What client look for: You design, build, and optimize scalable data pipelines and architectures that form the foundation for analytics and AI solutions. You ensure that data from various sources is efficiently integrated, transformed, and made available for business and analytics use cases. You collaborate closely with Data Scientists, Consultants, and Product Owners to deliver end-to-end data solutions with measurable business impact. You develop and maintain ETL/ELT processes that ensure data…;52.507706;13.420806
Data Engineer (m/w/d);;Controlware GmbH;Berlin;;2026-07-21;Adzuna;Not provided;;;;Unknown;Warum Controlware? Mit ca. 400 Mio. EUR Umsatz und 1000 Mitarbeitern sind wir nicht nur einer der führenden unabhängigen IT-Dienstleister und Managed Service Provider in der DACH Region. Wir sind auch innovativ, fair und nachhaltig. Wir geben unseren hochqualifizierten Mitarbeitern die Möglichkeit sich in einem dynamischen Umfeld zu entwickeln. Ein hohes Maß an Entscheidungs- und Gestaltungsspielraum gehört dabei ebenso dazu, wie ein adäquates Einkommen, attraktive Entwicklungschancen und die V…;52.507706;13.420806
Data Engineer (m/w/d);;XXXLutz;Berlin;;2026-07-11;Adzuna;Not provided;;;;Unknown;Willkommen bei XXXLdigital, wo digitale Innovation echte Wirkung zeigt. Als digitaleOrganisationseinheit der XXXL-Gruppe widmen wir uns allen Facettendes E-Commerce undstationärem Handel.Die Zusammenstellung von Produkten für die Online-Shops, die Optimierung desKund:innenerlebnisses und die Abwicklung des digitalen Marketings – all das zählt zu unseremKerngeschäft. Die Bedürfnisse unserer Kund:innen stehen bei uns im Mittelpunkt, um einnahtloses Omnichannel-Einkaufserlebnis zu bieten. Unsere V…;52.54629;13.35917
Data Engineer (all genders) in Berlin;;Instaffo GmbH;Berlin;;2026-08-02;Adzuna;full_time;;;;Unknown;Du bist interessiert an der Stelle als Data Engineer (all genders) in Berlin bei PRODYNA SE ? Auf der Jobplattform Instaffo kannst du dich für diesen und weitere Jobs ohne großen Aufwand bewerben. Erstelle dein Profil in unter 3 Minuten und starte den Bewerbungsprozess mit nur wenigen Klicks. Bitte beachte, dass für diese Stelle eine Arbeitserlaubnis für Deutschland erforderlich ist. Die Sprachanforderungen für diese Stelle sind: Deutsch - Muttersprachliches Niveau, Englisch - Konversationssich…;52.52219;13.40933
Data Engineer (m/w/d);;ANGEHEUERT GmbH Personalberatung;Berlin;;2026-07-28;Adzuna;Not provided;;;;Stellen aus Personal & Personalbeschaffung;Du möchtest nicht nur Daten verarbeiten, sondern eine moderne Datenplattform entwickeln, die Analysen, Reporting und datengetriebene Entscheidungen im gesamten Unternehmen ermöglicht? Dann könnte diese Position genau das Richtige für dich sein. Unser Kunde, ein dynamisch wachsende E-Commerce Service Agentur in Berlin , zählt zu den erfolgreichsten Amazon-Händlern Deutschlands und vertreibt tausende Produkte Für den weiteren Ausbau der Data & Analytics Landschaft wird eine Persönlichkeit gesucht…;52.53261;13.3777
Cloud Data Engineer (all genders);;Instaffo GmbH;Berlin;;2026-07-16;Adzuna;full_time;;;;Unknown;Du bist interessiert an der Stelle als Cloud Data Engineer (all genders) bei msg systems ag ? Auf der Jobplattform Instaffo kannst du dich für diesen und weitere Jobs ohne großen Aufwand bewerben. Erstelle dein Profil in unter 3 Minuten und starte den Bewerbungsprozess mit nur wenigen Klicks. Bitte beachte, dass für diese Stelle eine Arbeitserlaubnis für Deutschland erforderlich ist. Die Sprachanforderungen für diese Stelle sind: Deutsch - Fließend Die geschätzte Gehaltsspanne von XING entspric…;52.52219;13.40933
Data Engineer (f/m/d);;Moonfare;Berlin;;2026-07-24;Adzuna;Not provided;;;;Stellen aus Buchhaltung & Finanzwesen;"Join the team rewriting the rules in private markets. Moonfare delivers what few others can: the highly sought-after funds and hidden-gem investments that go beyond what most private banks offer. Every opportunity is subjected to a ruthless vetting process; the bar is unforgivingly high. The result? Institutional-quality portfolios for investors who demand more. Our team combines finance veterans with talent from tech, consulting, law and industries you’d never expect. Headquartered in Berlin, …";52.507706;13.420806
Senior Data Engineer (all genders);;diconium;Berlin;;2024-11-27;Adzuna;full_time;;;;Unknown;Join our global team of experts At Diconium, we do digital business transformation across various industries. As a team member, you will work on projects that generate value from software, data, and AI by delivering strategies and solutions that challenge conventional industry practices and drive technological progress. Together with over 2,300 fellow experts, you enable Fortune 500 firms, global market leaders, and SMEs to maximize the impact of their digital initiatives and achieve digital ex…;52.507706;13.420806
Senior Data Engineer - Internal Platform;;Parloa;Berlin;;2026-04-18;Adzuna;Not provided;;;;IT-Stellen;"About Parloa Parloa’s mission is to make every customer conversation feel effortless for both customers and the companies serving them. As agentic AI accelerates, Parloans are shaping the foundation of a new era in customer experience, one where customer support is no longer transactions, but meaningful exchanges. It is not just a vision; Parloa has powered over ONE BILLION interactions between global enterprise brands and their customers, with companies like Booking.com , HealthEquity, Allianz…";52.507706;13.420806
Data Engineer (f/m/x);;LiveEO GmbH;Berlin;;2026-07-28;Adzuna;full_time;;;;Unknown;Build the Market Leader in Satellite Analytics with us at LiveEO We are looking for a Data Engineer (f/m/x) to own and harden the data-delivery and serving backbone of SurfaceScout, LiveEO's solution for monitoring changes around critical assets like pipelines and power grids to protect utility customers from third-party interference. You will make the path from detection to delivered customer insight reliable and repeatable. This covers the delivery-management and insight-generation services, …;52.4984;13.396
Senior Data Engineer, Constellation Services;;Planet;Berlin;;2026-07-12;Adzuna;Not provided;;;;Unknown;Welcome to Planet. We believe in using space to help life on Earth. Planet designs, builds, and operates the largest constellation of imaging satellites in history. This constellation delivers an unprecedented dataset of empirical information via a revolutionary cloud-based platform to authoritative figures in commercial, environmental, and humanitarian sectors. We are both a space company and data company all rolled into one. Customers and users across the globe use Planet's data to develop ne…;52.507706;13.420806
Snowflake Data Engineer (all genders);;adesso SE;Berlin;;2026-07-16;Adzuna;full_time;;;;Unknown;adesso steht für IT-Exzellenz und damit auch für exzellente Entwicklungsmöglichkeiten für alle adessi. Wir wachsen gemeinsam und lernen voneinander – an unseren Projekten, im Team und mit herausragenden Trainingsangeboten. Wir haben IT im Herzen, die Branche im Blick und den Erfolg unserer Kunden im Sinn. Denn erfolgreiches Geschäft entsteht durch innovative Ideen, zukunftsfähige Strategien und kluge IT-Lösungen. Immer sind dabei Menschen beteiligt, die etwas bewegen wollen und das einfach mach…;52.507706;13.420806
Production Data Engineer (all genders);;Stark;Berlin;;2026-07-06;Adzuna;full_time;;;;Unknown;About Us STARK is a new kind of defence technology company revolutionizing the way autonomous systems are deployed across multiple domains. We design, develop, and manufacture high-performance unmanned systems that are software-defined, mass-scalable, and cost-effective. This provides our operators with a decisive edge in highly contested environments. We are focused on delivering deployable, high-performance systems, not future promises. In a time of rising threats, STARK is bolstering the tec…;52.51551;13.38475
(Junior) Data Engineer - Data Platform (m/f/d);;1KOMMA5˚;Berlin;;2026-07-28;Adzuna;Not provided;;;;Unknown;1KOMMA5° At 1KOMMA5° , we pursue a clear vision: Living on wind and sunlight forever for free . To make this a reality, we are building the energy system of the future with Heartbeat AI. Want to be part of it? We bring together regional craftsmanship and scalable software: We don't think of solar, batteries, heat pumps, and e-mobility as isolated components, but control them as an intelligent, integrated overall system in our virtual power plant. Directly connected to the electricity market – i…;52.53261;13.3777
Data Engineer II, Operations - Quick Commerce;;Delivery Hero;Berlin;;2026-07-28;Adzuna;Not provided;;;;IT-Stellen;Job Description We are looking for a skilled Data Engineer II to join our team and help us take our operations to the next level. The team's mission is to improve vendors' experience and bring value to the critical path of supply chain process through data science and data engineering. You will be working with an international and experienced team, shaping the experience for millions of customers who order daily through our platform. You’ll help design, build, and maintain the features and work…;52.507706;13.420806
Senior Data Engineer (m/f/d);;Axel Springer Tech GmbH;Berlin;;2026-07-21;Adzuna;Not provided;;;;IT-Stellen;Job Description own data products end-to-end, from building pipelines to responding to incidents and improving reliability hands-on engineering: building, testing, and reasoning about the data transforms and services that run the business build data-quality checks, lineage, and freshness directly into the work so data consumers can rely on it design schemas that handle late and messy data and reflect how the business actually asks questions collaborate with analysts, data scientists, and produc…;52.507706;13.420806
(Senior) Data Engineer (m/f/x);;Scalable GmbH;Berlin;;2026-07-30;Adzuna;Not provided;;;;Technikerstellen;Job Description As a (Senior) Data Engineer in our data engineering tribe spanning over data platform, analytics, and regulatory reporting teams, you play a crucial role in owning our data stack. You will be instrumental in building and maintaining robust data pipelines, making critical data available to various stakeholders throughout the company, and contributing to our data-driven culture. Develop the scalable, cloud-based data platform essential to our data-driven company, leveraging the mo…;52.507706;13.420806
Senior Data Engineer (m/w/d);;ANGEHEUERT GmbH;Berlin;;2026-07-31;Adzuna;full_time;;;;IT-Stellen;Du möchtest nicht nur Daten verarbeiten, sondern eine moderne Datenplattform entwickeln, die Analysen, Reporting und datengetriebene Entscheidungen im gesamten Unternehmen ermöglicht? Dann könnte diese Position genau das Richtige für dich sein. Unser Kunde, ein dynamisch wachsende E-Commerce Service Agentur in Berlin , zählt zu den erfolgreichsten Amazon-Händlern Deutschlands und vertreibt tausende Produkte Für den weiteren Ausbau der Data & Analytics Landschaft wird eine Persönlichkeit gesucht…;52.507706;13.420806
Lead Data Engineer (w/m/d);;hallo theo;Berlin;;2026-07-09;Adzuna;full_time;;;;Unknown;Als Lead Data Engineer (w/m/d) baust du das Datenfundament, auf dem Theos AI-Produkte laufen. Wir bauen das AI-Operating-System für die Immobilienverwaltung und deine Mission ist es die Daten für unsere Agenten und Automatisierungen bereitzustellen. Du übernimmst eine Lead-IC-Rolle an der Schnittstelle aus Tech Lead, Architekt:in und hands-on Engineer und prägst maßgeblich das Design und die Entwicklung unserer Datenschicht: von der Extraktion aus Dokumenten und operativen Systemen bis zur prod…;52.507706;13.420806
Data Engineer / DevOps Engineer (all genders);;Quanto Solutions GmbH;Berlin;;2026-07-16;Adzuna;Not provided;;;;Unknown;Was wir bieten Vielfältige Kundenprojekte Sehr gutes Gehalt und ein attraktives Bonusmodell Flexible Arbeitszeiten, Homeoffice-Option, 31 Tage Urlaub Mobilitätsangebot (Bahn, Bike, Auto) Firmenfitness (EGYM-Wellpass) Moderne IT-Ausstattung, Laptop/Handy auch zur privaten Nutzung Eine betriebliche Altersvorsorge mit einem Zuschuss von 20% Weiterbildungsmöglichkeiten und Event/Messebesuche flache Hierarchien und kurze Wege Aufgeschlossenheit und ein offenes Ohr für Deine Ideen und Verbesserungsvo…;52.507706;13.420806
Senior Data Engineer (m/f/d);;Eberlein Kunz;Berlin;;2026-07-16;Adzuna;full_time;;;;Unknown;Preamble We are a fast-growing e-commerce service agency based in Berlin. Since 2013, we have been helping retailers, brands, and manufacturers unlock their full potential in e-commerce, with a particular focus on the Amazon marketplace. Our core categories include food, natural cosmetics, household goods, and other high-demand consumer products. Many of our clients rank among the bestsellers in their respective categories. Our success is driven by a team of 70 colleagues. We work in a data-dri…;52.5508;13.49953
Data Engineer (all genders) Business Intelligence;;NETINERA Deutschland GmbH;Berlin;;2026-07-23;Adzuna;Not provided;;;;Unknown;Womit können wir dich begeistern? - 12 Tage Homeoffice pro Monat und flexible Arbeitszeiten bilden eine ideale Grundlage für die Work-Life-Balance - ​30 Tage Urlaub und eine unbefristete Festanstellung liefern Erholung, Planbarkeit und Sicherheit - Eine intensive Einarbeitung durch den Business Intelligence Manager, für einen idealen Start in Deine neue Rolle - Stetige Entwicklung und Weiterbildung - Freiraum für Eigeninitiative, Entscheidungen und eigenverantwortliches Arbeiten - Ein professio…;52.507706;13.420806
Senior Data Engineer (m/w/d);;Alexander Thamm GmbH;Berlin;;2026-07-16;Adzuna;full_time;;;;Unknown;Startdatum Wir suchen Dich an einem unserer deutschen Standorte in München, Nürnberg, Leipzig, Essen, Berlin oder Frankfurt am Main ! Deine Aufgaben Data und AI sind Dein zu Hause? Des Weiteren gestaltet sich Deine neue Herausforderung wie folgt: Konzeptionierung und Aufbau von Big Data/ Analytics Plattformen Auswahl von geeigneten Technologien für die Umsetzung von Data Analytics Use Cases in komplexen Cloud-Umgebungen Entwicklung, Ausführung und Skalierung von Daten-Pipelines auf Cluster-Arch…;52.507706;13.420806
Principal Data Engineer (m/w/d);;Alexander Thamm GmbH;Berlin;;2026-07-16;Adzuna;full_time;;;;Unknown;Startdatum Wir suchen Dich ab sofort an einem unserer deutschen Standorte in München, Nürnberg, Essen, Leipzig, Berlin oder Frankfurt am Main ! Deine Aufgaben Data und AI sind Dein zu Hause? Des Weiteren gestaltet sich Deine neue Herausforderung wie folgt: Konzeptionierung und Aufbau von Big Data / Analytics / AI Plattformen, inklusive DevOps workflows, IaC, CI/CD, IAM und Monitoring & Alerting Konzeption, Entwicklung und Skalierung von Daten-Pipelines auf verschiedenen Cloud-Architekturen unte…;52.507706;13.420806
(Senior) Data Engineer (m/w/d);;Galvany;Berlin;;2026-05-07;Adzuna;full_time;;;;Unknown;At GALVANY , our goal is to make climate-neutral living a reality for everyone. We focus on execution – developing concrete, smart solutions and making heat pumps, battery storage, and smart metering easy to access, reliable, and affordable. GALVANY-Tech drives the energy transition through software. We're building an AI-based Operating System for sales, planning, installation and operation of heat pumps and integrated energy systems – from single-family homes to multi-unit buildings, and acros…;52.507706;13.420806
(Senior) Data Engineer (m/f/d);;adsquare;Berlin;;2026-05-12;Adzuna;full_time;;;;Unknown;Intro At Adsquare, our mission is driven by our core focus: Passion – Solving complex challenges with great people, tech, and data. Niche – Location Intelligence for Programmatic Advertisers. Our core values are integral to everything we do: Drive: We turn ambition into action to deliver valuable outcomes. Resilience: We adapt, persevere, and grow stronger. No BS: We value honesty, transparency, and clear communication. Humble: We choose modesty over vanity and let results speak for themselves.…;52.55114;13.42321
Senior Data Engineer (m/w/d) Snowflake;;INFOMOTION GmbH;Munich;;2026-07-29;Adzuna;Not provided;;;;Unknown;Wir sind die AI & Data Performance Company – mit über 750 Datenenthusiastinnen und -enthusiasten in Deutschland, Österreich, der Schweiz, Polen und Rumänien, die Datenpotenzial entfesseln und den größtmöglichen Nutzen aus Daten schaffen. Unsere Teams arbeiten länderübergreifend daran, unsere Kunden in der datengetriebenen Weiterentwicklung ihrer Geschäftsmodelle zu unterstützen. Als einer der wenigen Snowflake ELITE Partner weltweit arbeitest Du bei uns direkt an der Spitze der Dateninnovation …;48.137418;11.555737
Senior Applied AI / ML Data Engineer (f/m/x);;BMW Group;Munich;;2026-08-01;Adzuna;Not provided;;;;Unknown;ARE YOU PREPARED FOR THE FUTURE? AI, AI SIR! Artificial Intelligence and machine learning are at the cutting edge when it comes to shaping next-gen mobility in areas like automated driving. But it takes real intellectual leadership and expertise to identify and then harness the AI trends and technologies that will transform the way people travel for good. We are an international team of experts shaping the future of intelligent mobility by developing privacy-first data and model solutions for B…;48.18446;11.57287
Data Engineer;;ALL IN GROUP;Munich;;2026-07-09;Adzuna;full_time;;;;Stellen aus Buchhaltung & Finanzwesen;HEY DU! Für unser Team suchen wir an unserem Standort im Herzen von München ab sofort einen Data Engineer (m/w/d) in Voll- oder Teilzeit . Du liebst es, mit Daten zu arbeiten und diese für alle nutzbar zu machen? Du begeisterst Dich für smarte Data Pipelines, moderne Tools und sauberen Code? Du hast richtig Lust, unsere Datenplattform auf das nächste Level zu heben? Dann bist Du bei uns goldrichtig! Wir sind die ALL IN GROUP - ein führender Player im E-Commerce. Klingt groß? Ist es auch. Unter …;48.14093;11.56907
Data Engineer;;CELUS;Munich;;2026-07-30;Adzuna;full_time;;;;Unknown;Your responsibilities At CELUS , we're building the platform where component adoption happens and are hiring a Data Engineer (F/M/D) , who will play a key role in building reliable, scalable data pipelines and ingestion processes that create real impact across our product and the wider business, while supporting analytics initiatives across the business. Your responsibilities will include: Design, build, and maintain scalable ETL and data ingestion pipelines using Databricks , PySpark , support…;48.13344;11.58399
Azure Data Platform Engineer (m/w/d);;netgo group GmbH;Munich;;2026-01-07;Adzuna;full_time;;;;IT-Stellen;"Werde auch du ""part of netgo group"" - einem der größten IT-Dienstleister Deutschlands. Über 1.500 Mitarbeiter*innen an zahlreichen Standorten in ganz Deutschland erwarten dich als neues Teammitglied. Du legst Wert auf einen modernen Arbeitsplatz, ein familienfreundliches Umfeld und spannende Herausforderungen? Dann bist du bei uns genau richtig! Dein neuer Job Du sorgst dafür, dass Datenbanken stabil laufen, performant bleiben und sich zukunftsfähig weiterentwickeln. Dabei arbeitest Du sowohl i…";48.137418;11.555737
Data Engineer — Orbital Data Pipelines;;Project-S Space and Beyond Technologies GmbH;Munich;;2026-06-27;Adzuna;full_time;;;;IT-Stellen;Role Summary Project-S is hiring a Data Engineer to build the orbital data foundation for our Heat Map, conjunction screening, CDM generation, Pc scoring, and Safety Zone products. This role owns ingestion, normalization, versioning, quality checks, lineage, and storage for TLEs, ephemerides, event data, and future sensor or radar-derived datasets. Key Responsibilities Build multi-source orbital data ingestion pipelines, starting with TLE sources such as Space-Track and alternate providers. Des…;;
Lead Data Engineer - Data Migration & Lakehouse;;Squer;Munich;;2026-07-19;Adzuna;full_time;;;;Unknown;Description You thrive on turning decades of legacy complexity into clean, modern data architecture. You feel at home navigating undocumented mainframes, tangled schemas, and ambiguous specs — and you know how to translate that chaos into a clear technical path forward. If you love owning complex migrations end-to-end, building trust with stakeholders through clarity and honesty, and shaping how data moves from legacy into the lakehouse era — this is for you. Your tasks Migration Ownership: Lea…;48.13258;11.59129
Lead Data Engineer - Data Migration & Lakehouse;;SQUER;Munich;;2026-07-17;Adzuna;full_time;;;;Unknown;Description You thrive on turning decades of legacy complexity into clean, modern data architecture. You feel at home navigating undocumented mainframes, tangled schemas, and ambiguous specs — and you know how to translate that chaos into a clear technical path forward. If you love owning complex migrations end-to-end, building trust with stakeholders through clarity and honesty, and shaping how data moves from legacy into the lakehouse era — this is for you. Your tasks Migration Ownership: Lea…;48.13258;11.59129
Working student Data Engineer;;Allianz Digital Health GmbH;Munich;;2026-07-22;Adzuna;Not provided;;;;Stellen aus Buchhaltung & Finanzwesen;Allianz Digital Health GmbH (ADH) is a Munich, Germany based subsidiary of Allianz SE. ADH's role is to define and implement best practices in Health data management, product design, pricing, underwriting, and claims management and to foster business performance of Allianz Health insurance entities around the globe. ADH also develops software tools and supports implementation in Allianz Health insurance entities to ensure technical excellence along the Health insurance value chain. As a working…;48.14093;11.56907
Data Engineer (m/f/d);;Avomind;Munich;;2026-06-19;Adzuna;full_time;;;;Verwaltungsstellen;What client look for: You design, build, and optimize scalable data pipelines and architectures that form the foundation for analytics and AI solutions. You ensure that data from various sources is efficiently integrated, transformed, and made available for business and analytics use cases. You collaborate closely with Data Scientists, Consultants, and Product Owners to deliver end-to-end data solutions with measurable business impact. You develop and maintain ETL/ELT processes that ensure data…;;
Data Engineer (m/w/d);;Controlware GmbH;Munich;;2026-07-21;Adzuna;Not provided;;;;Unknown;Warum Controlware? Mit ca. 400 Mio. EUR Umsatz und 1000 Mitarbeitern sind wir nicht nur einer der führenden unabhängigen IT-Dienstleister und Managed Service Provider in der DACH Region. Wir sind auch innovativ, fair und nachhaltig. Wir geben unseren hochqualifizierten Mitarbeitern die Möglichkeit sich in einem dynamischen Umfeld zu entwickeln. Ein hohes Maß an Entscheidungs- und Gestaltungsspielraum gehört dabei ebenso dazu, wie ein adäquates Einkommen, attraktive Entwicklungschancen und die V…;48.137418;11.555737
Data Engineer (m/w/d);;Instaffo GmbH;Munich;;2026-07-21;Adzuna;part_time;;;;Unknown;Du bist interessiert an der Stelle als Data Engineer (m/w/d) bei ALL IN GROUP GmbH (myposter) ? Auf der Jobplattform Instaffo kannst du dich für diesen und weitere Jobs ohne großen Aufwand bewerben. Erstelle dein Profil in unter 3 Minuten und starte den Bewerbungsprozess mit nur wenigen Klicks. Bitte beachte, dass für diese Stelle eine Arbeitserlaubnis für Deutschland erforderlich ist. Die Sprachanforderungen für diese Stelle sind: Deutsch - Muttersprachliches Niveau Die geschätzte Gehaltsspann…;48.15067;11.43553
Data Engineer (f/m/d);;Amfileon AG;Munich;;2026-07-16;Adzuna;full_time;;;;Unknown;Founded by industry leading experts, Amfileon’s mission is to find and capitalize on inefficiencies in liquid capital markets by building statistical models based on relevant data sets. We employ state-of-the-art trading technologies & algorithms to implement our models in global markets. Our team consists of highly numerate, detail-oriented scientists. Tasks The Role We are looking to hire a Data Engineer to join our team. You will work on designing, building, and operating the data systems th…;48.13532;11.50283
Snowflake Data Engineer (all genders);;adesso SE;Munich;;2026-07-16;Adzuna;full_time;;;;Unknown;adesso steht für IT-Exzellenz und damit auch für exzellente Entwicklungsmöglichkeiten für alle adessi. Wir wachsen gemeinsam und lernen voneinander – an unseren Projekten, im Team und mit herausragenden Trainingsangeboten. Wir haben IT im Herzen, die Branche im Blick und den Erfolg unserer Kunden im Sinn. Denn erfolgreiches Geschäft entsteht durch innovative Ideen, zukunftsfähige Strategien und kluge IT-Lösungen. Immer sind dabei Menschen beteiligt, die etwas bewegen wollen und das einfach mach…;48.137418;11.555737
Data Engineer (m/f/d);;OMMAX;Munich;;2026-05-12;Adzuna;full_time;;;;Beraterstellen;What we look for: You design, build, and optimize scalable data pipelines and architectures that form the foundation for analytics and AI solutions. You ensure that data from various sources is efficiently integrated, transformed, and made available for business and analytics use cases. You collaborate closely with Data Scientists, Consultants, and Product Owners to deliver end-to-end data solutions with measurable business impact. You develop and maintain ETL/ELT processes that ensure data qua…;48.14093;11.56907
(Senior) Data Engineer Data & AI (f/m/d);;E.ON Digital Technology GmbH;Munich;;2026-07-15;Adzuna;Not provided;;;;IT-Stellen;You have a passion for technology and want to make the world a greener place? Join the forefront of energy transition with E.ON's Digital Technology organization, as part of our technology in-house consulting, Expert Services. As a professional services organization, we collaborate closely with our business units, providing pivotal services that accelerate E.ON's ambitious Digital Transformation strategy. If you have a passion for leading the green transition with digital innovation, become a p…;48.137418;11.555737
(Senior) Data Engineer (m/f/x);;Scalable GmbH;Munich;;2026-07-30;Adzuna;Not provided;;;;Technikerstellen;Job Description As a (Senior) Data Engineer in our data engineering tribe spanning over data platform, analytics, and regulatory reporting teams, you play a crucial role in owning our data stack. You will be instrumental in building and maintaining robust data pipelines, making critical data available to various stakeholders throughout the company, and contributing to our data-driven culture. Develop the scalable, cloud-based data platform essential to our data-driven company, leveraging the mo…;48.137418;11.555737
Senior Data Engineer (m/w/d);;STAT-UP Statistical Consulting & Data Science;Munich;;2026-04-24;Adzuna;Not provided;;;;Beraterstellen;STAT-UP ist eine spezialisierte Beratung für Statistik, Data Science und KI. Wir arbeiten branchenübergreifend — unter anderem im öffentlichen Sektor, in Versicherungen und weiteren datenintensiven Bereichen. Für diese Rolle suchen wir gezielt Verstärkung für unsere Projekte im öffentlichen Sektor. Dort entwickeln wir Lösungen, die nicht nur technisch anspruchsvoll sind, sondern spürbare positive gesellschaftliche Wirkung entfalten. Wir suchen dafür starke Senior Data Engineers, die komplexe Pr…;48.14093;11.56907
(Senior) Data Engineer (m/w/d);;Amadeus Fire AG;Munich;;2026-07-16;Adzuna;full_time;;;;Unknown;(Senior) Data Engineer (m/w/d) Referenz 12-245897 Suchen Sie eine neue Herausforderung, bei der Sie Ihr erworbenes Wissen gezielt einsetzen können? Dann gehen Sie mit uns den nächsten Schritt! Im Auftrag eines renommierten Finanzdienstleisters mit Sitz im Zentrum von München suchen wir zum nächstmöglichen Zeitpunkt Ihre Unterstützung in der IT ! Der Gehaltsrahmen liegt bei 80.000 Euro p. a.! Wir suchen Sie, im Rahmen der direkten Personalvermittlung in Festanstellung als (Senior) Data Engineer …;48.14093;11.56907
Senior Data Engineer (f/m/d);;TrustYou;Munich;;2026-07-16;Adzuna;full_time;;;;Unknown;Senior Data Engineer Location: Germany / Spain / Romania (Remote) The Role As a Senior Data Engineer, you will drive the end-to-end development of our core data infrastructure through AI-native engineering. Championing our AI DevEx approach, you will orchestrate AI agents to rapidly build, scale, and refactor high-performance systems. We are looking for a technical expert who takes hands-on ownership of distributed, real-time architectures. Leveraging your deep data engineering expertise, you w…;48.137418;11.555737
Cloud Data Engineer (m/w/d);;hubside - Die Recruitingwerkstatt;Munich;;2026-07-16;Adzuna;full_time;;;;Unknown;Als Cloud Data Engineer verantworten Sie den Aufbau und die kontinuierliche Weiterentwicklung einer modernen Data-Lakehouse-Architektur auf Basis von Microsoft Fabric und Databricks. Sie bereiten komplexe Datenquellen mithilfe von SQL und Python auf, entwickeln aussagekräftige Analytics- und BI-Lösungen und stellen durch automatisierte Integrationen sowie stabiles Pipeline-Monitoring eine hohe Datenqualität sicher. Sie kennen jemanden der auf die Stellenausschreibung passt? Dann holen Sie sich …;48.137418;11.555737
Principal Data Engineer (m/f/d);;Thoughtworks;Munich;;2026-05-16;Adzuna;Not provided;;;;IT-Stellen;Principal data engineers at Thoughtworks, are strategic leaders who spearhead data engineering initiatives, tackle complex business challenges and uncover transformative insights. They possess a deep understanding of a client's business ecosystem and partner with executives to align technology strategies with business objectives. By contextualizing emerging trends and Thoughtworks' exploration, they expand the impact of data engineering within the client organization. They draw upon their profo…;;
Sustainability Data Engineer (all genders) | carbmee;;carbmee GmbH;Munich;;2026-07-29;Adzuna;full_time;;;;Unknown;Intro Every carbon number carbmee produces for a customer starts as someone else's mess: a dozen ERP exports, mismatched supplier spreadsheets, transactional data that doesn't line up with product data, emissions factors that don't map cleanly to anything. As a Sustainability Data Engineer, you build the pipelines that turn that mess into carbmee EIS™'s single source of truth: the foundation of every Corporate, Supply Chain, and Product carbon footprint (CCF, SCF, PCF) we calculate is built on.…;48.13344;11.58399
(Senior) Data Engineer (m/w/d);;Alexander Thamm GmbH;Munich;;2026-07-17;Adzuna;Not provided;;;;Unknown;Startdatum Wir suchen Dich ab sofort an einem unserer deutschen Standorte in München, Nürnberg, Frankfurt am Main, Essen, Leipzig oder Berlin ! Deine Aufgaben Data und AI sind Dein zu Hause? Deine neue Herausforderung gestaltet sich wie folgt: Zusammenarbeit mit Data Architects, Business Analysts und Infrastrukturteams zur Optimierung und Wartung komplexer ETL-Prozesse , um große Datenmengen effizient aus unterschiedlichen Quellsystemen zu verarbeiten Sicherstellung von Datenqualität, -integrat…;48.14093;11.56907
Data Scientist / Data Engineer (m/w/d);;Amadeus Fire AG;Munich;;2026-07-16;Adzuna;full_time;;;;Unknown;Data Scientist / Data Engineer (m/w/d) Referenz 12-241084 Sie möchten mit Daten echte Mehrwerte schaffen und moderne Technologien in einem zukunftsorientierten Unternehmen einsetzen? Dann bewerben Sie sich jetzt als Data Engineer / Dateningenieur (m/w/d) und gestalten Sie aktiv die digitale Transformation mit. Unser Mandant bietet Ihnen ein attraktives Gehaltspaket, flexible Arbeitszeiten und spannende Projekte rund um Datenintegration, Cloud-Technologien und Business Intelligence. Die Vermittl…;48.18446;11.57287
Senior Snowflake Data Engineer (m/w/d);;JobRad Loop;Munich;;2026-07-15;Adzuna;full_time;;;;Unknown;Lust auf eine besondere Herausforderung? Du möchtest als Senior Data Engineer nicht bei null anfangen, sondern eine bestehende Data Platform gezielt weiterentwickeln und nachhaltig prägen? Bei uns ist Data mehr als ein Trend – wir machen Daten zu einem echten Erfolgsfaktor. Unsere Datenlandschaft bildet bereits eine starke Grundlage, die wir gemeinsam mit dir technologisch weiterentwickeln und skalieren möchten. Mit deiner Expertise entwickelst du moderne Data Pipelines , skalierbare Data Archi…;48.13532;11.50283
Data Engineer (all genders) in München - PRODYNA SE;;PRODYNA SE;Munich;;2026-08-01;Adzuna;full_time;;;;Unknown;Als Data Engineer bei PRODYNA erarbeitest Du im Team komplexe Lösungen in unterschiedlichen Projekten. Unsere Kunden kommen aus Branchen wie Luftfahrt, Banken und Chemie. Der enge Kontakt zu unseren Kunden steht bei allen Projekten im Mittelpunkt. Bei PRODYNA hast Du die Möglichkeit, anspruchsvolle Projekte eigenverantwortlich zu gestalten und unsere Kunden bestmöglich zu unterstützen. Tätigkeiten Du bist verantwortlich für das Design und die Konzeption moderner Datenplattformen, die skalierbar…;;
Expert Perception Data Engineer (m/f/d);;driveblocks;Munich;;2026-05-24;Adzuna;full_time;;;;Unknown;Your Role As an Expert Perception Data Engineer you scale the data workflows that power the next-generation of off-road autonomy systems. You own the full data lifecycle from ingestion and curation to automated scenario mining, dataset generation, embeddings-based retrieval, and validation workflows. In this hands-on engineering role, your designs and implementations have a critical impact on enabling the robust and safe performance of our software in challenging off-road conditions. Your main …;48.137418;11.555737
(Senior) Data Engineer – Kunden Integration (all genders);;MEDIAPLUS Gruppe;Munich;;2026-04-29;Adzuna;full_time;;;;Unknown;Mediaplus Data ist spezialisiert auf datengetriebene Mediastrategien, innovative Analysekonzepte und maßgeschneiderte Data-Lösungen. Unsere Mission: Wir machen Daten und künstliche Intelligenz nutzbar – für bessere Entscheidungen, relevantere Kommunikation und nachhaltigen Markenerfolg. Mit unserem interdisziplinären Team unterstützen wir Unternehmen dabei, komplexe Datenströme intelligent zu verknüpfen und daraus strategisch verwertbare Insights zu generieren – präzise, skalierbar und zukunfts…;48.137418;11.555737
Senior Data Engineer (m/w/d) – Snowflake;;JobRad Loop;Munich;;2026-05-12;Adzuna;full_time;;;;Unknown;Lust auf eine besondere Herausforderung? Du möchtest die technische Grundlage für datengetriebene Entscheidungen aktiv mitgestalten und nicht nur bestehende Systeme verwalten? Dann werde Teil unseres Teams als Senior Data Engineer und bring unsere Datenlandschaft auf das nächste Level. Du entwickelst skalierbare Datenarchitekturen, verantwortest geschäftskritische Pipelines und gestaltest aktiv, wie Daten im Unternehmen genutzt werden. Bei uns arbeitest du an Lösungen, die echten Impact haben: …;48.13532;11.50283
Senior Data Engineer (m/w/d) – 100 % remote;;Personal Direkt 24 GmbH;Munich;;2026-07-21;Adzuna;full_time;;;;Unknown;Unser Kunde ist ein spezialisiertes IT-Dienstleistungsunternehmen mit Fokus auf anspruchsvolle Enterprise-, Cloud- und Data-Platform-Projekte. Das Unternehmen verbindet moderne Remote-Arbeit mit kurzen Entscheidungswegen, direktem Austausch und einem hohen Anspruch an technische Qualität, Verlässlichkeit und nachhaltige Lösungen. Aktuell entsteht mit AppHUB eine zentrale Data Platform, die als verbindender Hub zwischen unterschiedlichen Quellsystemen – beispielsweise SAP, Salesforce, Dateien un…;48.14093;11.56907
Data Engineer PostgreSQL | Migrationen und Schnittstellen | Inhouse, bis 100.000€ (mwd);;Vesterling AG;Munich;;2026-08-02;Adzuna;full_time;;;;Unknown;Vesterling Personalberatung für Technologie: Wir sind Pioniere im Technology Recruiting und vermitteln Informatiker und Ingenieure in Festanstellung. Wir sind für mehr als 2.500 Unternehmen tätig. Einmal bei uns bewerben, unzählige Job-Chancen erhalten. Ihr neuer Arbeitgeber ist ein inhabergeführtes deutsches Softwarehaus. Er ist langjährig im Markt etabliert und hat aufgrund seiner guten Beziehungen zu großen High-Tech-Kunden eine starke Marktstellung inne. Als Data Engineer PostgreSQL überneh…;48.14093;11.56907
Senior Consultant Data Modernization - Data Engineer (w/m/d);;KPMG;Munich;;2026-06-09;Adzuna;full_time;;;;Unknown;Senior Consultant Data Modernization - Data Engineer (w/m/d) Job-ID: 12829 Standorte: München Karrierelevel: Berufserfahrene Anstellungsart: Festanstellung in Vollzeit Begleite KPMG bei den zukünftigen Herausforderungen unserer Kund:innen. Begeistere auch Du Dich für innovative Datenlösungen und moderne Cloud-Technologien – und mach gemeinsam mit uns den Unterschied. Im Bereich Technology Transformation arbeitest Du eng mit unseren Kund:innen zusammen, um Datenplattformen zu transformieren, Ana…;48.13258;11.59129
Praktikum Data Engineer im Bereich Advanced Analytics (m/w/d);;Simon-Kucher & Partners;Munich;;2026-04-27;Adzuna;Not provided;;;;Unknown;Praktikum Data Engineer im Bereich Advanced Analytics (m/w/d) InDeutschland - Berlin| Bonn | Frankfurt/Main | Hamburg | Köln | München Du willst Praxiserfahrung in einer internationalen Unternehmensberatung sammeln? Bei uns kannst du dein Interesse an Wirtschaftsthemen mit deinen analytischen Fähigkeiten verbinden! Werde für mindestens 10 Wochen Teil eines außergewöhnlichen Teams. Was uns besonders macht: ein starker Unternehmergeist und jede Menge Gestaltungsfreiheit. Der Advanced Analytics Be…;;
Data Engineer (m/w/d) - ALL IN GROUP GmbH (myposter);;ALL IN GROUP GmbH ;Munich;;2026-08-02;Adzuna;full_time;;;;Unknown;HEY DU! Für unser Team suchen wir an unserem Standort im Herzen von München ab sofort einen Data Engineer (m/w/d) in Voll- oder Teilzeit . Du liebst es, mit Daten zu arbeiten und diese für alle nutzbar zu machen? Du begeisterst Dich für smarte Data Pipelines, moderne Tools und sauberen Code? Du hast richtig Lust, unsere Datenplattform auf das nächste Level zu heben? Dann bist Du bei uns goldrichtig! Tätigkeiten Du machst unsere Daten zum Power-Tool: Du bringst Daten aus Sales, Marketing, Web & …;;
Senior Data Engineer (w/m/d);;Ayvens;Hamburg;;2026-08-02;Adzuna;Not provided;;;;Unknown;Ayvens ist ein führender globaler Akteur für nachhaltige Mobilität mit dem Ziel: Making life flow better. Seit Jahrzehnten verbessert das Unternehmen die Mobilität und bietet Full-Service-Leasing, flexible Auto-Abo-Services, Flottenmanagement und Multi-Mobilitätslösungen für internationale Großunternehmen, KMU, Freiberufler und Privatpersonen an. Mit mehr als 14.000 Mitarbeitern in 42 Ländern, 3,2 Millionen Fahrzeugen und der weltgrößten Multibrand-Elektroflotte nutzt Ayvens seine einzigartige …;53.557429;9.987297
Senior Data Engineer (m/w/d) Snowflake;;Infomotion GmbH;Hamburg;;2026-06-07;Adzuna;Not provided;;;;Unknown;Wir sind die AI & Data Performance Company – mit über 750 Datenenthusiastinnen und -enthusiasten in Deutschland, Österreich, der Schweiz, Polen und Rumänien, die Datenpotenzial entfesseln und den größtmöglichen Nutzen aus Daten schaffen. Unsere Teams arbeiten länderübergreifend daran, unsere Kunden in der datengetriebenen Weiterentwicklung ihrer Geschäftsmodelle zu unterstützen. Als einer der wenigen Snowflake ELITE Partner weltweit arbeitest Du bei uns direkt an der Spitze der Dateninnovation …;53.557429;9.987297
Senior Data Engineer (m/w/d) Schwerpunkt KI und Automatisierung;;Reos GmbH;Hamburg;;2026-07-14;Adzuna;Not provided;;;;Unknown;Reos. Experience Real Estate. Wenn auch Du Deinen Teil dazu beitragen möchtest, Wohnimmobilien zum Leben zu erwecken, dann werde Teil unseres Teams. Reos ist die Zukunft der Immobilienverwaltung. Als digitaler Property Manager und Bewirtschaftungspartner haben wir es uns zur Aufgabe gemacht, das Property Management im Wohnungsmarkt zu revolutionieren. Dafür bildet Reos alle relevanten Prozesse effizient und innovativ ab. Das kommt sowohl den Mietenden als auch der Wertschöpfungskette im Residen…;53.557429;9.987297
Trainee Data Engineer / Data Scientist (m/w/d);;ISR Information Products AG;Hamburg;;2026-07-31;Adzuna;full_time;;;;IT-Stellen;Dein Team Du hast Freude an Innovationen, spannenden Inhalten und kollegialem Teamspirit? Mit unseren Berater:innen wächst du mit deinen Aufgaben und lernst von unseren Expert:innen. Gemeinsam beraten wir unsere deutsch- und englischsprachigen Kunden bei ihren Herausforderungen im Umfeld von Business Intelligence, Planung, Advanced Analytics & Data Science. Wir verbinden höchste Beratungskompetenz mit technischer Expertise. Dabei konzipieren und implementieren wir maßgeschneiderte Lösungen auf …;53.557429;9.987297
Senior Data Engineer (m/w/d) Snowflake;;INFOMOTION GmbH;Hamburg;;2026-07-22;Adzuna;Not provided;;;;Sonstige/Allgemeine Stellen;Wir sind die AI & Data Performance Company – mit über 750 Datenenthusiastinnen und -enthusiasten in Deutschland, Österreich, der Schweiz, Polen und Rumänien, die Datenpotenzial entfesseln und den größtmöglichen Nutzen aus Daten schaffen. Unsere Teams arbeiten länderübergreifend daran, unsere Kunden in der datengetriebenen Weiterentwicklung ihrer Geschäftsmodelle zu unterstützen. Als einer der wenigen Snowflake ELITE Partner weltweit arbeitest Du bei uns direkt an der Spitze der Dateninnovation …;53.557429;9.987297
IT-Spezialist als Trainee Data Engineer / Data Scientist (m/w/d);;ISR Information Products AG;Hamburg;;2026-07-31;Adzuna;full_time;;;;IT-Stellen;Dein Team Du hast Freude an Innovationen, spannenden Inhalten und kollegialem Teamspirit? Mit unseren Berater:innen wächst du mit deinen Aufgaben und lernst von unseren Expert:innen. Gemeinsam beraten wir unsere deutsch- und englischsprachigen Kunden bei ihren Herausforderungen im Umfeld von Business Intelligence, Planung, Advanced Analytics & Data Science. Wir verbinden höchste Beratungskompetenz mit technischer Expertise. Dabei konzipieren und implementieren wir maßgeschneiderte Lösungen auf …;53.557429;9.987297
Data Engineer als Senior Berater Projektmanagement & Kundenlösungen (m/w/d);;ISR Information Products AG;Hamburg;;2026-01-08;Adzuna;full_time;;;;Unknown;Dein Team Du hast Freude an Innovationen, spannenden Inhalten und kollegialem Teamspirit? Mit unseren Berater:innen wächst du mit deinen Aufgaben und lernst von unseren Expert:innen. Gemeinsam beraten wir unsere deutsch- und englischsprachigen Kunden bei ihren Herausforderungen im Umfeld von Business Intelligence, Planung, Advanced Analytics & Data Science. Wir verbinden höchste Beratungskompetenz mit technischer Expertise. Dabei konzipieren und implementieren wir maßgeschneiderte Lösungen auf …;53.557429;9.987297
Data Engineer / ETL-Developer im IT Consulting (m/w/d);;ISR Information Products AG;Hamburg;;2025-07-09;Adzuna;full_time;;;;Unknown;Dein Team Dein Team besteht aus sympathischen Entwickler:innen und Berater:innen, die sehr nah an der Technik arbeiten. Unser Ziel ist es, Analytics-Lösungen zu bauen, die den Kunden jederzeit Zugriff auf verlässliche Informationen geben, sodass sie damit die Geschäftsergebnisse messen, überwachen und beeinflussen können. Kurzum: Wir bauen die entscheidenden Systeme für unsere Kunden. Was wir von dir erwarten: Eine eigenverantwortliche und strukturierte Arbeitsweise und Begeisterung für Technik…;53.557429;9.987297
IT-Spezialist als Trainee Data Engineer - SAP BW, Data-Warehouse (m/w/d);;ISR Information Products AG;Hamburg;;2026-07-31;Adzuna;full_time;;;;IT-Stellen;Dein Team Du hast Freude an Innovationen, spannenden Inhalten und kollegialem Teamspirit? Mit unseren Berater:innen wächst du mit deinen Aufgaben und lernst von unseren Expert:innen. Gemeinsam beraten wir unsere deutsch- und englischsprachigen Kunden bei ihren Herausforderungen im Umfeld von Business Intelligence, Planung, Advanced Analytics & Data Science. Wir verbinden höchste Beratungskompetenz mit technischer Expertise. Dabei konzipieren und implementieren wir maßgeschneiderte Lösungen auf …;53.557429;9.987297
Wirtschaftsinformatiker als Trainee Data Engineer - SAP Analytics Cloud (m/w/d);;ISR Information Products AG;Hamburg;;2026-07-31;Adzuna;full_time;;;;IT-Stellen;Dein Team Du hast Freude an Innovationen, spannenden Inhalten und kollegialem Teamspirit? Mit unseren Berater:innen wächst du mit deinen Aufgaben und lernst von unseren Expert:innen. Gemeinsam beraten wir unsere deutsch- und englischsprachigen Kunden bei ihren Herausforderungen im Umfeld von Business Intelligence, Planung, Advanced Analytics & Data Science. Wir verbinden höchste Beratungskompetenz mit technischer Expertise. Dabei konzipieren und implementieren wir maßgeschneiderte Lösungen auf …;53.557429;9.987297
Computer Engineer as Trainee Data Engineer / Data Scientist (m/w/d);;ISR Information Products AG;Hamburg;;2026-07-31;Adzuna;full_time;;;;IT-Stellen;Dein Team Du hast Freude an Innovationen, spannenden Inhalten und kollegialem Teamspirit? Mit unseren Berater:innen wächst du mit deinen Aufgaben und lernst von unseren Expert:innen. Gemeinsam beraten wir unsere deutsch- und englischsprachigen Kunden bei ihren Herausforderungen im Umfeld von Business Intelligence, Planung, Advanced Analytics & Data Science. Wir verbinden höchste Beratungskompetenz mit technischer Expertise. Dabei konzipieren und implementieren wir maßgeschneiderte Lösungen auf …;53.557429;9.987297
IT-Ingenieur als Trainee Data Engineer SAP BTP - Business Intelligence (m/w/d);;ISR Information Products AG;Hamburg;;2026-07-31;Adzuna;full_time;;;;IT-Stellen;Dein Team Du hast Freude an Innovationen, spannenden Inhalten und kollegialem Teamspirit? Mit unseren Berater:innen wächst du mit deinen Aufgaben und lernst von unseren Expert:innen. Gemeinsam beraten wir unsere deutsch- und englischsprachigen Kunden bei ihren Herausforderungen im Umfeld von Business Intelligence, Planung, Advanced Analytics & Data Science. Wir verbinden höchste Beratungskompetenz mit technischer Expertise. Dabei konzipieren und implementieren wir maßgeschneiderte Lösungen auf …;53.557429;9.987297
Azure Data & Integration Engineer (m/w/d);;Delphi HR-Consulting GmbH;Hamburg;;2026-07-26;Adzuna;full_time;;;;IT-Stellen;Delphi HR-Consulting GmbH Unser Mandant ist ein international führendes mittelständisches Unternehmen aus Transport und Logistik mit globaler Präsenz und hoher operativer Komplexität. Am Hamburger Standort in sehr attraktiver Lage entsteht ein modernes Technologieumfeld, in dem IT, Schnittstellen, System-Integration und Datenarchitektur eine zentrale Rolle für die Weiterentwicklung des Geschäftsmodells spielen. Architects und Engineers erwartet ein spannender Tech Stack, ein anspruchsvolles int…;53.57767;9.98895
Data Engineer (all genders);;vrame Consult GmbH;Hamburg;;2026-07-07;Adzuna;full_time;;;;Unknown;Deine Rolle bei uns Du machst aus komplexen Geo-, Sensor- und Infrastrukturdaten nutzbare Informationen. Von Punktwolken, Raster- und Vektordaten bis hin zu Befahrungs- und Befliegungsdaten entwickelst du leistungsfähige Datenlösungen und stellst sicher, dass räumliche Zusammenhänge, Datenqualität und fachliche Konsistenz jederzeit gewährleistet sind. Welche Aufgaben auf dich warten Entwicklung und Betrieb skalierbarer Datenlösungen für die Verarbeitung großer Geo-, Infrastruktur- und Sensordat…;53.5504;9.99417
System Platform Engineer KI (m/w/d);;R+V Allgemeine Versicherung AG;Hamburg;;2026-08-02;Adzuna;Not provided;;;;IT-Stellen;Lass uns gemeinsam neue Wege gehen! Denn genau das tun wir bei der RV, einem der größten Versicherer Deutschlands. Willkommen im Ressort Operations und IT, in dem die RV alle kundennahen Operations-Einheiten und die IT bündelt. Ziel ist es, Prozesse und technische Voraussetzungen so zu verbessern, dass die RV Kundenanliegen schneller, effizienter und digitaler bearbeiten kann. Innovative Techno­logien und unsere vielfältige Systemlandschaft bieten Möglichkeiten für fachliche und persönliche Ent…;53.557429;9.987297
Data Engineer (w/m/d);;Highberg DACH;Hamburg;;2023-10-05;Adzuna;full_time;;;;Unknown;Wer wir sind Als eine der führenden Beratungen der Medienbranche treibt Highberg DACH (ehemals SCHICKLER) den digitalen Wandel in Medienunternehmen in Deutschland, Österreich und der Schweiz aktiv voran. In der Medienwelt von heute entscheidet Datenkompetenz über Sichtbarkeit, Reichweite und Erfolg. Wer relevant bleiben will, muss Wandel aktiv gestalten – genau deshalb suchen wir dich. Deine Aufgaben Als Data Engineer treibst Du gemeinsam mit Deinem Projekt-Team herausfordernde Datenprojekte vo…;53.54167;9.99333
Data Engineer (all genders) in Hamburg;;Instaffo GmbH;Hamburg;;2026-08-03;Adzuna;full_time;;;;Unknown;Du bist interessiert an der Stelle als Data Engineer (all genders) in Hamburg bei PRODYNA SE ? Auf der Jobplattform Instaffo kannst du dich für diesen und weitere Jobs ohne großen Aufwand bewerben. Erstelle dein Profil in unter 3 Minuten und starte den Bewerbungsprozess mit nur wenigen Klicks. Bitte beachte, dass für diese Stelle eine Arbeitserlaubnis für Deutschland erforderlich ist. Die Sprachanforderungen für diese Stelle sind: Deutsch - Muttersprachliches Niveau, Englisch - Konversationssic…;53.5504;9.99417
Data Engineer (w/m/d);;Highberg;Hamburg;;2026-05-12;Adzuna;full_time;;;;Beraterstellen;Wer wir sind Als eine der führenden Beratungen der Medienbranche treibt Highberg DACH (ehemals SCHICKLER) den digitalen Wandel in Medienunternehmen in Deutschland, Österreich und der Schweiz aktiv voran. In der Medienwelt von heute entscheidet Datenkompetenz über Sichtbarkeit, Reichweite und Erfolg. Wer relevant bleiben will, muss Wandel aktiv gestalten – genau deshalb suchen wir dich. Unser Tech Stack: Programmiersprachen: Python, R, JavaScript, SQL ETL / Data-Modeling: dbt, Google Dataflow, P…;53.54167;9.99333
Data Engineer (m/w/d);;FindYou Consulting GmbH;Hamburg;;2026-08-01;Adzuna;full_time;;;;Unknown; Weg vom Standard, hin zu echtem Impact: Baue das Herzstück einer modernen Investmentbank. Zum Unternehmen: Unser Kunde ist eine Privatbank, die sich radikal neu erfunden hat. Weg von alten Strukturen, hin zu einem agilen, internationalen Umfeld, das die Energie eines FinTechs mit der Solidität einer Investmentbank verbindet. Das Team konzentriert sich auf individuelle Finanzierungslösungen (z.B. Erneuerbare Energien) und agiert als smarter Partner für den Mittelstand. ​​​​​​​ Hard Facts Branch…;53.557429;9.987297
(Senior) Data Engineer (all genders);;Eraneos Germany GmbH;Hamburg;;2026-07-16;Adzuna;Not provided;;;;Unknown;Das findest Du bei uns Wir sind ein dynamisches Cloud- und Data-Engineering-Team und suchen gleichgesinnte, motivierte Tech-Entwickler. Wir legen großen Wert auf Eigenverantwortung und geschäftliche Ergebnisse. Als Analytics-Abteilung einer globalen Unternehmensberatung setzen wir datengestützte Strategien in Produktionssysteme um. Zu unseren Kunden zählen führende DAX- und Fortune-Global-500-Unternehmen, die auf unsere Expertise in den Bereichen Datenplattformen, Big Data und Cloud-Engineering…;53.557429;9.987297
(Junior) Data Engineer - Data Platform (m/f/d);;1Komma5° GmbH;Hamburg;;2026-07-28;Adzuna;full_time;;;;Unknown;1KOMMA5° At 1KOMMA5° , we pursue a clear vision: Living on wind and sunlight forever for free . To make this a reality, we are building the energy system of the future with Heartbeat AI. Want to be part of it? We bring together regional craftsmanship and scalable software: We don't think of solar, batteries, heat pumps, and e-mobility as isolated components, but control them as an intelligent, integrated overall system in our virtual power plant. Directly connected to the electricity market – i…;53.55197;9.98553
Data Engineer (m/w/d) Hamburg;;Franklin Fitch Limited;Hamburg;;2026-07-30;Adzuna;full_time;;;;Unknown;Über uns Du begeisterst dich für moderne Datenplattformen, Cloud-Technologien und Data Engineering ? Du möchtest nicht nur Daten verarbeiten, sondern Unternehmen dabei unterstützen, zukunftsfähige Datenarchitekturen aufzubauen? Dann könnte diese Position genau das Richtige für dich sein. Gesucht wird ein Data Engineer (m/w/d) , der moderne Datenlösungen entwickelt, Kunden bei Architekturentscheidungen berät und innovative Projekte im Microsoft-Cloud-Umfeld begleitet. Aufgaben Du entwickelst und…;53.5504;9.99417
INTERIM Data Engineer Databricks / dbt (gn);;Michael Page;Hamburg;;2026-07-24;Adzuna;Not provided;;;;Unknown;Intro Renommiertes Unternehmen in Hamburg databricks, engineer, odata, soap, dbt, Python Firmenprofil Start: ASAP Dauer: ca. 6 Monate Auslastung: Vollzeit Einsatzort: Remote Aufgabengebiet Betrieb, Wartung und Weiterentwicklung der bestehenden Data Warehouse Umgebung Aufbau, Optimierung und Monitoring von Datenpipelines Datenverarbeitung und -bereitstellung innerhalb von Databricks (AWS) Entwicklung und Pflege von Datenmodellen mit dbt Sicherstellung von Datenqualität, Stabilität und Performanc…;53.557429;9.987297
Data Engineer / DevOps Engineer (all genders);;Quanto Solutions GmbH;Hamburg;;2026-07-16;Adzuna;Not provided;;;;Unknown;Was wir bieten Vielfältige Kundenprojekte Sehr gutes Gehalt und ein attraktives Bonusmodell Flexible Arbeitszeiten, Homeoffice-Option, 31 Tage Urlaub Mobilitätsangebot (Bahn, Bike, Auto) Firmenfitness (EGYM-Wellpass) Moderne IT-Ausstattung, Laptop/Handy auch zur privaten Nutzung Eine betriebliche Altersvorsorge mit einem Zuschuss von 20% Weiterbildungsmöglichkeiten und Event/Messebesuche flache Hierarchien und kurze Wege Aufgeschlossenheit und ein offenes Ohr für Deine Ideen und Verbesserungsvo…;53.557429;9.987297
Data Engineer Datenplattform (m/w/d);;EDEKA IT Stiftung & Co. OHG;Hamburg;;2026-02-05;Adzuna;full_time;;;;Unknown;Wir bei der EDEKA IT sind das Herzstück des digitalen Wandels im EDEKA-Verbund. Als leistungsstarkes Team entwickeln wir IT-Strategien, -Infrastrukturen und -Dienstleistungen für alle Handelsbereiche des EDEKA-Verbunds in ganz Deutschland. Wir bündeln unsere Kompetenzen, um innovative Lösungen zu entwickeln und umzusetzen. So treiben wir den Handel von morgen voran - vielleicht schon bald gemeinsam mit dir? In deiner Rolle als Data Engineer Datenplattform (m/w/d) am Standort Hamburg kannst du b…;53.61011;10.01166
Principal Data Engineer (m/f/d);;Thoughtworks;Hamburg;;2026-04-11;Adzuna;Not provided;;;;IT-Stellen;Principal data engineers at Thoughtworks, are strategic leaders who spearhead data engineering initiatives, tackle complex business challenges and uncover transformative insights. They possess a deep understanding of a client's business ecosystem and partner with executives to align technology strategies with business objectives. By contextualizing emerging trends and Thoughtworks' exploration, they expand the impact of data engineering within the client organization. They draw upon their profo…;53.557429;9.987297
Senior Data Engineer (f/m/d);;Zeal Network;Hamburg;;2026-06-18;Adzuna;full_time;;;;Unknown;ZEAL Network SE is an international group shaping the future of digital lotteries and dream-driven experiences. As Germany’s leading online lottery provider through LOTTO24 and Tipp24, and a partner of Spain’s ONCE, ZEAL combines innovation, technology, and entertainment to inspire millions of customers. With ventures such as Freiheit, Traumhausverlosung, Traumautoverlosung and ZEAL Ventures, the company also invests in new business models and emerging e-commerce brands. Driven by a diverse tea…;53.557429;9.987297
Senior Data Engineer (m/w/d);;Ayvens;Hamburg;;2026-03-14;Adzuna;full_time;;;;Unknown;At Ayvens, progress starts with you. Our ambitions to shape the future of sustainable mobility are powered by our talent. Join us, and get better with every move. DARAUF KANNST DU DICH FREUEN Dein Onboarding … beginnt mit unserer „Welcome Hour“, in der du, gemeinsam mit allen weiteren neuen Kolleginnen und Kollegen, von der Geschäftsführung und HR begrüßt wirst. Deine Work & Life-Balance … unterstützen wir mit unserem Mobile Working Modell. Du hast die Möglichkeit, im Rahmen flexibler Arbeitsze…;53.557429;9.987297
Senior Data Engineer (m/f/d);;Fehrmann Tech Group;Hamburg;;2026-05-12;Adzuna;full_time;;;;Unknown;Deine Aufgaben Key responsibilities Design, implement, and operate scalable data pipelines for structured and unstructured data (batch and, where needed, streaming) Develop cloud-native architectures for data and AI workloads (primarily on Microsoft Azure) Build and evolve a materials data ecosystem linking physics-based modeling/simulation data and experimental laboratory data Handle large-scale scientific datasets (e.g., atomistic simulations, DFT/MD, high-throughput campaigns), including eff…;53.49976;9.9753
Senior Data Engineer (m/w/d) Snowflake;;INFOMOTION GmbH;Frankfurt;;2026-06-18;Adzuna;Not provided;;;;Unknown;Wir sind die AI & Data Performance Company – mit über 750 Datenenthusiastinnen und -enthusiasten in Deutschland, Österreich, der Schweiz, Polen und Rumänien, die Datenpotenzial entfesseln und den größtmöglichen Nutzen aus Daten schaffen. Unsere Teams arbeiten länderübergreifend daran, unsere Kunden in der datengetriebenen Weiterentwicklung ihrer Geschäftsmodelle zu unterstützen. Als einer der wenigen Snowflake ELITE Partner weltweit arbeitest Du bei uns direkt an der Spitze der Dateninnovation …;50.129683;8.650578
Data Center Chief Engineer, DCEO;;Amazon Workforce Staffing;Frankfurt;;2026-07-22;Adzuna;Not provided;;;;IT-Stellen;Amazon is looking for an energetic, detail-oriented individual to join our Data Center Engineering Operations Team in Frankfurt. This committed group works to maintain the critical physical infrastructure that supports Amazon Web Services. Specifically, this team works to ensure that the data center's MEP operates at 100% availability while maintaining first-class customer service to the teams and groups within the data centers.Why AWS?Amazon Web Services (AWS) is the world's most comprehensive…;;
Data Engineer als Senior Berater Projektmanagement & Kundenlösungen (m/w/d);;ISR Information Products AG;Frankfurt;;2026-01-08;Adzuna;full_time;;;;Unknown;Dein Team Du hast Freude an Innovationen, spannenden Inhalten und kollegialem Teamspirit? Mit unseren Berater:innen wächst du mit deinen Aufgaben und lernst von unseren Expert:innen. Gemeinsam beraten wir unsere deutsch- und englischsprachigen Kunden bei ihren Herausforderungen im Umfeld von Business Intelligence, Planung, Advanced Analytics & Data Science. Wir verbinden höchste Beratungskompetenz mit technischer Expertise. Dabei konzipieren und implementieren wir maßgeschneiderte Lösungen auf …;50.129683;8.650578
Data Engineer / ETL-Developer im IT Consulting (m/w/d);;ISR Information Products AG;Frankfurt;;2025-07-09;Adzuna;full_time;;;;Unknown;Dein Team Dein Team besteht aus sympathischen Entwickler:innen und Berater:innen, die sehr nah an der Technik arbeiten. Unser Ziel ist es, Analytics-Lösungen zu bauen, die den Kunden jederzeit Zugriff auf verlässliche Informationen geben, sodass sie damit die Geschäftsergebnisse messen, überwachen und beeinflussen können. Kurzum: Wir bauen die entscheidenden Systeme für unsere Kunden. Was wir von dir erwarten: Eine eigenverantwortliche und strukturierte Arbeitsweise und Begeisterung für Technik…;50.129683;8.650578
Chief Engineer - Data Center Engineering Operations (m/f), DC Engineering and Facility Operations;;Amazon Workforce Staffing;Frankfurt;;2026-07-29;Adzuna;Not provided;;;;Unknown;Amazon is looking for an talented, detail-oriented individual to join our Data Center Engineering Operations Team in Frankfurt. This committed group works to maintain the critical physical infrastructure that supports Amazon Web Services. Specifically, this team works to ensure that the data center's MEP operates at 100% availability while maintaining first-class customer service to the teams and groups within the data centers.Why AWS?Amazon Web Services (AWS) is the world's most comprehensive …;;
Data Center Chief Engineer, DCEO;;Amazon TA;Frankfurt;;2026-07-15;Adzuna;full_time;;;;Unknown;Amazon is looking for an energetic, detail-oriented individual to join our Data Center Engineering Operations Team in Frankfurt. This committed group works to maintain the critical physical infrastructure that supports Amazon Web Services. Specifically, this team works to ensure that the data center's MEP operates at 100% availability while maintaining first-class customer service to the teams and groups within the data centers. About AWS Diverse Experiences AWS values diverse experiences. Even…;50.11218;8.68432
AI & Data Operations Engineer (m/w/d);;Dr. Dienst & Partner;Frankfurt;;2026-07-25;Adzuna;part_time;;;;Juristische Stellen;Jobbeschreibung Du zählst für uns! Dr. Dienst & Partner ist Teil einer erfolgreichen Gruppe von Wirtschaftsprüfungs- und Steuerberatungsgesellschaften. Dazu gehören außerdem eine Anwaltskanzlei, IT-Beratungs- sowie eine Consultinggesellschaft. Mehr als 300 Kolleginnen und Kollegen arbeiten bei uns zusammen an spannenden nationalen und internationalen Mandaten. Du kannst dich auf einen sicheren Arbeitsplatz mit abwechslungsreichen Aufgaben freuen. Ein gutes Gehalt, tolle Benefits und individuell…;50.10161;8.62864
Azure Data Platform Engineer (m/w/d);;netgo group GmbH;Frankfurt;;2026-01-07;Adzuna;full_time;;;;IT-Stellen;"Werde auch du ""part of netgo group"" - einem der größten IT-Dienstleister Deutschlands. Über 1.500 Mitarbeiter*innen an zahlreichen Standorten in ganz Deutschland erwarten dich als neues Teammitglied. Du legst Wert auf einen modernen Arbeitsplatz, ein familienfreundliches Umfeld und spannende Herausforderungen? Dann bist du bei uns genau richtig! Dein neuer Job Du sorgst dafür, dass Datenbanken stabil laufen, performant bleiben und sich zukunftsfähig weiterentwickeln. Dabei arbeitest Du sowohl i…";;
Data Engineer (m/w/d);;Controlware GmbH;Frankfurt;;2026-07-21;Adzuna;Not provided;;;;Unknown;Warum Controlware? Mit ca. 400 Mio. EUR Umsatz und 1000 Mitarbeitern sind wir nicht nur einer der führenden unabhängigen IT-Dienstleister und Managed Service Provider in der DACH Region. Wir sind auch innovativ, fair und nachhaltig. Wir geben unseren hochqualifizierten Mitarbeitern die Möglichkeit sich in einem dynamischen Umfeld zu entwickeln. Ein hohes Maß an Entscheidungs- und Gestaltungsspielraum gehört dabei ebenso dazu, wie ein adäquates Einkommen, attraktive Entwicklungschancen und die V…;50.129683;8.650578
Data Engineer (m/w/d);;Franklin Fitch Limited;Frankfurt;;2026-07-30;Adzuna;full_time;;;;Unknown;Über uns Du begeisterst dich für moderne Datenplattformen, Cloud-Technologien und Data Engineering ? Du möchtest nicht nur Daten verarbeiten, sondern Unternehmen dabei unterstützen, zukunftsfähige Datenarchitekturen aufzubauen? Dann könnte diese Position genau das Richtige für dich sein. Gesucht wird ein Data Engineer (m/w/d) , der moderne Datenlösungen entwickelt, Kunden bei Architekturentscheidungen berät und innovative Projekte im Microsoft-Cloud-Umfeld begleitet. Aufgaben Du entwickelst und…;50.129683;8.650578
Data Engineer (all genders) in Frankfurt;;Instaffo GmbH;Frankfurt;;2026-08-01;Adzuna;full_time;;;;Unknown;Du bist interessiert an der Stelle als Data Engineer (all genders) in Frankfurt bei PRODYNA SE ? Auf der Jobplattform Instaffo kannst du dich für diesen und weitere Jobs ohne großen Aufwand bewerben. Erstelle dein Profil in unter 3 Minuten und starte den Bewerbungsprozess mit nur wenigen Klicks. Bitte beachte, dass für diese Stelle eine Arbeitserlaubnis für Deutschland erforderlich ist. Die Sprachanforderungen für diese Stelle sind: Deutsch - Fließend, Englisch - Konversationssicher Die geschät…;50.09957;8.54038
Data Engineer (w/m/d);;Siemens AG;Frankfurt;;2026-08-01;Adzuna;full_time;;;;Unknown;Job ID: 516012 Posted since: 31-Jul-2026 Organization: Smart Infrastructure Field of work: Information Technology Company: Siemens AG Experience level: Experienced Professional Job type: Full-time Work mode: Hybrid (Remote/Office) Employment type: Permanent Location(s): Frankfurt am Main - Hessen - Germany Möchtest du die Zukunft mit uns mitgestalten? Wir suchen einen leidenschaftlichen Data Engineer (m/w/d), der unser Team bei der Entwicklung und Optimierung unserer modernen Dateninfrastruktur…;50.129683;8.650578
Data Engineer (m/f/d);;Jedox;Frankfurt;;2026-07-08;Adzuna;full_time;;;;Unknown;What is Jedox? At Jedox, we help businesses plan for a better future. Our Enterprise Performance Management (EPM) software empowers finance, sales, and other departments to budget, forecast, and analyze data—all in one intuitive platform. We’re on a mission to turn complex planning into Superplännen: that amazing moment when everything goes exactly as you envisioned it. Your Responsibilities As a Data engineer, you will be responsible for designing, developing and operating our enterprise data …;50.10656;8.67167
Data Engineer (m/w/d) Data Warehouse;;IBM;Frankfurt;;2025-02-24;Adzuna;Not provided;;;;Stellen für Hochschulabsolventen;Introduction Du willst das digitale Zeitalter aktiv mitgestalten? Du begeisterst dich für neue Technologien in einem agilen Umfeld? Dann werde Teil des Teams als Data Engineer (m/w/d) an unseren Standorten Magdeburg, Köln, Frankfurt, München oder Berlin. In dieser Rolle arbeitest du im IBM Client Innovation Center Germany (CIC), wo wir tiefgehendes technisches Know-how und Industriekenntnisse in einer breiten Palette an Kundenprojekten im öffentlichen und privaten Sektor zum Einsatz bringen. Un…;;
Senior Data Engineer (all genders) - AWS;;Thinkport;Frankfurt;;2026-05-12;Adzuna;full_time;;;;Unknown;Deine Aufgaben In unserer Transportation Unit bauen wir datengetriebene Plattformen auf Basis von AWS-Technologien. Unsere Projekte drehen sich um skalierbare Pipelines, Event-Architekturen, Datenqualität, Sicherheit und operative Exzellenz. Dabei liefern wir keine Prototypen, sondern produktionsreife Lösungen, die echten Mehrwert schaffen. Als Senior Data Engineer (all genders) gestaltest Du bei uns datengetriebene Lösungen von Grund auf mit. Du entwickelst stabile und skalierbare Datenprozess…;50.1246;8.71298
Senior Data Engineer (m/f/d);;Solactive AG;Frankfurt;;2026-05-27;Adzuna;full_time;;;;Unknown;Company Description Since its foundation in 2007, Solactive AG has evolved into one of the world’s most important and fastest-growing index providers. From our headquarters in Frankfurt, we power global investment products across ETFs, structured products, and mandates. Our reputation is built on innovation, speed, flexibility, and strong partnerships. Job Overview As a Senior Data Engineer in our Data Solutions team, you will play a key role in shaping how data flows through our platform, ensu…;50.10161;8.62864
Senior Data Engineer (m/w/d);;Alexander Thamm GmbH;Frankfurt;;2026-07-16;Adzuna;full_time;;;;Unknown;Startdatum Wir suchen Dich an einem unserer deutschen Standorte in München, Nürnberg, Leipzig, Essen, Berlin oder Frankfurt am Main ! Deine Aufgaben Data und AI sind Dein zu Hause? Des Weiteren gestaltet sich Deine neue Herausforderung wie folgt: Konzeptionierung und Aufbau von Big Data/ Analytics Plattformen Auswahl von geeigneten Technologien für die Umsetzung von Data Analytics Use Cases in komplexen Cloud-Umgebungen Entwicklung, Ausführung und Skalierung von Daten-Pipelines auf Cluster-Arch…;50.10656;8.67167
Principal Data Engineer (m/w/d);;Alexander Thamm GmbH;Frankfurt;;2026-07-18;Adzuna;full_time;;;;Unknown;Startdatum Wir suchen Dich ab sofort an einem unserer deutschen Standorte in München, Nürnberg, Essen, Leipzig, Berlin oder Frankfurt am Main ! Deine Aufgaben Data und AI sind Dein zu Hause? Des Weiteren gestaltet sich Deine neue Herausforderung wie folgt: Konzeptionierung und Aufbau von Big Data / Analytics / AI Plattformen, inklusive DevOps workflows, IaC, CI/CD, IAM und Monitoring & Alerting Konzeption, Entwicklung und Skalierung von Daten-Pipelines auf verschiedenen Cloud-Architekturen unte…;50.10656;8.67167
Data Engineer NLP (m/w/d);;statworx;Frankfurt;;2026-05-12;Adzuna;full_time;;;;IT-Stellen;Über uns statworx ist ein führendes Beratungs- und Entwicklungsunternehmen für Daten und KI mit Sitz in Frankfurt am Main. Wir bieten strategische Beratung für mittelständische Unternehmen und globale Konzerne. Wir entwickeln innovative Daten- & KI-Lösungen für alle Unternehmensbereiche und Tätigkeitsfelder. Wir befähigen Menschen auf allen Kompetenzniveaus mit unseren Daten- & KI-Bildungsformaten. Kurz gesagt: Wir unterstützen Unternehmen bei allen Aspekten der digitalen Transformation – seit …;50.12595;8.76072
Data Architect / Data Engineer (m/w/d);;Amadeus Fire AG;Frankfurt;;2026-07-16;Adzuna;full_time;;;;Unknown;Data Architect / Data Engineer (m/w/d) Referenz 12-250561 In dieser Rolle verantworten Sie die Weiterentwicklung und den stabilen Betrieb einer modernen Data-Warehouse- und Data-Plattform . Sie arbeiten an der Schnittstelle zwischen Fachbereichen und IT und gestalten Datenarchitekturen, ETL-Prozesse und Datenmodelle aktiv mit. Wenn Sie Erfahrung als Data Architect oder Data Engineer mitbringen und Freude daran haben, Datenstrukturen, Datenflüsse und analytische Auswertungen nachhaltig weiterzue…;50.12595;8.76072
Data Engineer (m/w/d) im Banking-Umfeld;;IBM;Frankfurt;;2025-02-24;Adzuna;Not provided;;;;Stellen für Hochschulabsolventen;Introduction Bist du bereit aus dir und deinen Fähigkeiten das Beste herauszuholen? Willst du die Transformation einer ganzen Branche aktiv mitgestalten? Dann sei Teil von etwas ganz Großem – als Data Engineer - Data Warehouse (m/w/d) im Banking-Umfeld an einem unserer Standorte in Köln, Frankfurt, Magdeburg oder München. Vereine dein Banking-Know-How mit verschiedensten technischen Innovationen wie und künstlicher Intelligenz und arbeite für unsere Kund*innen im Banking-Umfeld an individualisi…;;
(Senior) Consultant (m/w/d) Data Engineer;;integration-factory & Co. KG;Frankfurt;;2026-05-12;Adzuna;full_time;;;;Beraterstellen;Deine Aufgaben In der Welt von Business Intelligence kennst Du Dich aus. Im Bereich Data Warehouse und Big Data denkst Du immer schon einen Schritt weiter Richtung Zukunft. Und Du bist bereit für den nächsten Schritt in Deiner Karriere. Bei integration-factory kannst Du neue Wege gehen und als Senior Consultant maßgeschneiderte Lösungen für unsere Kunden aus verschiedenen Branchen entwickeln. Dabei betreust Du den Projektverlauf ganzheitlich von der ersten Begegnung über die Konzeption geeignet…;50.10656;8.67167
Data Engineer (all genders) in Frankfurt - PRODYNA SE;;PRODYNA SE;Frankfurt;;2026-08-01;Adzuna;full_time;;;;Unknown;Als Data Engineer bei PRODYNA erarbeitest Du im Team komplexe Lösungen in unterschiedlichen Projekten. Unsere Kunden kommen aus Branchen wie Luftfahrt, Banken und Chemie. Der enge Kontakt zu unseren Kunden steht bei allen Projekten im Mittelpunkt. Bei PRODYNA hast Du die Möglichkeit, anspruchsvolle Projekte eigenverantwortlich zu gestalten und unsere Kunden bestmöglich zu unterstützen. Tätigkeiten Du bist verantwortlich für das Design und die Konzeption moderner Datenplattformen, die skalierbar…;50.129683;8.650578
Senior BI Developer / Data Engineer (m/w/d);;Amadeus Fire AG;Frankfurt;;2026-08-03;Adzuna;full_time;;;;Unknown;Senior BI Developer / Data Engineer (m/w/d) Referenz 12-247594 In dieser Position übernehmen Sie die Analyse und Visualisierung von Daten sowie die Entwicklung aussagekräftiger Reports und Dashboards mit Schwerpunkt Power BI. Wenn Sie Erfahrung im BI-Umfeld mitbringen und datenbasierte Entscheidungen aktiv mitgestalten möchten, dann freuen wir uns auf Ihre Bewerbung! Für unseren Kunden mit Sitz in der Nähe von Frankfurt am Main suchen wir derzeit einen erfahrenen Senior BI Developer / Data Engi…;50.12595;8.76072
Junior Consultant (m/w/d) Big Data Engineer;;integration-factory & Co. KG;Frankfurt;;2026-05-12;Adzuna;full_time;;;;Beraterstellen;Deine Aufgaben Bei integration-factory wirst Du vom ersten Tag in Dein Team aufgenommen und auf Augenhöhe wertgeschätzt. Du kannst Deine Fähigkeiten und Ideen selbst einbringen und Dich entscheiden, für welche Aufgaben Du Verantwortung übernehmen willst. Bist Du begeistert, wenn es um die Modellierung von Big-Data-Anwendungen geht oder interessieren Dich datengesteuerte Analysen und Dashboards? Mit Deinen Schwerpunkten gestaltest Du gemeinsam mit Deinem Team Big-Data-Lösungen für unsere Kunden …;50.10656;8.67167
Chief Engineer - Data Center Engineering Operations (m/f), DC Engineering and Facility Operations;;Amazon TA;Frankfurt;;2026-06-10;Adzuna;full_time;;;;Unknown;Amazon is looking for an talented, detail-oriented individual to join our Data Center Engineering Operations Team in Frankfurt. This committed group works to maintain the critical physical infrastructure that supports Amazon Web Services. Specifically, this team works to ensure that the data center's MEP operates at 100% availability while maintaining first-class customer service to the teams and groups within the data centers. About AWS Diverse Experiences AWS values diverse experiences. Even …;50.11218;8.68432
Senior Consultant Data Modernization - Data Engineer (w/m/d);;KPMG;Frankfurt;;2026-06-09;Adzuna;full_time;;;;Unknown;Senior Consultant Data Modernization - Data Engineer (w/m/d) Job-ID: 12829 Standorte: Frankfurt Karrierelevel: Berufserfahrene Anstellungsart: Festanstellung in Vollzeit Begleite KPMG bei den zukünftigen Herausforderungen unserer Kund:innen. Begeistere auch Du Dich für innovative Datenlösungen und moderne Cloud-Technologien – und mach gemeinsam mit uns den Unterschied. Im Bereich Technology Transformation arbeitest Du eng mit unseren Kund:innen zusammen, um Datenplattformen zu transformieren, A…;50.05078;8.56413
Regulatory Reporting & Data Engineer SQL / ETL (w/m/d);;ING;Frankfurt;;2026-05-14;Adzuna;full_time;;;;Unknown;Regulatory Reporting & Data Engineer SQL / ETL (w/m/d) Regulatory Reporting und IT in Kombination – genau Deine Welt? Du behältst auch bei komplexen Anforderungen den Überblick und verbindest bankfachliche Tiefe mit technischem Verständnis in SQL und ETL? Dazu arbeitest Du gern in einem internationalen und innovativen Umfeld und schätzt wie wir eine offene Fehlerkultur, bunte Lebenswege und eine gesunde Work-Life-Balance? Perfekt! Bewirb Dich jetzt mit Deinem Lebenslauf und begleite unsere regu…;;
(Senior) Data Engineer (w/m/d) für Technologieberatung im Bankingumfeld - Frankfurt am Main;;Passion for People GmbH;Frankfurt;;2026-07-29;Adzuna;full_time;;;;Unknown;Unternehmensbeschreibung Job-Nr: 2678891GS Einsatzort: Frankfurt Unser Mandant ist die Management-, Fach- und Technologieberatung für Deutschlands führende Banken und Fondsgesellschaften in Frankfurt am Main. Als Experten für Kredit, Wertpapier und Zahlungsverkehr begleitet und navigiert unser Mandant seine Kunden durch die Herausforderungen von Digitalisierung, neuen Marktanforderungen und Regulatorik. Mit gezielter Beratung rüstet er Deutschlands führende Banken und Fondsgesellschaften für di…;50.1179;8.66358
Freelance Data Scraping Engineer (Python);;Mindrift;Frankfurt;;2026-07-30;Adzuna;part_time;;;;Sonstige/Allgemeine Stellen;Mindrift is looking for highly skilled Web Scraping specialists to join the Tendem project ( https://tendem.ai/ ) and drive specialized data scraping workflows for real-world use cases. Mindrift is looking for highly skilled Python Data Scraping Engineers to join the Tendem project and drive specialized data scraping workflows for real-world applications. In this role, you'll apply your expertise in web scraping, data extraction, and data processing to deliver accurate, reliable, and high-quali…;50.129683;8.650578
Senior Data Engineer/ Fokus Snowflake (m/w/d) - Projektmanagement, Anwendungsentwicklung, Datenbankentwicklung/BI, Ingenieur;;Infomotion GmbH;Frankfurt;;2026-08-01;Adzuna;Not provided;;;;Stellen für Hochschulabsolventen; Erfolg beginnt dort, wo Erfahrung auf Exzellenz trifft – und Daten echte Wirkung erzeugen. Wir sind die AI & Data Performance Company – mit über 750 Datenenthusiastinnen und -enthusiasten in Deutschland, Österreich, der Schweiz, Polen und Rumänien, die Datenpotenzial entfesseln und den größtmöglichen Nutzen aus Daten schaffen. Unsere Teams arbeiten länderübergreifend daran, unsere Kunden in der datengetriebenen Weiterentwicklung ihrer Geschäftsmodelle zu unterstützen. Als einer der wenigen Sno…;50.129683;8.650578
Senior Python Data Scraping Engineer (Freelance);;Mindrift;Frankfurt;;2026-07-30;Adzuna;part_time;;;;Sonstige/Allgemeine Stellen;Mindrift is looking for highly skilled Vibecode specialists to join the Tendem project ( https://tendem.ai/ ) and drive specialized data scraping workflows for real-world use cases. Mindrift is looking for highly skilled Senior Python Data Scraping Engineers to join the Tendem project and drive specialized data scraping workflows for real-world applications. In this role, you'll apply your expertise in web scraping, data extraction, and data processing to deliver accurate, reliable, and high-qu…;50.129683;8.650578
Microsoft Data Security Engineer (m/w/d);;Amadeus Fire AG;Frankfurt;;2026-07-20;Adzuna;full_time;;;;Unknown;Microsoft Data Security Engineer (m/w/d) Referenz 12-249120 In dieser Rolle übernehmen Sie die Verantwortung für den Schutz sensibler Unternehmensdaten und arbeiten eng mit verschiedenen Fachbereichen sowie den Security-Teams in einem internationalen Umfeld zusammen. Wenn Sie Erfahrung im Microsoft Security Stack mitbringen und Datensicherheit für Sie mehr als nur ein Buzzword ist, freuen wir uns auf Ihre Bewerbung! Wir suchen derzeit für unseren Kunden mit Sitz in Frankfurt am Main einen erfah…;50.10656;8.67167
Solution Engineer - Data & AI;;Logicalis;Frankfurt;;2026-06-28;Adzuna;full_time;;;;IT-Stellen;Why choose Logicalis? Logicalis lets you experience the digital transformation up close – and to get involved in actively shaping its future. Your expertise makes you a crucial building block here. From pre-sales, sales and consulting to professional service, finance and marketing – we value collaboration highly. You’ll quickly gain access to the most important topics and points of contact in our organisation. A modern, digital workplace and offices located centrally in the biggest German citie…;50.129683;8.650578
Data Centre Cost Engineer;;Goodman Group;Frankfurt;;2026-06-24;Adzuna;Not provided;;;;Stellen aus Logistik & Lagerhaltung;Always wanted to challenge the obvious and make great things happen? At Goodman we create space for your greatness. Join our German Development team and play a key role in the commercial management and cost reporting on a portfolio of major data centre projects. You will be embedded in an ambitious, fast-moving environment where attention to detail, analytical thinking and initiative make a real difference. This role offers exceptional hands-on exposure across some of Europe’s most prominent, l…;;
Data Center Chief Engineer, DCEO;;A100 ROW GmbH;Frankfurt;;2026-07-02;Adzuna;full_time;;;;Unknown;Amazon is looking for an energetic, detail-oriented individual to join our Data Center Engineering Operations Team in Frankfurt. This committed group works to maintain the critical physical infrastructure that supports Amazon Web Services. Specifically, this team works to ensure that the data center's MEP operates at 100% availability while maintaining first-class customer service to the teams and groups within the data centers. About AWS Diverse Experiences AWS values diverse experiences. Even…;;
Data Center Chief Engineer, DCEO;;Amazon;Frankfurt;;2026-07-03;Adzuna;Not provided;;;;Unknown;Description Amazon is looking for an energetic, detail-oriented individual to join our Data Center Engineering Operations Team in Frankfurt. This committed group works to maintain the critical physical infrastructure that supports Amazon Web Services. Specifically, this team works to ensure that the data center's MEP operates at 100% availability while maintaining first-class customer service to the teams and groups within the data centers. About AWS Diverse Experiences AWS values diverse exper…;;
Data Platform Engineer (m/w/d) - Datenbankentwicklung/BI, Ingenieur;;Finanz Informatik;Frankfurt;;2026-08-01;Adzuna;Not provided;;;;Stellen für Hochschulabsolventen;Als einer der größten Banken-IT-Dienstleister und Digitalisierungspartner Europas sind wir der Treiber der Digitalisierung innerhalb der Sparkassen-Finanzgruppe. Mit über 5.000 Mitarbeitenden an 3 Standorten machen wir digitales Banking von heute leistungsfähig und entwickeln smarte Finanz-Services von morgen. Dabei bieten wir ein breites Aufgabenspektrum, in dem die individuellen Stärken hervorragend eingebracht werden können. Ob App-Entwicklung, Netzwerktechnologien und Serverbetrieb oder Ber…;50.129683;8.650578
Customer Success Engineer, Data Center Learning;;A100 ROW GmbH;Frankfurt;;2026-07-09;Adzuna;full_time;;;;Unknown;AWS Infrastructure Services owns the design, planning, delivery, and operation of all AWS global infrastructure. In other words, we’re the people who keep the cloud running. We support all AWS data centers and all of the servers, storage, networking, power, and cooling equipment that ensure our customers have continual access to the innovation they rely on. We work on the most challenging problems, with thousands of variables impacting the supply chain — and we’re looking for talented people wh…;;
Customer Success Engineer, Data Center Learning;;Amazon;Frankfurt;;2026-07-11;Adzuna;Not provided;;;;Unknown;AWS Infrastructure Services owns the design, planning, delivery, and operation of all AWS global infrastructure. In other words, we?re the people who keep the cloud running. We support all AWS data centers and all of the servers, storage, networking, power, and cooling equipment that ensure our customers have continual access to the innovation they rely on. We work on the most challenging problems, with thousands of variables impacting the supply chain ? and we?re looking for talented people wh…;;
Senior Full Stack Data Engineer;;Circonomit GmbH;Cologne;;2026-07-22;Adzuna;Not provided;;;;IT-Stellen;At Circonomit, we follow the mission to build the strategic twin of organizations. By transforming operational data into clear impact models, we revolutionize how resources are managed. Aufgaben As a Senior Data Engineer, you will partner directly with our CTO to architect the semantic backbone of our platform, taking full ownership of the distributed pipelines and knowledge graph ontologies that bring our mission to life. Join our nerdy, fast-paced team to build the semantic structures that ma…;50.940164;6.969972
Senior Data Engineer (m/w/d) Snowflake;;Infomotion GmbH;Cologne;;2026-06-23;Adzuna;Not provided;;;;Unknown;Wir sind die AI & Data Performance Company – mit über 750 Datenenthusiastinnen und -enthusiasten in Deutschland, Österreich, der Schweiz, Polen und Rumänien, die Datenpotenzial entfesseln und den größtmöglichen Nutzen aus Daten schaffen. Unsere Teams arbeiten länderübergreifend daran, unsere Kunden in der datengetriebenen Weiterentwicklung ihrer Geschäftsmodelle zu unterstützen. Als einer der wenigen Snowflake ELITE Partner weltweit arbeitest Du bei uns direkt an der Spitze der Dateninnovation …;50.940164;6.969972
Data Product Engineer (m/w/d);;REWE Group;Cologne;;2026-08-03;Adzuna;Not provided;;;;Unknown;Aufgaben Profil Wir bieten Ort: 50933 Köln | Vertragsart: Voll-/Teilzeit, unbefristet | Job-ID: 953567 Was wir zusammen vorhaben: Wir gestalten die Zukunft des Datenmanagements im Lebensmittelhandel mit Data Mesh. Als Data Product Engineer (m/w/d) entwickelst du skalierbare, performante und qualitativ hochwertige Datenprodukte als Basis für KI Anwendungen, Dashboards und operative Entscheidungen. Du bewegst dich sicher in modernen CloudArchitekturen (GCP) und verbindest Software Engineering Sta…;50.940164;6.969972
Senior Data Engineer (m/w/d) Snowflake;;INFOMOTION GmbH;Cologne;;2026-07-22;Adzuna;Not provided;;;;Sonstige/Allgemeine Stellen;Wir sind die AI & Data Performance Company – mit über 750 Datenenthusiastinnen und -enthusiasten in Deutschland, Österreich, der Schweiz, Polen und Rumänien, die Datenpotenzial entfesseln und den größtmöglichen Nutzen aus Daten schaffen. Unsere Teams arbeiten länderübergreifend daran, unsere Kunden in der datengetriebenen Weiterentwicklung ihrer Geschäftsmodelle zu unterstützen. Als einer der wenigen Snowflake ELITE Partner weltweit arbeitest Du bei uns direkt an der Spitze der Dateninnovation …;50.940164;6.969972
Data Engineer / ETL-Developer im IT Consulting (m/w/d);;ISR Information Products AG;Cologne;;2025-07-09;Adzuna;full_time;;;;Unknown;Dein Team Dein Team besteht aus sympathischen Entwickler:innen und Berater:innen, die sehr nah an der Technik arbeiten. Unser Ziel ist es, Analytics-Lösungen zu bauen, die den Kunden jederzeit Zugriff auf verlässliche Informationen geben, sodass sie damit die Geschäftsergebnisse messen, überwachen und beeinflussen können. Kurzum: Wir bauen die entscheidenden Systeme für unsere Kunden. Was wir von dir erwarten: Eine eigenverantwortliche und strukturierte Arbeitsweise und Begeisterung für Technik…;50.940164;6.969972
Data Engineer als Senior Berater Projektmanagement & Kundenlösungen (m/w/d);;ISR Information Products AG;Cologne;;2026-01-08;Adzuna;full_time;;;;Unknown;Dein Team Du hast Freude an Innovationen, spannenden Inhalten und kollegialem Teamspirit? Mit unseren Berater:innen wächst du mit deinen Aufgaben und lernst von unseren Expert:innen. Gemeinsam beraten wir unsere deutsch- und englischsprachigen Kunden bei ihren Herausforderungen im Umfeld von Business Intelligence, Planung, Advanced Analytics & Data Science. Wir verbinden höchste Beratungskompetenz mit technischer Expertise. Dabei konzipieren und implementieren wir maßgeschneiderte Lösungen auf …;50.940164;6.969972
Azure Data Engineer;;AMMGroup;Cologne;;2026-06-12;Adzuna;Not provided;;;;Unknown;Azure Data Engineer Cologne, Germany 1-2 days a week is preferrable Must-Have (Ideally it should not be more than 3-5) Databricks, spark sql, python, git, co-pilot Good-to-Have Azure Data Factory  Responsibility of / Expectations from the Role 1 Ability to work with the business to establish a clear scope of work, and to translate that scope into a well-defined backlog for development 2. Ability to prepare Solution Architecture documentation, including process/data flow diagrams, data mapping d…;;
Data Engineer - FileMaker;;ISCC, Meo, 4C, GRAS, ClimatePal & TYC;Cologne;;2026-07-03;Adzuna;full_time;;;;Unknown;Your tasks ISCC – International Sustainability and Carbon Certification is one of the leading certification systems for sustainability, traceability and the reduction of greenhouse gas emissions. As part of our continued growth, we are focussing on expanding our IT & Technology team. To support this strategic step, we are looking forward to welcoming you as a Data Engineer - FileMaker to support in the development of the existing FileMaker-based applications landscape, and develop a deep unders…;50.93917;6.95684
Azure Data Platform Engineer (m/w/d);;netgo group GmbH;Cologne;;2026-01-07;Adzuna;full_time;;;;IT-Stellen;"Werde auch du ""part of netgo group"" - einem der größten IT-Dienstleister Deutschlands. Über 1.500 Mitarbeiter*innen an zahlreichen Standorten in ganz Deutschland erwarten dich als neues Teammitglied. Du legst Wert auf einen modernen Arbeitsplatz, ein familienfreundliches Umfeld und spannende Herausforderungen? Dann bist du bei uns genau richtig! Dein neuer Job Du sorgst dafür, dass Datenbanken stabil laufen, performant bleiben und sich zukunftsfähig weiterentwickeln. Dabei arbeitest Du sowohl i…";50.940164;6.969972
Data Engineer (m/w/d);;Controlware GmbH;Cologne;;2026-07-21;Adzuna;Not provided;;;;Unknown;Warum Controlware? Mit ca. 400 Mio. EUR Umsatz und 1000 Mitarbeitern sind wir nicht nur einer der führenden unabhängigen IT-Dienstleister und Managed Service Provider in der DACH Region. Wir sind auch innovativ, fair und nachhaltig. Wir geben unseren hochqualifizierten Mitarbeitern die Möglichkeit sich in einem dynamischen Umfeld zu entwickeln. Ein hohes Maß an Entscheidungs- und Gestaltungsspielraum gehört dabei ebenso dazu, wie ein adäquates Einkommen, attraktive Entwicklungschancen und die V…;50.940164;6.969972
Data Engineer (m/w/d);;Franklin Fitch Limited;Cologne;;2026-07-30;Adzuna;full_time;;;;Unknown;Über uns Du begeisterst dich für moderne Datenplattformen, Cloud-Technologien und Data Engineering ? Du möchtest nicht nur Daten verarbeiten, sondern Unternehmen dabei unterstützen, zukunftsfähige Datenarchitekturen aufzubauen? Dann könnte diese Position genau das Richtige für dich sein. Gesucht wird ein Data Engineer (m/w/d) , der moderne Datenlösungen entwickelt, Kunden bei Architekturentscheidungen berät und innovative Projekte im Microsoft-Cloud-Umfeld begleitet. Aufgaben Du entwickelst und…;50.93917;6.95684
Data Engineer (m/f/d);;Redcare Pharmacy;Cologne;;2026-04-23;Adzuna;full_time;78000.0;108000.0;93000.0;Unknown;Data Engineer (m/f/d) About Redcare Pharmacy: As Europe’s No.1 e-pharmacy Redcare Pharmacy is powered by passionate teams and cutting-edge innovation. We strive to create a healthy collaborative work environment where every employee feels valued and inspired to contribute to our vision “Until every human has their health”. If you’re seeking a career that offers purpose and aligns with your values join us and start your Redcareer today. About the role: Are you excited to build data solutions tha…;50.93917;6.95684
Staff Data Engineer (all genders);;Eurowings;Cologne;;2026-06-25;Adzuna;full_time;;;;Stellen aus Logistik & Lagerhaltung;Job overview As Staff Data Engineer (all genders), you will shape and scale our cloud data platform and its reference architecture. Your mission is to enable trusted, well governed data products for analytics, reporting, and advanced use cases by setting technical direction, establishing engineering standards, and leading delivery in complex cross-team environments. You will work hands on across the end-to-end data product lifecycle, from translating domain needs into clear contracts and scalab…;50.940164;6.969972
Data Engineer (m/w/d);;FERCHAU GmbH;Cologne;;2025-07-23;Adzuna;Not provided;;;;Unknown;Die besten Köpfe für die unterschiedlichsten Aufgaben zu finden sowie Menschen und Technologien zu verbinden, und zwar täglich aufs Neue - dafür schätzen unsere Kunden FERCHAU. Unterstütze uns: als ambitionierte:r Kolleg:in, der:die wie wir Technologien auf die nächste Stufe bringen möchte. Wir realisieren spannende Projekte für namhafte Kunden in allen Technologiebereichen und für alle Branchen und überzeugen täglich mit fundierter Expertise und fachlichem Know-how. Dein Aufgabengebiet * Entwi…;50.9756;6.85907
Senior Data Engineer (all genders);;Kaufland e-commerce Services GmbH & Co. KG;Cologne;;2026-06-05;Adzuna;part_time;;;;Unknown;Anstellungsdetails Permanent contract, Full or Part-Time, Remote or Cologne / Darmstadt / Düsseldorf / Berlin Info Who we are We are the tech powerhouse behind Kaufland’s international online marketplaces and a company within the Schwarz Group. Driven by a start-up mentality and working on an equal footing within flat hierarchies, we develop the best marketplace solutions for our customers, sellers and partners. FromEuropeForEurope Day by day, our Tech & Product Team of about 400 experts pursue…;50.93355;6.9594
Data Engineers (w/m/d);;drjve AG;Cologne;;2026-07-30;Adzuna;full_time;50000.0;60000.0;55000.0;IT-Stellen;Salary: 50.000 - 60.000 € per year Requirements: Dir macht es Spaß interdisziplinär im Business und IT Bereichen tätig zu sein Du liebst Herausforderungen und entwickelst daraus intelligente Lösungen Du hast eine „hands on“ Mentalität, bist ein Team-Player der sehr gerne Wissen teilt und sich immer wieder neues Wissen aneignet Du hast mindestens 3 Jahre Erfahrung im Bereich Data Engineering mittels SQL, Spark, Data Lakes,  Du hast fundierte Kenntnisse im Bereich Cloud Plattformen (vorzugsweise …;50.93917;6.95684
Senior Data Engineer - Data Integration & Analytics (all genders);;adesso SE;Cologne;;2026-07-20;Adzuna;full_time;;;;Unknown;adesso steht für IT-Exzellenz und damit auch für exzellente Entwicklungsmöglichkeiten für alle adessi. Wir wachsen gemeinsam und lernen voneinander – an unseren Projekten, im Team und mit herausragenden Trainingsangeboten. Wir haben IT im Herzen, die Branche im Blick und den Erfolg unserer Kunden im Sinn. Denn erfolgreiches Geschäft entsteht durch innovative Ideen, zukunftsfähige Strategien und kluge IT-Lösungen. Immer sind dabei Menschen beteiligt, die etwas bewegen wollen und das einfach mach…;50.940164;6.969972
Senior Data Engineer (m/w/d);;Franklin Fitch Limited;Cologne;;2026-07-28;Adzuna;full_time;;;;Unknown;Über uns: Du möchtest moderne Datenplattformen entwickeln und dich im Bereich Cloud & Analytics weiterentwickeln? Als Senior Data Engineer übernimmst du Verantwortung für anspruchsvolle Data- und Analytics-Projekte und begleitest Kunden von der Konzeption bis zur erfolgreichen Umsetzung moderner Datenplattformen. Deine Aufgaben: Konzeption und Architektur moderner Datenplattformen Entwicklung komplexer Datenpipelines und Datenmodelle Integration heterogener Datenquellen in Cloud- und Hybrid-Umg…;50.940164;6.969972
(Senior) Data Engineer (m/w/d);;Franklin Fitch Limited;Cologne;;2026-07-31;Adzuna;full_time;;;;Unknown;Über unseren Kunden Für einen etablierten IT- und Digitalisierungspartner , der Unternehmen bei der Umsetzung moderner Data- & Analytics-Lösungen unterstützt, suchen wir einen (Senior) Data Engineer (m/w/d) . Das Unternehmen begleitet seine Kunden von der Strategie über die Architektur bis hin zur erfolgreichen Implementierung innovativer Datenplattformen und legt großen Wert auf technologischen Fortschritt, Teamwork und individuelle Weiterentwicklung. Aufgaben • Konzeption und Umsetzung modern…;50.940164;6.969972
(Junior) Data Engineer (m/w/d);;CGI;Cologne;;2026-07-16;Adzuna;full_time;;;;Unknown;Stellenbeschreibung Starte deine Karriere als Data Engineer (m/w/d) – Public Sector Du willst die digitale Zukunft von Bund, Ländern und Kommunen mitgestalten? Dann bist du bei uns genau richtig! Bei CGI arbeitest du in agilen Projekten in gemischten Teams aus erfahrenen Kolleg:innen und Berufseinsteiger:innen an innovativen Lösungen für die digitale Transformation Deutschlands. Unser gemeinsames Ziel: Bürger:innen und öffentliche Verwaltungen durch moderne IT einfacher und effizienter unterstü…;50.8947;7.07852
Junior Data Engineer (m/w/d);;taod Consulting;Cologne;;2026-05-12;Adzuna;full_time;;;;Beraterstellen;Deine Aufgaben Du hast bereits erste praktische Erfahrungen aus Praktika oder Werkstudententätigkeiten gesammelt und suchst jetzt den Einstieg in ein modernes Consulting-Umfeld? Als Junior Data Engineer (m/w/d) arbeitest du in unseren Teams an Kundenprojekten und entwickelst innovative Lösungen auf Basis modernster Technologien. Dabei planst und realisierst du hochmoderne Datenplattformen in der Cloud und erarbeitest wertvolle Insights für unsere Kunden. Es erwartet dich ein Mix aus echter Proj…;50.940164;6.969972
Junior Data Engineer (m/w/d);;taod Consulting GmbH;Cologne;;2026-07-16;Adzuna;full_time;;;;Unknown;Weil du moderne Datenplattformen in der Cloud entwickeln willst. Wir suchen dataful minds. Mit unserer Leidenschaft für Data Analytics und AI helfen wir innovativen Unternehmen, den Wert ihrer Daten nutzbar zu machen. Dazu gehört ein modernes Consulting-Umfeld, agile Projekte sowie starke Technologie-Partner. Du hast Lust auf Daten, Spaß an Beratung und möchtest deine Karriere aktiv vorantreiben? Bei uns startest du direkt in vielseitige Projekte, lernst ständig dazu und arbeitest an innovative…;50.95778;6.90002
(Senior) Data Engineer (m/w/d);;Kramer & Crew GmbH & Co. KG;Cologne;;2026-07-24;Adzuna;full_time;;;;Unknown;Deine Aufgaben Du begeisterst dich für Daten, moderne Cloud-Technologien und die Entwicklung skalierbarer Datenlösungen? Du möchtest nicht nur technische Konzepte umsetzen, sondern gemeinsam mit Kunden die besten Lösungen entwickeln? Dann bist du bei uns genau richtig. Als (Senior) Data Engineer entwickelst du moderne Datenplattformen auf Basis von Microsoft Fabric, Azure und SQL – in cloud-hybriden Umgebungen sowie in klassischen On-Premises-Landschaften. Dabei begleitest du unsere Kunden von …;50.93709;6.90048
Data Engineer (m/w/d) Software;;REWE Group;Cologne;;2026-07-17;Adzuna;Not provided;;;;IT-Stellen;Ort: 51063 Köln | Vertragsart: Vollzeit, unbefristet | Job-ID: 951677 Was wir zusammen vorhaben: Wir sind Analytics bei der REWE Group und ein fester Teil des Digital & Technology Teams. Gemeinsam bringen wir Strategie, Daten und smarte Business-Lösungen für Handel Deutschland unter ein Dach. Vernetzt, agil und immer einen Schritt voraus. Wir entwickeln mit mehr als 140 Mitarbeiter:innen analytische Software und beraten unsere Business-Units bei unternehmenskritischen Prozessen. In der Analytic…;50.95561;7.01387
Snowflake Data Engineer (m/w/d);;areto Gruppe;Cologne;;2026-06-05;Adzuna;full_time;;;;Unknown;Unsere Mission Daten sind überall. Entscheidungssicherheit ist selten. Das ändern wir. Mit Strategie, Technologie und Menschen, die auf Augenhöhe arbeiten. Du bist dabei, wenn aus Datenmengen echte Orientierung wird und aus Orientierung Wertschöpfung. Was wir bieten flexible Arbeitszeiten - ermöglicht durch unsere Vertrauensarbeitszeit Home Office oder Hybrides Arbeiten? Ist bei uns kein Problem! Workation inkl. Reisebudget - damit Du entscheiden kannst wo Du am liebsten arbeitest Sensationelle…;50.95561;7.01387
Junior Data Engineer (m/w/d);;Franklin Fitch Limited;Cologne;;2026-07-28;Adzuna;full_time;;;;Unknown;Über uns: Du möchtest moderne Datenplattformen entwickeln und dich im Bereich Cloud & Analytics weiterentwickeln? Dann erwartet dich ein abwechslungsreiches Umfeld, in dem du gemeinsam mit erfahrenen Kolleginnen und Kollegen innovative Datenlösungen für unterschiedliche Kunden realisierst. Deine Aufgaben: Entwicklung und Weiterentwicklung moderner Datenplattformen Aufbau und Optimierung von Datenpipelines Entwicklung von Datenmodellen und Unterstützung bei ETL-/ELT-Prozessen Anbindung verschied…;50.940164;6.969972
Data Scientist / Data Engineer (m/w/d);;Amadeus Fire AG;Cologne;;2026-07-16;Adzuna;full_time;;;;Unknown;Data Scientist / Data Engineer (m/w/d) Referenz 12-241084 Sie möchten mit Daten echte Mehrwerte schaffen und moderne Technologien in einem zukunftsorientierten Unternehmen einsetzen? Dann bewerben Sie sich jetzt als Data Engineer / Dateningenieur (m/w/d) und gestalten Sie aktiv die digitale Transformation mit. Unser Mandant bietet Ihnen ein attraktives Gehaltspaket, flexible Arbeitszeiten und spannende Projekte rund um Datenintegration, Cloud-Technologien und Business Intelligence. Die Vermittl…;50.93917;6.95684
Data Engineer für Microsoft Fabric (m/w/d);;rheindata;Cologne;;2026-05-30;Adzuna;full_time;;;;Unknown;Was erwartet dich? Du konzipierst und entwickelst skalierbare Data Pipelines in Microsoft Fabric und setzt dabei ETL/ELT-Prozesse mit PySpark und SQL in einer modernen Medallion-Architektur um Du übernimmst die Datenmodellierung im Lakehouse, um hochwertige und performante Datengrundlagen für Analytics-, BI- und KI-Anwendungen zu schaffen In enger Zusammenarbeit mit BI-Entwickler:innen und den Fachteams unserer Kunden übersetzt du Anforderungen in technische Lösungen Du stellst die Qualität und…;50.93355;6.9594
Data Engineer (all Genders) mit Schwerpunkt Microsoft Fabric;;rheindata GmbH;Cologne;;2026-07-16;Adzuna;full_time;;;;Unknown;Bei rheindata glauben wir daran, dass Daten mehr sind als Zahlen – sie sind Entscheidungsgrundlagen, Wachstumstreiber und Innovationsmotoren. Unsere Mission: Aus Daten echten, messbaren Mehrwert zu schaffen . Wir entwickeln moderne Data Pipelines, Datenplattformen, BI‑Lösungen und KI‑Modelle, die skalierbar und langfristig wartbar sind. Wir arbeiten agil, transparent und wertschätzend, sowohl intern als auch in Kundenteams. Unsere Kultur lebt von Teamgeist: Sommerfeste, Quartals- und Teamtreffe…;50.93355;6.9594
Data Engineer Working Student (m/w/d);;Trusteq;Cologne;;2026-07-31;Adzuna;part_time;;;;Unknown;DEINE AUFGABEN Du unterstützt beim Aufbau von Datenbanken und Datenintegrationsprozessen Du wirkst bei der Entwicklung von Datenmodellen und Datenpipelines für moderne Data Lakes, Data Warehouses oder Lakehouses mit Du unterstützt bei der Dokumentation und Strukturierung von Datenplattformen und Prozessen Du arbeitest bei der Entwicklung interaktiver Dashboards und Reports, z.B. im Bereich Steuerungskennzahlen und ESG Du unterstützt bei der Anwendung datenanalytischer Methoden und Tools im Proj…;50.93917;6.95684
Senior Consultant Data Modernization - Data Engineer (w/m/d);;KPMG;Cologne;;2026-06-08;Adzuna;full_time;;;;Unknown;Senior Consultant Data Modernization - Data Engineer (w/m/d) Job-ID: 12829 Standorte: Köln Karrierelevel: Berufserfahrene Anstellungsart: Festanstellung in Vollzeit Begleite KPMG bei den zukünftigen Herausforderungen unserer Kund:innen. Begeistere auch Du Dich für innovative Datenlösungen und moderne Cloud-Technologien – und mach gemeinsam mit uns den Unterschied. Im Bereich Technology Transformation arbeitest Du eng mit unseren Kund:innen zusammen, um Datenplattformen zu transformieren, Analyt…;50.937;6.97788
Praktikum Data Engineer im Bereich Advanced Analytics (m/w/d);;Simon-Kucher & Partners;Cologne;;2026-04-27;Adzuna;Not provided;;;;Unknown;Praktikum Data Engineer im Bereich Advanced Analytics (m/w/d) InDeutschland - Berlin| Bonn | Frankfurt/Main | Hamburg | Köln | München Du willst Praxiserfahrung in einer internationalen Unternehmensberatung sammeln? Bei uns kannst du dein Interesse an Wirtschaftsthemen mit deinen analytischen Fähigkeiten verbinden! Werde für mindestens 10 Wochen Teil eines außergewöhnlichen Teams. Was uns besonders macht: ein starker Unternehmergeist und jede Menge Gestaltungsfreiheit. Der Advanced Analytics Be…;;
Data Engineer (w/m/d) in Berlin, Köln, Leipzig, Münster (*);;Stolzberger GmbH;Cologne;;2026-07-16;Adzuna;full_time;;;;Unknown;Über uns Das Unternehmen ist spezialisiert auf innovative Geo-IT-Lösungen und zählt seit vielen Jahren zu den technologisch führenden Akteuren in diesem Bereich. Mit einem starken Fokus auf Nachhaltigkeit, Open-Source-Technologien und gesellschaftlich relevante Digitalisierungsvorhaben unterstützt es Kunden aus Bereichen wie Umwelt, Infrastruktur, Verwaltung und Energie dabei, komplexe raumbezogene Daten nutzbar zu machen. Mitarbeitende erwartet eine moderne Unternehmenskultur mit flachen Hiera…;50.940164;6.969972
(Senior) Data Engineer (w/m/d) für Technologieberatung im Bankingumfeld - Frankfurt am Main;;Passion for People GmbH;Cologne;;2026-07-29;Adzuna;full_time;;;;Unknown;Unternehmensbeschreibung Job-Nr: 2678896GS Einsatzort: Köln Unser Mandant ist die Management-, Fach- und Technologieberatung für Deutschlands führende Banken und Fondsgesellschaften in Frankfurt am Main. Als Experten für Kredit, Wertpapier und Zahlungsverkehr begleitet und navigiert unser Mandant seine Kunden durch die Herausforderungen von Digitalisierung, neuen Marktanforderungen und Regulatorik. Mit gezielter Beratung rüstet er Deutschlands führende Banken und Fondsgesellschaften für die Zuk…;50.93917;6.95684
Senior Data Engineer (m/w/d) - Microsoft Fabric & Power BI;;Akkodis;Cologne;;2026-07-25;Adzuna;Not provided;;;;Unknown;Du hast Spaß daran, komplexe Datenprozesse weiterzuentwickeln und moderne BI- und Data-Plattformen aktiv mitzugestalten? In dieser Rolle entwickelst du komplexe ETL-Prozesse weiter und bringst deine Erfahrung rund um Microsoft Fabric, Power BI und Python in abwechslungsreiche Projekte ein. Am Standort Köln erwartet dich ein modernes Arbeitsumfeld mit spannenden Aufgaben, flexiblen Arbeitsmöglichkeiten und viel Raum für eigene Ideen. Gleichzeitig unterstützt du mit deiner Arbeit eine Organisatio…;50.937;6.97788
Data Platform Engineer in Köln (*);;Stolzberger GmbH;Cologne;;2026-07-16;Adzuna;full_time;;;;Unknown;Über uns Sie suchen einen langfristigen beruflichen Heimathafen, bei dem Wertvorstellungen wie Vertrauen, Loyalität und Ehrlichkeit nicht nur Floskeln, sondern gelebte Realität sind? Was anderswo behauptet wird, wird hier gefördert und gefordert - und das seit über 25 Jahren. Freuen Sie sich auf ein inhabergeführtes, familiäres Unternehmen, welches sich mit seinen ca. 3.000 Mitarbeitenden mittlerweile zu einem der führenden IT Dienstleister in Deutschland entwickelt hat. Die fachliche Förderung…;50.940164;6.969972
Data Observability Engineer (*) in Köln;;Stolzberger GmbH;Cologne;;2026-08-02;Adzuna;full_time;;;;Unknown;Über uns Sie suchen einen langfristigen beruflichen Heimathafen, bei dem Wertvorstellungen wie Vertrauen, Loyalität und Ehrlichkeit nicht nur Floskeln, sondern gelebte Realität sind? Was anderswo behauptet wird, wird hier gefördert und gefordert - und das seit über 25 Jahren. Freuen Sie sich auf ein inhabergeführtes, familiäres Unternehmen, welches sich mit seinen ca. 3.000 Mitarbeitenden mittlerweile zu einem der führenden IT Dienstleister in Deutschland entwickelt hat. Die fachliche Förderung…;50.940164;6.969972
Senior Data Engineer/ Fokus Snowflake (m/w/d) - Projektmanagement, Anwendungsentwicklung, Datenbankentwicklung/BI, Ingenieur;;Infomotion GmbH;Cologne;;2026-08-01;Adzuna;Not provided;;;;Stellen für Hochschulabsolventen; Erfolg beginnt dort, wo Erfahrung auf Exzellenz trifft – und Daten echte Wirkung erzeugen. Wir sind die AI & Data Performance Company – mit über 750 Datenenthusiastinnen und -enthusiasten in Deutschland, Österreich, der Schweiz, Polen und Rumänien, die Datenpotenzial entfesseln und den größtmöglichen Nutzen aus Daten schaffen. Unsere Teams arbeiten länderübergreifend daran, unsere Kunden in der datengetriebenen Weiterentwicklung ihrer Geschäftsmodelle zu unterstützen. Als einer der wenigen Sno…;50.940164;6.969972
Data Platform Engineer (w/m/d);;ARD ZDF Deutschlandradio Beitragsservice;Cologne;;2026-07-24;Adzuna;part_time;;;;Unknown;In unserem bereichsübergreifenden Business-Intelligence-Team schaffen wir die Grundlage für datenbasierte Entscheidungen im gesamten Unternehmen. Dabei integrieren, strukturieren und qualitätssichern wir Daten aus unterschiedlichen Quellsystemen und stellen diese für Reporting, Analyse, Self-Service-Anwendungen zentral bereit. Als Senior Data Platform Engineer gestaltest du den weiteren Aufbau unserer Datenplattform aktiv mit. Du sorgst dafür, dass Daten zuverlässig, skalierbar und nachvollzieh…;50.9756;6.85907
Senior Data/ML Engineer (all genders);;Eurowings;Cologne;;2026-06-21;Adzuna;full_time;;;;Stellen aus Logistik & Lagerhaltung;Job overview We are looking for a versatile, senior Data / ML Engineer to join us. You will sit at the critical intersection of Data Engineering and Machine Learning, serving as the bridge between raw data infrastructure and production-ready AI models. This role requires a pragmatic engineering mindset. You will be responsible for architecting robust data pipelines, designing scalable transformation logic, and building the MLOps infrastructure required to deploy, monitor, and scale machine lear…;50.940164;6.969972
Data & Backend Engineer (f/w/d);;Instaffo GmbH;Cologne;;2026-08-02;Adzuna;full_time;;;;Unknown;You are interested in the position as Data & Backend Engineer (f/w/d) at Inverto GmbH ? On the job platform Instaffo, you can apply for this and other jobs with ease. Create your profile in under 3 minutes and start the application process with just a few clicks. Please note that this position requires work authorization for Germany . The language requirements for this position are: English - Fluent, German - Fluent . We are seeking an experienced professional to join our motivated IT team. In …;50.93917;6.95684
Machine Learning Engineer;;super.AI;Berlin;;2024-09-20;Adzuna;full_time;;;;IT-Stellen;Imagine yourself designing and implementing the next breakthrough AI/Machine-Learning services, enabling AI for everyone at the start of the company's explosive growth. At super.AI, we are building services to enable AI/Machine Learning technologies for the masses. We are at the exciting stage where the growth of our company forces us to do aggressive hirings to realize our visions quicker. We are a group of ex-Google, Microsoft, Amazon, and MIT engineers and data scientists who spent the last …;52.53074;13.40581
Machine Learning Engineer;;Sensmore;Berlin;;2026-07-23;Adzuna;full_time;;;;IT-Stellen;sensmore automates the world's largest machines with unprecedented intelligence. Our proprietary Physical AI enables heavy machines such as wheel loaders to instantly adapt to dynamic environments and execute new tasks without prior training. We integrate cutting-edge robotics into a platform powering intelligence and automation products - transforming productivity and safety for customers in mining, construction, and adjacent industries today. Join us and play a pivotal role in transforming th…;52.507706;13.420806
Machine Learning Engineer;;Almedia;Berlin;;2025-12-11;Adzuna;full_time;80000.0;210000.0;145000.0;IT-Stellen;This isn’t your regular job. Almedia is a place where those who want to push harder can accelerate their careers faster than anywhere else. We’re aiming to become Germany’s second bootstrapped unicorn. Almedia is already Europe’s 3 fastest-growing company in 2025 (FT1000). We are building the future of marketing by rewarding our community of over 70 million users for engaging with our advertisers’ products. We are offering a new way to acquire users for the biggest companies in the world. Machi…;52.507706;13.420806
Azubi zum Fachinformatiker für Daten- und Prozessanalyse (w/m/x) im Werk [3 Plätze];;BMW Group;Berlin;;2026-08-01;Adzuna;Not provided;;;;Unknown;Aufgaben Selbstständige Umsetzung diverser agiler IT-Projekte. Grundlagenkenntnisse in Bezug auf die BMW Group IT-Welt und Mitwirkung bei ihrer Weiterentwicklung. Daten- und Informationsschutz. Daten extrahieren, analysieren, aufbereiten und präsentieren. Programmiersprachen (bspw. Java, C++). Datenanalyse-Methoden: Deep Learning, Artificial Neural Networks, Data Mining und Big Data. Einsetzen deiner persönlichen Stärken in verschiedensten Abteilungen. Profil Du liebst es, Lösungen für komplexe…;52.507706;13.420806
Senior Machine Learning Engineer;;Just Eat;Berlin;;2026-06-11;Adzuna;full_time;;;;IT-Stellen;Ready for a challenge? Then Just Eat Takeaway.com might be the place for you. We’re a leading global online delivery platform, and our vision is to empower everyday convenience. Whether it’s a Friday-night feast, a post-gym poke bowl, or grabbing some groceries, our tech platform connects tens of millions of customers with hundreds of thousands of restaurant, grocery and convenience partners across the globe. About this role We are looking for senior machine learning engineers (but open for mid…;52.507706;13.420806
Senior Machine Learning Engineer;;Tripledot Studios;Berlin;;2026-07-17;Adzuna;Not provided;;;;IT-Stellen;Who are we? Tripledot Studios is one of the largest independent mobile games companies in the world. We are a multi-award-winning organisation, with a global 2,500 strong team across 12 studios. Our expanded portfolio includes some of the biggest titles in mobile gaming, collectively reaching top chart positions around the world and engaging over 25 million daily active users. Tripledot’s guiding principle is that when people love what they do, what they do will be loved by others. We’re buildi…;52.507706;13.420806
Machine Learning Expert - Fully Remote;;Mercor;Berlin;;2026-07-01;Adzuna;Not provided;;;;Unknown;About the job Mercor connects elite creative and technical talent with leading AI research labs. Headquartered in San Francisco, our investors include Benchmark , General Catalyst , Peter Thiel , Adam D'Angelo , Larry Summers , and Jack Dorsey . Position: Human Baseliner for Open-Ended ML Research Tasks Type: Contract Compensation: $75–$90/hour Location: Remote Commitment: 20 hours/week Role Responsibilities Attempt open-ended machine learning research tasks under a fixed time and compute budge…;52.507706;13.420806
Machine Learning Werkstudent:in/ Praktikant:in (all);;Sonia;Berlin;;2026-03-28;Adzuna;part_time;;;;Unknown;Darf ich vorstellen? Bei Sonia sind Ärzte erfolgreiche Ärzte. Wir entwickeln und implementieren KI-gestützte Lösungen, die den Arbeitsalltag von Ärzten erleichtern, die Patientenversorgung verbessern und Gesundheitssysteme effizienter machen. Wenn du neugierig, detailorientiert bist und lernen möchtest, wie angewandtes Machine Learning in realen Produkten funktioniert, komm zu uns. Wir suchen eine:n Werkstudent:in / Praktikant:in zur Unterstützung unseres Machine-Learning-Teams im Bereich Autom…;52.52219;13.40933
Senior Machine Learning Engineer I;;SumUp;Berlin;;2026-07-09;Adzuna;Not provided;;;;IT-Stellen;About the team: Within the Global Operations organisation, our mission is to build the best customer experience in the fintech industry by delivering an effortless customer experience to all our merchants. We are seeking a skilled and passionate Senior AI / Machine Learning Engineer to join our talented AI team and lead the development of AI models and algorithms that will drive our customer support service to new heights. As a Senior AI / Machine Learning Engineer at SumUp, you will be respons…;52.507706;13.420806
Senior/Staff Machine Learning Engineer;;Vestiaire Collective;Berlin;;2026-06-06;Adzuna;full_time;;;;IT-Stellen;Vestiaire Collective is the leading global online marketplace for desirable pre-loved fashion. Our mission is to transform the fashion industry for a more sustainable future by empowering our community to promote the circular fashion movement. Vestiaire was founded in 2009 and is headquartered in Paris with offices in London, Berlin, New York, Singapore, Ho Chi Minh, and warehouses in Tourcoing (France), Crawley (UK), Hong Kong and New York. We currently have a diverse global team of 600 employ…;52.507706;13.420806
Tech Analyst Fraud Platform (m/w/d);;Deutsche Kreditbank AG ;Berlin;;2026-07-16;Adzuna;Not provided;;;;Unknown;Unser Name verrät es schon: als Deutsche Kreditbank vergeben wir Kredite. Für alles, was Menschen wirklich zum Leben brauchen. Für Wohnungen, Krankenhäuser, Kitas, Schulen, Pflegeheime, die heimische Landwirtschaft und erneuerbare Energien. Über 5 Mio. Privatkund*innen bieten wir außerdem modernes Banking zu fairen Konditionen. Zum Beispiel ein nachhaltiges Girokonto. Geld mit Sinn und Verstand einzusetzen - dafür stehen wir als geldverbesserer. Auch als Team wollen wir immer besser werden. Und…;52.507706;13.420806
AI & Machine Learning Engineer (all genders);;Instaffo GmbH;Berlin;;2026-07-16;Adzuna;full_time;;;;Unknown;Du bist interessiert an der Stelle als AI & Machine Learning Engineer (all genders) bei msg systems ag ? Auf der Jobplattform Instaffo kannst du dich für diesen und weitere Jobs ohne großen Aufwand bewerben. Erstelle dein Profil in unter 3 Minuten und starte den Bewerbungsprozess mit nur wenigen Klicks. Bitte beachte, dass für diese Stelle eine Arbeitserlaubnis für Deutschland erforderlich ist. Die Sprachanforderungen für diese Stelle sind: Deutsch - Muttersprachliches Niveau Die geschätzte Geh…;52.52219;13.40933
Machine Learning Engineer (m/w/d);;Doopic GmbH;Berlin;;2026-07-16;Adzuna;full_time;;;;Unknown;Doopic ist ein innovatives Unternehmen aus Berlin, das sich auf das Thema Produktbildbearbeitung und Postproduktion spezialisiert hat. Mit starkem Fokus auf revolutionären Workflows, Automationen und KI nehmen wir eCommerce-Betreibern, Fotostudios, uvm. die Fleißarbeit hinsichtlich der Bildbearbeitung ab und unterstützen sie mit weiteren grafischen Dienstleistungen und einem hervorragenden Kundenservice. Zum nächstenmöglichen Zeitpunkt freuen wir uns auf Dich als AI Media Engineer (m/w/d) in un…;52.507706;13.420806
Principal Machine Learning Scientist (alle Geschlechter);;Not provided;Berlin;;2026-06-16;Adzuna;Not provided;;;;IT-Stellen;Bei Bayer sind wir Visionär*innen und entschlossen, die größten Herausforderungen unseres Planeten zu überwinden und zu einer Welt beizutragen, in der genug Nahrung und ausreichende medizinische Versorgung für alle Menschen keine unerreichbaren Ziele mehr darstellen. Wir tun dies mit Energie, Neugier und purer Hingabe, lernen stets von den Menschen um uns herum, erweitern unsere Denkweise, verbessern unsere Fähigkeiten und definieren das „Unmögliche“ neu. Es gibt viele Gründe, sich uns anzuschl…;52.507706;13.420806
Senior Machine Learning Engineer (all genders);;Instaffo GmbH;Berlin;;2026-07-28;Adzuna;full_time;;;;Unknown;You are interested in the position as Senior Machine Learning Engineer (all genders) at PDR.cloud GmbH ? On the job platform Instaffo, you can apply for this and other jobs with ease. Create your profile in under 3 minutes and start the application process with just a few clicks. Please note that this position requires work authorization for Germany . The language requirements for this position are: German - Fluent, English - Fluent . The estimated salary range from XING does not necessarily co…;52.52219;13.40933
Senior Machine Learning Engineer, AI Platform;;Smartly;Berlin;;2026-06-13;Adzuna;Not provided;;;;IT-Stellen;We are looking for a Senior Machine Learning Engineer to join the AI Platform Team at Smartly! Our team works on helping marketers make the most of their ad creatives (images, video, text) and campaigns (product and performance data). We build and experiment with AI-based solutions across the media and creative workflows.You will have the opportunity to take ownership of and work on high impact projects. Join us in building high impact ML-based solutions to help our customers to build better an…;52.507706;13.420806
Senior Machine Learning Engineer (ASR) (all);;Sonia;Berlin;;2026-07-31;Adzuna;full_time;;;;Unknown;Let me introduce With Sonia, doctors are successful doctors. We create and deploy AI-enhanced solutions that make doctors’ lives easier, patients’ care better, and healthcare systems more efficient. If you’re an intrinsically motivated self-starter who values impactful work, join us in revolutionizing healthcare. We’re looking for a Machine Learning Engineer (ASR) to join our AI team. You will be at the forefront of developing the speech recognition systems that power real-world applications us…;52.52219;13.40933
Senior Machine Learning Engineer (m/f/*);;Peregrine Technologies GmbH;Berlin;;2026-07-16;Adzuna;full_time;;;;Unknown;About Peregrine Based in Berlin, we're leveraging the power of AI to transform cameras into intelligent devices, enhancing road safety and urban mobility on a global scale, while preserving privacy at all times. At Peregrine, diversity and international collaboration fuel innovation. We unite the brightest minds with strong academic backgrounds and rich industry experience in robotics and machine learning, spanning from the tech hubs of Silicon Valley to the engineering powerhouses of Europe. O…;52.507706;13.420806
Senior Machine Learning Engineer (all genders);;Zalando;Berlin;;2026-06-11;Adzuna;full_time;;;;IT-Stellen;"THE ROLE & THE TEAM Zalando Marketing Services (ZMS) stands for a new era of marketing in fashion e-commerce. We enable fashion, beauty, and lifestyle partners to engage with 60 million active customers across European markets on Zalando and beyond, providing access to exclusive audiences and smart marketing tools. We are ambitious and committed to being the starting point of fashion for our customers and partners; therefore, we are re-founding and scaling our Applied Science and Engineering ba…";52.507706;13.420806
Senior SAP CX Consultant (all genders);;adesso SE;Berlin;;2026-06-23;Adzuna;Not provided;;;;IT-Stellen;adesso steht für digitale Exzellenz – und damit auch für vielfältige Entwicklungsmöglichkeiten für alle adessi. Wir wachsen gemeinsam und lernen voneinander: in anspruchsvollen Projekten, interdisziplinären Teams und mit zielgerichteten Trainingsangeboten. Wir haben IT im Herzen und den Erfolg unserer Kunden im Fokus. Als Treiber der KI-Transformation verbinden wir Mut zur Veränderung mit technologischer Expertise und zukunftsfähigen Strategien. Was uns stark macht, sind unsere adessi, die etwa…;52.507706;13.420806
Machine Learning Scientist (all genders) - Hybrid, Berlin;;Your mission dida;Berlin;;2026-05-12;Adzuna;full_time;;;;IT-Stellen;Your mission dida is a machine learning software company with exciting problems for instance in computer vision and natural language processing. Our team tackles applied problems for different customers by using latest scientific advancements (especially in deep learning) and therefore believes that research oriented thinking can help solving real-world problems more efficiently. You will support the dida team in applying cutting-edge machine learning algorithms experiment with model architectu…;52.47122;13.32833
Machine Learning Engineer - Talent Pool (m/f/d);;Merantix Momentum;Berlin;;2026-05-12;Adzuna;full_time;;;;IT-Stellen;What we do Merantix Momentum is a Berlin-based AI startup focusing on accelerating AI adoption across many industries through B2B solutions, as well as publicly funded research projects. We work across several domains, including automotive, manufacturing, retail, healthcare and many more, transforming businesses as an external machine learning department. We achieve this using our core expertise in state-of-the-art machine learning combined with our culture of rapid iterations to build scalable…;52.54629;13.35917
Machine Learning Ops Engineer - Personalization (m|w|d);;idealo internet GmbH;Berlin;;2026-07-24;Adzuna;full_time;;;;IT-Stellen;Everyone at idealo bases decisions on data. Our vision is to transform idealo from a transactional price comparison platform into a personalised shopping companion that inspires users throughout their entire product discovery journey. To make this vision a reality, we are looking for a Machine Learning Engineer (m|f|x) who is passionate about building scalable, cloud-native machine learning systems. Working in a cross-functional team alongside Product Managers, UX Designers, Software Engineers …;52.51551;13.38475
Machine Learning Working Student (all genders) - Hybrid, Berlin;;Your mission dida;Berlin;;2026-05-12;Adzuna;part_time;;;;IT-Stellen;Your mission dida is a machine learning software company with exciting problems for instance in computer vision and natural language processing. Our team tackles applied problems for different customers by using latest scientific advancements (especially in deep learning) and therefore believes that research oriented thinking can help solving real-world problems more efficiently. And for this we need a Machine Learning Working Student, who will: support our interdisciplinary team of people, who…;52.47122;13.32833
Werkstudent:in Informatik / KI / Machine Learning (m/w/d);;brayn.io;Berlin;;2026-07-23;Adzuna;part_time;;;;Unknown;Deine Aufgaben bei uns: Du unterstützt unser Team bei der Entwicklung moderner Applikationen – sei es für Web, Mobile oder Desktop. Du codest selbst und setzt KI-Werkzeuge für das Coding ein und schreibst Tests. Du entwickelst gemeinsam mit dem Team Lösungen, die KI-Modelle, z.B. LLMs integrieren Du entwickelst und evaluierst KI-Modelle auf ihre Leistungsfähigkeit und erweiterst Foundation Models einsatzbezogen Du wirkst aktiv an der Optimierung und Automatisierung von Geschäftsprozessen, digit…;52.4984;13.396
Senior Product Manager - Machine Learning (m/f/d);;voize;Berlin;;2026-06-18;Adzuna;full_time;;;;IT-Stellen; Why voize? Because we’re more than just a job! At voize, we believe the greatest gift to frontline workers is time - time to care, connect, and be present. Today, that time is lost to busywork and complex systems that pull them away from what matters most: people . Our vision is to change that by building AI companions that seamlessly take over digital workflows. We don’t replace humans with technology - we amplify their impact. Our mission is backed with a $50M Series A funding led by Baldert…;52.507706;13.420806
Software Dev Engineer Intern Machine Learning, Amazon Robotics;;Amazon Development Center Germany GmbH;Berlin;;2026-07-03;Adzuna;full_time;;;;Unknown;Do you want to solve real customer problems through innovative technology? Do you enjoy working on scalable services in a collaborative team environment? Do you want to see your code directly impact millions of customers worldwide? At Amazon, we hire the best minds in technology to innovate and build on behalf of our customers. Customer obsession is part of our company DNA, which has made us one of the world's most beloved brands. Our Software Development Engineer (SDE) interns use modern techn…;52.507706;13.420806
Software Dev Engineer Intern Machine Learning, Amazon Robotics;;Amazon;Berlin;;2026-07-03;Adzuna;full_time;;;;IT-Stellen;Do you want to solve real customer problems through innovative technology? Do you enjoy working on scalable services in a collaborative team environment? Do you want to see your code directly impact millions of customers worldwide? At Amazon, we hire the best minds in technology to innovate and build on behalf of our customers. Customer obsession is part of our company DNA, which has made us one of the world's most beloved brands. Our Software Development Engineer (SDE) interns use modern techn…;52.507706;13.420806
Senior IT Security Experte w/m/d - Cyber Defence;;Computacenter AG & Co. oHG;Berlin;;2026-07-22;Adzuna;Not provided;;;;Sonstige/Allgemeine Stellen;Computacenter ist ein internationales IT-Unternehmen mit einer 40-jährigen Erfolgsgeschichte. Allein in Deutschland bringen rund 7.000 Menschen die digitale Transformation voran: Sie entwickeln IT-Strategien, implementieren neue Technologien oder managen komplexe Infrastrukturen - für die Mehrheit der DAX-Unternehmen ebenso wie für große öffentliche Auftraggeber. Als unabhängiger Partner aller führenden IT-Hersteller (wie z. B. Microsoft, Apple, IBM, HP, Cisco, Intel) sind wir in allen relevant…;52.507706;13.420806
Senior Machine Learning Engineer in Berlin or remote | AI Platform;;Match on Monday GmbH & Co. KG;Berlin;;2026-07-28;Adzuna;full_time;;;;Unknown;About us At Match on Monday, we are currently supporting an innovative Software company in Berlin in its search for a Senior Machine Learning Engineer. The company develops its own Software-as-a-Service (SaaS) platform and offers an excellent environment for professional growth, a collaborative culture, and a highly motivated team. You can work remotely but you need to have a work permit for the EU. Tasks Develop and enhance machine learning solutions for production environments Build and optim…;52.507706;13.420806
Senior Machine Learning Engineer (all genders) - PDR.cloud GmbH;;PDR.cloud GmbH;Berlin;;2026-08-01;Adzuna;full_time;;;;Unknown;At PDR.cloud , we are digitalizing the workshop of the future. Since 2018, we have been developing a cloud-based SaaS platform from Berlin that helps automotive repair shops manage complex damage processes more easily, faster, and fully digitally. As a Senior Machine Learning Engineer at PDR.cloud, you will take ownership of the entire ML lifecycle - from exploratory data analysis and model development to production pipelines and ongoing evaluation. You work hands-on, are the first ML hire on t…;52.507706;13.420806
Mathematiker*in / Physiker*in für KI, Machine Learning & Modellierung (m/w/d);;empit;Berlin;;2026-05-12;Adzuna;full_time;;;;IT-Stellen;Deine Mission Entwicklung physikalisch motivierter KI- und ML-Modelle: Erstelle und optimiere ML-Analyse von Messdaten, basierend auf physikalischen Wechselwirkungen. Softwareentwicklung & Implementierung: Entwickle effiziente und robuste Softwarelösungen zur Datenverarbeitung, -analyse und Modellierung in Python. Big Data-Analyse und Skalierung: Verarbeite große Datenmengen effizient, analysiere Ergebnisse und optimiere Modelle für die Praxis. Physikalische Interpretation & Optimierung: Bewert…;52.50907;13.55321
Data Science & Machine Learning for Life-Science (m/w/d);;Limebit GmbH;Berlin;;2026-07-16;Adzuna;full_time;;;;Unknown;Limebit GmbH ist eine Data-Science- und Machine-Learning-Agentur mit Fokus auf den Life-Science-Sektor. Zu unseren Kunden zählen Krankenkassen, Krankenhäuser, Gesundheitsforschende Institute und Pharmaunternehmen. Gemeinsam entwickeln wir innovative Lösungen auf Basis von Medizindaten und leisten so einen nachhaltigen Beitrag zur Weiterentwicklung des Gesundheitswesens. Unser Team wächst weiter – und dafür suchen wir eine Person, die uns im Bereich Data Science und Machine Learning aktiv unters…;52.54629;13.35917
Senior Machine Learning Engineer (m/w/d) - PDR.cloud GmbH;;PDR.cloud GmbH;Berlin;;2026-08-01;Adzuna;Not provided;;;;Stellen aus Buchhaltung & Finanzwesen;Bei PDR.cloud digitalisieren wir die Werkstatt der Zukunft. Seit 2018 entwickeln wir aus Berlin heraus eine cloud-basierte SaaS-Plattform, die KFZ-Reparaturbetrieben hilft, komplexe Schadensprozesse einfacher, schneller und vollständig digital zu managen. Als Senior Machine Learning Engineer übernimmst du bei PDR.cloud Verantwortung über den gesamten ML-Lebenszyklus - von der explorativen Datenanalyse über Modellentwicklung bis hin zu produktiven Pipelines und laufender Auswertung. Du arbeitest…;52.507706;13.420806
Senior Machine Learning Scientist / Data Engineer - Logistics Algorithms (all genders);;Zalando;Berlin;;2026-07-11;Adzuna;full_time;;;;Stellen aus Logistik & Lagerhaltung;ABOUT THE TEAM As a Senior ML Scientist / Data Engineer, you will drive algorithmic research-driven software development in a logistics team. At Zalando, we process millions of customer orders every week and our systems make critical scheduling, planning, and routing decisions within our warehouses. Predictive warehousing allows us to preemptively take actions, which improve the warehouse efficiency by solving a stochastic optimization problem, at the crossroads of combinatorial optimization an…;52.507706;13.420806
Senior Staff Machine Learning Engineer, Menu Personalisation (m,f,x);;HelloFresh;Berlin;;2026-07-02;Adzuna;full_time;;;;IT-Stellen;About HelloFresh At HelloFresh, we want to change the way people eat forever by offering our customers high-quality food and recipes for different meal occasions. Even after celebrating our 10-year anniversary, we continue to see this mission spread around the world and beyond our wildest dreams. Now, we are a global food solutions group and the world's leading meal kit company, active in 18 countries across 3 continents. So, how did we do it? Our weekly boxes full of exciting recipes and fresh…;52.507706;13.420806
(Junior) Machine Learning Engineer (m/w/d) - System Engineering / Admin, Ingenieur;;Reply Deutschland SE;Berlin;;2026-07-29;Adzuna;Not provided;;;;Stellen für Hochschulabsolventen; Aufgaben Unser internationales Team entwickelt maßgeschneiderte End-to-End-Lösungen unter Einsatz von Machine Learning für unsere Kunden. Dabei decken unsere Projekte den gesamten Lebenszyklus ab, von der ersten Strategieberatung bis zur Umsetzung. Wenn du genauso leidenschaftlich programmierst und deine Ideen verwirklichen willst, dann komm zu uns! - Als Machine Learning Engineer unterstützt du unsere Kunden bei Aufbau, Wartung und Betrieb von datenintensiven Cloud-basierten Lösungen mit eine…;52.507706;13.420806
(Senior) Data Scientist - KI und ML - FinTech (w/m/d);;Europace Ratenkredit GmbH;Berlin;;2026-07-23;Adzuna;full_time;;;;IT-Stellen;Europace ist Deutschlands größte Transaktionsplattform für Immobilienfinanzierungen, Bausparprodukte und Ratenkredite. Mit der Ausgründung des Ratenkreditgeschäfts in die Europace Ratenkredit GmbH im November 2024 hat Hypoport einen strategischen Schwerpunkt auf das Geschäftsmodell Ratenkredit gesetzt, mit dem Ziel, die innovativste und wirtschaftlich erfolgreichste Ratenkreditplattform zu bauen, die zum unverzichtbaren Standard für Partner in ganz Deutschland wird. Die Europace Ratenkredit Gmb…;52.507706;13.420806
Senior Machine Learning Research Scientist (m/f/d) - Generative AI for Drug Design;;Pfizer;Berlin;;2026-07-06;Adzuna;full_time;;;;Stellen aus Kreation & Design;"A career at Pfizer offers opportunity, ownership and impact. All over the world, Pfizer colleagues work together to positively impact health for everyone, everywhere. Our colleagues have the opportunity to grow and develop a career that offers both individual and company success; be part of an ownership culture that values diversity and where all colleagues are energized and engaged; and the ability to impact the health and lives of millions of people. Pfizer, a global leader in the biopharmace…";52.507706;13.420806
Bachelorarbeit / Masterarbeit IT Consulting;;zeb;Berlin;;2026-06-24;Adzuna;Not provided;;;;IT-Stellen;Kaum eine Branche erfährt aktuell einen so tiefgreifenden Wandel wie die der Finanzdienstleister. zeb ist die führende, auf Financial Services spezialisierte Strategie-, Management- und IT-Beratung in Europa. Wir helfen unseren Kunden dabei, all diese Herausforderungen zu meistern, Chancen zu identifizieren und zu nutzen. Als Arbeitgeber setzen wir auf Menschen, die gern Neues ausprobieren, Verantwortung übernehmen und andere durch ihr Tun inspirieren. Werde ein Teil von zeb und hilf uns dabei!…;52.507706;13.420806
Psychologie&Künstliche Intelligenz | Bachelor of Science (B.Sc.);;FOM Hochschule für Oekonomie&Management gemeinnützige GmbH;Berlin;;2026-07-21;Adzuna;Not provided;;;;Teilzeitstellen;Der Bachelor-Studiengang Psychologie& Künstliche Intelligenz (B.Sc.) richtet sich an alle, die dual neben der Ausbildung oder berufsbegleitend studieren und sich gezielt an der Schnittstelle zwischen Psychologie, Wirtschaft und Technologie qualifizieren möchten. Im Studium kombinierst du psychologische Grundlagen– z. B. Wahrnehmung, Denken, Verhalten– mit modernen KI-Technologien wie Machine Learning, TensorFlow und Scikit-learn. Du erwirbst Kompetenzen in Datenanalyse, UX-Design, Ethik, Entsch…;52.50871;13.31376
Junior HR Business Partner / Agile Coach (m/w/d) – Quereinstieg;;mycareernow GmbH;Berlin;;2026-07-21;Adzuna;part_time;;;;IT-Stellen;mycareernow GmbH mycareernow ist ein nach AZAV zertifizierter Bildungsträger mit klarem Fokus auf Projektmanagement und Künstliche Intelligenz. Unsere praxisnahen Weiterbildungen bereiten dich gezielt auf den nächsten Karriereschritt vor – mit echten Projekten, erfahrenen Trainer*innen und starkem Bezug zur Arbeitswelt. Ob Prompt Engineering oder den Umgang mit den neuesten KI-Tools: Wir vermitteln dir genau das Know-how, das du für deinen beruflichen Neustart brauchst. Dabei begleiten wir dich…;52.51551;13.38475
Computer Science PhD (Germany);;Anyone AI;Berlin;;2026-06-06;Adzuna;part_time;;;;IT-Stellen;Overview We are looking for experienced Machine Learning and AI Experts to help train and evaluate advanced AI models. In this role, you will apply your domain expertise to assess AI-generated content, create high-quality technical prompts and answers, and evaluate model responses for accuracy, relevance, and clarity. This is a remote, flexible opportunity for experts who want to contribute to the development of better AI systems. Compensation US$150 per hour Key Responsibilities As a Machine L…;52.507706;13.420806
(Junior) Data Scientist (m/w/d) - Datenbankentwicklung/BI, Ingenieur;;Reply Deutschland SE;Berlin;;2026-08-01;Adzuna;Not provided;;;;Stellen für Hochschulabsolventen; Aufgaben - Als (Junior) Data Scientist (m/w/d) entwickelst und implementierst du eigenständig Datenmodelle und -algorithmen für unsere kundenspezifischen Lösungen. Dabei identifizierst und analysierst du Probleme in einem analytischen Rahmen - Du entwickelst und wartest Datenpipelines und Dashboards. Dabei arbeitest du an einer Vielzahl von datenbezogenen Komponenten wie Datenplattformen, Dashboards und Produkten rund um Data und Machine Learning - Arbeit an komplexen Projekten und Datensätzen…;52.507706;13.420806
Doktorand / Doktorandin (d/w/m) in der medizinischen Bildgebung, Elastographie;;Charité - Universitätsmedizin Berlin;Berlin;;2026-07-28;Adzuna;Not provided;;;;Unknown;DIE CHARITÉ – UNIVERSITÄTSMEDIZIN BERLIN Die Charité – Universitätsmedizin Berlin ist eine gemeinsame Einrichtung der Freien Universität Berlin und der Humboldt-Universität zu Berlin. Sie hat als eines der größten Universitätsklinika Europas mit bedeu­tender Geschichte eine führende Rolle in Forschung, Lehre und Krankenversorgung inne. Aber auch als modernes Unternehmen mit Zertifizierungen im medizinischen, klinischen und im Management-Bereich tritt die Charité hervor. Doktorand / Doktorandin …;52.507706;13.420806
Junior GenAI Engineer (m/w/d) - System Engineering / Admin, Ingenieur;;Reply Deutschland SE;Berlin;;2026-08-01;Adzuna;Not provided;;;;Stellen für Hochschulabsolventen; Aufgaben Als Junior GenAI Engineer (m/w/d) unterstützt du bei der Entwicklung und Implementierung von Generative-AI-Modellen, (Multi-)Agent-basierten LLM-Anwendungen und KI-gestützten Lösungen für kundenspezifische Anforderungen. Dabei arbeitest du eng mit erfahrenen Kolleg:innen zusammen und lernst moderne GenAI-Technologien in realen Projekten anzuwenden. - Du wirkst bei der Entwicklung und Wartung von KI-Pipelines, APIs und interaktiven Anwendungen mit und sammelst praktische Erfahrung mit …;52.507706;13.420806
Machine Learning / AI Developer for Industrial Laser Processes (m/f/d - all genders);;Blackbird Robotersysteme GmbH;Munich;;2026-07-29;Adzuna;full_time;;;;IT-Stellen;Machine Learning / AI Developer for Industrial Laser Processes (m/f/d – all genders) 85748 Garching, 80339 Munich Full-time Permanent Blackbird Robotersysteme GmbH and Lessmüller Lasertechnik GmbH are working in close technological partnership to develop innovative solutions for process monitoring, seam guidance, and the automation of laser welding processes. To further expand our joint development activities in the field of data-driven processes, we are seeking a skilled professional in the fi…;48.13344;11.58399
Machine Learning Engineer (m/w/d) ANÜ;;HOLZER Firmengruppe;Munich;;2026-08-02;Adzuna;full_time;;;;Stellen aus Gastronomie & Catering;Zweck und Ziel der Stelle Diese Position ist für Arbeitnehmerüberlassung. This job involves developing and implementing advanced machine learning models for luxury automotive applications. The role requires collecting and preprocessing structured and unstructured data to ensure accuracy and relevance, collaborating with cross-functional teams to integrate ML solutions, deploying and monitoring models in production, and providing data-driven insights to support strategic decisions and enhance cu…;48.137418;11.555737
Dualer Student Data Science & Scientific Computing (w/m/x);;BMW Group;Munich;;2026-08-01;Adzuna;Not provided;;;;Stellen aus Wissenschaft & Qualitätssicherung;Aufgaben Profil Wir bieten Hinweis: Dieser Studiengang wird als Studium mit vertiefter Praxis angeboten. Du liebst es, Ursachen für Probleme zu entdecken und Lösungen zu finden und möchtest an Zukunftsthemen arbeiten? Du hast eine Leidenschaft für IT und Digitalisierung? Dann ist dieses Studium genau das Richtige für dich. Denn du bist Expert:in dafür, riesige Datenmengen zu bändigen und daraus Vorhersagen abzuleiten. Egal ob Entwicklungsdaten oder Daten unserer Kund:innen, du weißt wo du die r…;48.137418;11.555737
Machine Learning Engineer;;Avelios Medical GmbH;Munich;;2026-07-16;Adzuna;Not provided;;;;Unknown;ABOUT US Our mission at Avelios is to unlock clinical data to power seamless healthcare operations for better patient care. To do so, we have built a modular software platform that digitizes and optimizes workflows in hospitals with cutting-edge technology in a user-friendly way. With our software, we enable hospitals, doctors & nurses to provide their patients with the best possible care. We are growing fast and want to keep expanding our team and business to fundamentally digitize healthcare …;;
Professur für Data, AI & Transformation Management;;International School of Management ;Munich;;2026-07-20;Adzuna;Not provided;;;;Unknown;Die International School of Management (ISM) ist eine staatlich anerkannte Hochschule und zählt zu den führenden privaten Hochschulen in Deutschland. An Standorten in Dortmund, Frankfurt/Main, München, Hamburg, Köln, Stuttgart und Berlin wird in kompakten und anwendungsbezogenen Studiengängen der Führungsnachwuchs für international orientierte Wirtschaftsunternehmen ausgebildet. Zum Studienangebot gehören Vollzeit-Programme, berufsbegleitende und duale Studiengänge sowie seit Herbst 2021 das Fe…;48.137418;11.555737
Sachbearbeiter (m/w/d) Business Intelligence & Datenqualität;;KNDS;Munich;;2026-08-01;Adzuna;Not provided;;;;Unknown;KNDS Deutschland entwickelt, fertigt und betreut als Systemhaus ein breit gestreutes Produktportfolio. Dazu zählen Kampfpanzer, hochgeschützte Radfahrzeuge, Artilleriesysteme, Militärbrücken, Kundenservice sowie Ausbildungslösungen. Als Teil der KNDS-Gruppe stehen wir für den Beginn der Konsolidierung der Industrie für militärische Landsysteme in Europa. Dabei bieten wir hochinteressante, komplexe und herausfordernde Tätigkeiten in einem kollegialen Umfeld. Das schätzen unsere Mitarbeiter, egal…;48.137418;11.555737
Intern Machine Learning (all genders);;Avelios Medical GmbH;Munich;;2026-07-16;Adzuna;Not provided;;;;Unknown;ABOUT US Our mission at Avelios is to unlock clinical data to power seamless healthcare operations for better patient care. To do so, we have built a modular software platform that digitizes and optimizes workflows in hospitals with cutting-edge technology in a user-friendly way. With our software, we enable hospitals, doctors & nurses to provide their patients with the best possible care. We are growing fast and want to keep expanding our team and business to fundamentally digitize healthcare …;;
Abschlussarbeit Machine Learning (all genders);;Not provided;Munich;;2026-06-10;Adzuna;Not provided;;;;Unknown;Wir sind über 13.000. An 20 Standorten weltweit. Jedes dritte Flugzeug fliegt mit unserer Technologie. Immer effizienter, leiser, nachhaltiger. Wir gestalten die Zukunft der Luftfahrt. Was wir noch brauchen? Dich. Unser Team in GER | München sucht Dich: STARKE AUFGABEN Weiterentwicklung eines datengetriebenen Modells in PyTorch als Proxy eines CFD Strömungslösers Entwicklung eines semi-parametrischen Modells Erstellung von Dokumentationen und Präsentationen BESTE VORAUSSETZUNGEN Studium im Bere…;48.137418;11.555737
Senior Applied AI Architect - Automated Driving (f/m/d);;BMW Group;Munich;;2026-07-27;Adzuna;Not provided;;;;IT-Stellen;Mit unseren Marken BMW, MINI, Rolls-Royce und BMW Motorrad sind wir einer der weltweit führenden Premium-Hersteller von Automobilen sowie Motorrädern und darüber hinaus Anbieter von Premium-Finanz- und Mobilitätsdienstleistungen. Am Standort München suchen wir Sie als Senior Applied AI Architect - Automated Driving (f/m/d) Aufgaben INNOVATION IS IMAGINING WHAT NO ONE ELSE CAN. At the BMW Group, everything starts with passion. It turns a profession into a vocation. It drives us to keep reinventi…;48.137418;11.555737
Softwareentwickler - Machine Learning (m/w/d);;Blackbird Robotersysteme GmbH;Munich;;2026-07-28;Adzuna;Not provided;;;;Unknown;Die Unternehmen Blackbird Robotersysteme GmbH und Lessmüller Lasertechnik GmbH arbeiten in enger technologischer Partnerschaft an innovativen Lösungen zur Prozessüberwachung, Nahtführung und Automatisierung von Laserschweißprozessen. Um unsere gemeinsamen Entwicklungsaktivitäten im Bereich datengetriebener Verfahren weiter auszubauen, suchen wir eine kompetente Unterstützung im Bereich KI als Entwickler Maschinelles Lernen / KI für industrielle Laserprozesse (m/w/d - all genders) Aufbau und Wei…;48.13344;11.58399
Working Student Machine Learning (all genders);;Avelios Medical GmbH;Munich;;2026-07-16;Adzuna;Not provided;;;;Unknown;ABOUT US Our mission at Avelios is to unlock clinical data to power seamless healthcare operations for better patient care. To do so, we have built a modular software platform that digitizes and optimizes workflows in hospitals with cutting-edge technology in a user-friendly way. With our software, we enable hospitals, doctors & nurses to provide their patients with the best possible care. We are growing fast and want to keep expanding our team and business to fundamentally digitize healthcare …;;
Senior Machine Learning Engineer (ASR) (all);;Sonia Solutions;Munich;;2026-05-12;Adzuna;full_time;;;;IT-Stellen;Let me introduce With Sonia, doctors are successful doctors. We create and deploy AI-enhanced solutions that make doctors’ lives easier, patients’ care better, and healthcare systems more efficient. If you’re an intrinsically motivated self-starter who values impactful work, join us in revolutionizing healthcare. We’re looking for a Machine Learning Engineer (ASR) to join our AI team. You will be at the forefront of developing the speech recognition systems that power real-world applications us…;48.14093;11.56907
Machine Learning Engineer (m/w/d) ANÜ;;Holzer Human Resources;Munich;;2026-07-25;Adzuna;full_time;;;;IT-Stellen;Zweck und Ziel der Stelle Diese Position ist für Arbeitnehmerüberlassung. This job involves developing and implementing advanced machine learning models for luxury automotive applications. The role requires collecting and preprocessing structured and unstructured data to ensure accuracy and relevance, collaborating with cross-functional teams to integrate ML solutions, deploying and monitoring models in production, and providing data-driven insights to support strategic decisions and enhance cu…;48.18446;11.57287
Machine Learning Engineer (m/w/d) ANÜ;;Holzer Human Resources GmbH;Munich;;2026-07-27;Adzuna;full_time;;;;Sonstige/Allgemeine Stellen;Aufgaben, Kompetenzen und Verantwortung Develop and Implement ML Models: Create advanced machine learning models for luxury automotive applications. Data Preparation and Quality: Collect and preprocess data and ensure accuracy. Model Deployment and Maintenance: Deploy and monitor models in production, ensuring ongoing performance. Provide Data-Driven Insights: Offer insights to support strategic decisions and enhance customer experiences. • Documentation and Reporting: Document projects and com…;48.18446;11.57287
(Senior) Machine Learning Engineer (f/m/d);;Pricenow;Munich;;2026-07-16;Adzuna;full_time;;;;Unknown;Do you have a passion for developing complex, intelligent, data-driven systems and cloud solutions? Do you want to work on challenging projects and with the latest technologies? Do you want to find ideal solutions together with great colleagues? We are looking for an experienced and enthusiastic (Senior) Machine Learning Engineer to strengthen our team. Become part of our fast-growing company and support us with motivation, joy and passion to share our innovative and high-quality products in th…;48.13258;11.59129
Machine Learning Werkstudent/Praktikum (m/w/d);;Gini;Munich;;2026-05-12;Adzuna;part_time;;;;IT-Stellen;Dein Team Wir suchen eine motivierte Unterstützung im Rahmen einer Werkstudenten- oder Praktikumsstelle , die unser CVIE-Team (Computer Vision & Information Extraction) unterstützt. Du hilfst uns dabei, unsere AI-Modelle weiterzuentwickeln, spannende Experimente durchzuführen und Daten so aufzubereiten, dass wir neue AI-Features testen und bestehende Modelle verbessern können. Deine Aufgaben bei Gini Du unterstützt beim Trainieren, Fine-Tuning und Evaluieren von Modellen für Document-Understand…;48.13344;11.58399
Entwickler Maschinelles Lernen / KI für industrielle Laserprozesse (m/w/d - all genders);;Blackbird Robotersysteme GmbH;Munich;;2026-07-29;Adzuna;Not provided;;;;Unknown;Entwickler Maschinelles Lernen / KI für industrielle Laserprozesse (m/w/d – all genders) 85748 Garching, 80339 München Vollzeit Unbefristet Die Unternehmen Blackbird Robotersysteme GmbH und Lessmüller Lasertechnik GmbH arbeiten in enger technologischer Partnerschaft an innovativen Lösungen zur Prozessüberwachung, Nahtführung und Automatisierung von Laserschweißprozessen. Um unsere gemeinsamen Entwicklungsaktivitäten im Bereich datengetriebener Verfahren weiter auszubauen, suchen wir eine kompet…;48.13344;11.58399
Senior Engineer - Audio Machine Learning (18-Month Leased Labor);;Huawei Research Center Germany;Munich;;2026-06-11;Adzuna;Not provided;;;;Unknown;Huawei Heisenberg Research Center (Munich) is responsible for advanced technology research, architectural development, design and strategic engineering of our products. Audiovisual Technology Lab in Huawei Munich Research Center is developing innovative technologies in the field of acquisition, encoding and decoding, processing and presentation for the media field, including audio, video, image and graphics. You will contribute to these activities being inserted into an international and experi…;48.18196;11.52134
Internship Machine Learning (Synthetic Data Generation) (f/m/x);;ZEISS;Munich;;2026-06-20;Adzuna;full_time;;;;IT-Stellen;Welcome to ZEISS – a company that combines innovation and responsibility! Our corporate functions are diverse and make a decisive contribution to the strategic orientation and sustainable success of ZEISS. We are seeking passionate and talented students who want to make an impact by helping to develop next generation products and innovative machine learning algorithms at ZEISS. Integrated in a fast-growing team of scientists and research engineers, you will work (for at least 3 months (ideally …;48.137418;11.555737
Senior Product Owner - AI & Machine Learning (f/m/x);;ZEISS;Munich;;2026-06-20;Adzuna;full_time;;;;IT-Stellen;Your role In cross-functional teams, you will drive & manage projects in the field of Artificial Intelligence, encompassing Machine Learning (ML) Deep Learning and AI, Generative AI and Agentic AI In this role, you will support the preparation and execution of AI projects: from setting the scope and roadmap-planning, to execution in an agile manner, to lessons learned that can be integrated into new projects As part of a vivid team, you will be in contact with users from different ZEISS departm…;48.137418;11.555737
(Senior) Machine Learning Engineer, Robot Learning (m/f/d);;Batch Robotics GmbH;Munich;;2026-07-24;Adzuna;Not provided;70000.0;120000.0;95000.0;Unknown;Batch Robotics is revolutionizing how robots operate in factories — not through rigid programming or teaching by human demonstration, but with smart perception and AI intelligence. We are a team of 4 motivated people with 25 years of experience in industry and robotics. Our mission is to make robots smarter and more flexible, enabling batch-size-1 automation for surface treatment economically. Our technology helps factories in Europe to remain competitive with intelligent robotics. We are now l…;48.14093;11.56907
Internship in Machine Learning, Visual Language (Action) Models (f/m/x);;ZEISS;Munich;;2026-06-20;Adzuna;full_time;;;;IT-Stellen;Welcome to ZEISS – a company that combines innovation and responsibility! Our corporate functions are diverse and make a decisive contribution to the strategic orientation and sustainable success of ZEISS. We are seeking passionate and talented students who want to make an impact by helping to develop next generation products and innovative machine learning algorithms at ZEISS. Integrated in a fast-growing team of scientists and research engineers, you will work (for at least 3 months (ideally …;48.137418;11.555737
Senior ML Engineer - Next-Generation Autonomous Driving (f/m/x);;BMW Group;Munich;;2026-08-02;Adzuna;Not provided;;;;Unknown;Mit unseren Marken BMW, MINI, Rolls-Royce und BMW Motorrad sind wir einer der weltweit führenden Premium-Hersteller von Automobilen sowie Motorrädern und darüber hinaus Anbieter von Premium-Finanz- und Mobilitätsdienstleistungen. Am Standort München suchen wir Sie als Senior ML Engineer - Next-Generation Autonomous Driving (f/m/x) Aufgaben INNOVATION IS IMAGINING WHAT NO ONE ELSE CAN. Artificial Intelligence and machine learning are at the cutting edge when it comes to shaping next-gen mobility…;48.137418;11.555737
(Junior) Machine Learning Engineer (m/w/d) - System Engineering / Admin, Ingenieur;;Reply Deutschland SE;Munich;;2026-07-29;Adzuna;Not provided;;;;Stellen für Hochschulabsolventen; Aufgaben Unser internationales Team entwickelt maßgeschneiderte End-to-End-Lösungen unter Einsatz von Machine Learning für unsere Kunden. Dabei decken unsere Projekte den gesamten Lebenszyklus ab, von der ersten Strategieberatung bis zur Umsetzung. Wenn du genauso leidenschaftlich programmierst und deine Ideen verwirklichen willst, dann komm zu uns! - Als Machine Learning Engineer unterstützt du unsere Kunden bei Aufbau, Wartung und Betrieb von datenintensiven Cloud-basierten Lösungen mit eine…;48.137418;11.555737
Data Scientist / AI Engineer (m/w/d) - Fokus Machine Learning & GenAI;;Expert Analytics GmbH;Munich;;2026-07-16;Adzuna;full_time;;;;Unknown;Wir sind die Expert Analytics GmbH – ein junges Unternehmen aus München und Teil der internationalen Expert Analytics Gruppe mit Standorten in München, Oslo und Rio de Janeiro. Zusammen bilden wir ein interdisziplinäres Team von über 45 Expert:innen, das mittelständische Unternehmen und Großkonzerne dabei unterstützt, komplexe Herausforderungen durch datengetriebene Lösungen zu meistern. Unser Fokus liegt auf Data Science, Data Engineering sowie der Implementierung maßgeschneiderter Software. D…;48.137418;11.555737
Senior AI Engineer - Human-Like Behaviour (f/m/x);;BMW Group;Munich;;2026-07-01;Adzuna;Not provided;;;;Unknown;INNOVATION IS IMAGINING WHAT NO ONE ELSE CAN. Artificial Intelligence and machine learning are at the cutting edge when it comes to shaping next-gen mobility in areas like automated driving. But it takes real intellectual leadership and expertise to identify and then harness the AI trends and technologies that will transform the way people travel for good. Building autonomous driving systems at production scale takes more than strong model architectures. It requires robust end-to-end machine le…;48.18446;11.57287
(Senior) Data Scientist - KI und ML - FinTech (w/m/d);;Europace Ratenkredit GmbH;Munich;;2026-07-23;Adzuna;full_time;;;;IT-Stellen;Europace ist Deutschlands größte Transaktionsplattform für Immobilienfinanzierungen, Bausparprodukte und Ratenkredite. Mit der Ausgründung des Ratenkreditgeschäfts in die Europace Ratenkredit GmbH im November 2024 hat Hypoport einen strategischen Schwerpunkt auf das Geschäftsmodell Ratenkredit gesetzt, mit dem Ziel, die innovativste und wirtschaftlich erfolgreichste Ratenkreditplattform zu bauen, die zum unverzichtbaren Standard für Partner in ganz Deutschland wird. Die Europace Ratenkredit Gmb…;48.137418;11.555737
Senior Embedded AI Developer (f/m/x);;BMW Group;Munich;;2026-08-01;Adzuna;Not provided;;;;Unknown;INNOVATION IS IMAGINING WHAT NO ONE ELSE CAN. At the BMW Group, everything starts with passion. It turns a profession into a vocation. It drives us to keep reinventing mobility and bring innovative ideas onto the roads. Enthusiasm for joint projects turns a team into a strong unit where every opinion is valued. It is only when expertise, highly professional processes and enjoyment of work unite that we can shape the future together. We are shaping AI transformation at the BMW Group and deliveri…;48.18446;11.57287
Senior Applied AI / ML Engineer (f/m/x);;BMW Group;Munich;;2026-08-01;Adzuna;Not provided;;;;Unknown;ARE YOU PREPARED FOR THE FUTURE? AI, AI SIR! Artificial Intelligence and machine learning are at the cutting edge when it comes to shaping next-gen mobility in areas like automated driving. But it takes real intellectual leadership and expertise to identify and then harness the AI trends and technologies that will transform the way people travel for good. We are an international team of experts shaping the future of intelligent mobility by developing and refining edge GenAI models for the BMW I…;48.18446;11.57287
Sachbearbeiter (m/w/d) Business Intelligence & Datenqualität;;KNDS Deutschland;Munich;;2026-08-01;Adzuna;Not provided;;;;Unknown;Unternehmensbeschreibung KNDS Deutschland entwickelt, fertigt und betreut als Systemhaus ein breit gestreutes Produktportfolio. Dazu zählen Kampfpanzer, hochgeschützte Radfahrzeuge, Artilleriesysteme, Militärbrücken, Kundenservice sowie Ausbildungslösungen. Als Teil der KNDS-Gruppe stehen wir für den Beginn der Konsolidierung der Industrie für militärische Landsysteme in Europa. Dabei bieten wir hochinteressante, komplexe und herausfordernde Tätigkeiten in einem kollegialen Umfeld. Das schätzen…;48.18449;11.44811
Masterarbeit in der virtuellen Ausbildungssimulation;;KNDS Deutschland;Munich;;2026-07-18;Adzuna;Not provided;;;;Unknown;Unternehmensbeschreibung KNDS Deutschland entwickelt, fertigt und betreut als Systemhaus ein breit gestreutes Produktportfolio. Dazu zählen Kampfpanzer, hochgeschützte Radfahrzeuge, Artilleriesysteme, Militärbrücken, Kundenservice sowie Ausbildungslösungen. Als Teil der KNDS-Gruppe stehen wir für den Beginn der Konsolidierung der Industrie für militärische Landsysteme in Europa. Dabei bieten wir hochinteressante, komplexe und herausfordernde Tätigkeiten in einem kollegialen Umfeld. Das schätzen…;48.18449;11.44811
Fachinformatiker (w/m/d) für Systemintegration - Digitales Lernen 2027;;Siemens AG;Munich;;2026-07-21;Adzuna;Not provided;;;;Stellen aus Personal & Personalbeschaffung;Dein Berufsbild: Du möchtest irgendwas mit Mathe machen, was dich mit der Zukunft vernetzt? Dann entscheide dich für eine Ausbildung im Distance-Education-Modell München als Fachinformatiker Systemintegration (w/m/d) bei Siemens und baue mit uns die Netzwerke von morgen. Fachinformatiker mit Schwerpunkt Systemintegration (m/d/w) konzipieren kundenspezifische IT-Systeme und sind vor Ort im Einsatz. Energieversorgungssysteme, Fabrikautomation oder Cybersicherheit sind die Domäne der IT-Profession…;48.10881;11.61884
(Junior) Data Scientist (m/w/d) - Datenbankentwicklung/BI, Ingenieur;;Reply Deutschland SE;Munich;;2026-08-01;Adzuna;Not provided;;;;Stellen für Hochschulabsolventen; Aufgaben - Als (Junior) Data Scientist (m/w/d) entwickelst und implementierst du eigenständig Datenmodelle und -algorithmen für unsere kundenspezifischen Lösungen. Dabei identifizierst und analysierst du Probleme in einem analytischen Rahmen - Du entwickelst und wartest Datenpipelines und Dashboards. Dabei arbeitest du an einer Vielzahl von datenbezogenen Komponenten wie Datenplattformen, Dashboards und Produkten rund um Data und Machine Learning - Arbeit an komplexen Projekten und Datensätzen…;48.137418;11.555737
R&D Engineer - AI Integration (m/f/d);;Advantest Europe GmbH;Munich;;2026-07-25;Adzuna;Not provided;;;;Unknown;Advantest - We enable tomorrowʻs technology. IoT, 5G and Artificial Intelligence. Unthinkable without us. More than half of all the microchips produced worldwide first pass through our hands. As the global market leader of automated test systems in the semiconductor industry we help the world to realize the digital transformation, enable our customers to shape the future and offer you the exciting jobs intended for pioneers. Are you seeking answers and opportunities for your future? At our site…;48.1475;11.62828
im Bereich Data Intelligence;;ARRK Engineering GmbH;Munich;;2026-06-12;Adzuna;Not provided;;;;Unknown;ARRK Engineering ist ein globaler Entwicklungspartner für die Automobil- und Mobilitätsindustrie und für innovative Produktentwicklung. WE MAKE IDEAS HAPPEN! Massendaten Analyse, Ganzheitlicher Datenprozess, Data/Cloud Engineering, Machine Learning, Datenvisualisierung Wir bieten - Ein motiviertes, kollegiales Team mit flachen Hierarchien - Flexible Arbeitszeiten und Home Office Möglichkeiten - Individuelle Weiterbildungs- und Entwicklungsmöglichkeiten - Modern ausgestattete Arbeitsumgebung Wir…;48.18446;11.57287
Softwarearchitekt*in als Teamleitung (all genders) BigData;;LexCom Informationssysteme GmbH;Munich;;2026-07-27;Adzuna;Not provided;;;;Unknown;LexCom Informationssysteme – wir sind weltweit der führende Spezialist für Informations-, Kommunikations- und Vertriebssysteme für die After-Sales-Organisationen unserer renommierten Kunden, insbesondere aus dem Maschinenbau- und Automotive-Umfeld. Wir entwickeln, betreiben und betreuen unsere Systeme und begeistern damit Hersteller, Importeure, Händler sowie freie Werkstätten gleichermaßen mit Lösungskompetenz und Umsetzungsstärke. Unsere rund 400 Mitarbeitenden, die an unseren weltweiten Stan…;48.137418;11.555737
(Junior) AI Application Engineer || AI Products LLM & RAG (m/w/d) - Anwendungsentwicklung, Ingenieur;;Reply Deutschland SE;Munich;;2026-07-29;Adzuna;Not provided;;;;Stellen für Hochschulabsolventen; Aufgaben Als (Junior) AI Application Engineer (m/w/d) entwirfst und entwickelst du KI-gestützte Anwendungen und Produktfunktionen für Unternehmenskunden. Zu deinen Aufgaben gehören: - Konzeption und Entwicklung von KI-Anwendungen wie Enterprise-Assistenten, Copiloten, semantischen Suchplattformen und Automatisierungssystemen - Unterstützung bei der Entwicklung von LLM-basierten Lösungen (inkl. RAG) sowie End-to-End-KI-Produkten unter Integration von APIs, Unternehmensdaten und Backend-Services…;48.137418;11.555737
Junior GenAI Engineer (m/w/d) - System Engineering / Admin, Ingenieur;;Reply Deutschland SE;Munich;;2026-08-01;Adzuna;Not provided;;;;Stellen für Hochschulabsolventen; Aufgaben Als Junior GenAI Engineer (m/w/d) unterstützt du bei der Entwicklung und Implementierung von Generative-AI-Modellen, (Multi-)Agent-basierten LLM-Anwendungen und KI-gestützten Lösungen für kundenspezifische Anforderungen. Dabei arbeitest du eng mit erfahrenen Kolleg:innen zusammen und lernst moderne GenAI-Technologien in realen Projekten anzuwenden. - Du wirkst bei der Entwicklung und Wartung von KI-Pipelines, APIs und interaktiven Anwendungen mit und sammelst praktische Erfahrung mit …;48.137418;11.555737
Praktikant Data Science im Bereich Engine Health Monitoring (all genders);;Not provided;Munich;;2026-06-10;Adzuna;Not provided;;;;IT-Stellen;Wir sind über 13.000. An 20 Standorten weltweit. Jedes dritte Flugzeug fliegt mit unserer Technologie. Immer effizienter, leiser, nachhaltiger. Wir gestalten die Zukunft der Luftfahrt. Was wir noch brauchen? Dich. Unser Team in GER | München sucht Dich: Starke Aufgaben Einarbeitung in das bei der MTU verwendete Vorgehen für Engine Trend Monitoring (ETM) Im Rahmen des Praktikums beschäftigen Sie sich mit Themen aus den fol-genden Bereichen: Weiterentwicklung bestehender Machine-Learning Modelle …;48.137418;11.555737
Masterarbeit über maschinelles Lernen für die Konnektivität in Non-Terrestrial Networks (w/m/d);;Deutsches Zentrum für Luft- und Raumfahrt e.V. ;Munich;;2026-07-16;Adzuna;Not provided;;;;Unknown;Das erwartet Dich Die Forschungsgruppe Advanced Information Processing hat sich zum Ziel gesetzt, neueste theoretische Erkenntnisse in praktische Anwendungen innerhalb von Informationsverarbeitungssystemen umzusetzen. Das Fachgebiet der Gruppe reicht von der Quantenfehlerkorrektur bis hin zum intelligenten Datenmanagement. Dabei werden modernste Kommunikationstheorien wie die semantische Kommunikation und das „Age of Information“ erforscht, um die Grenzen der Datennutzung und -verbreitung zu er…;;
PhD student in the field of development and processing of composite structures (d/f/m);;E Airbus Defence and Space GmbH;Munich;;2026-07-31;Adzuna;Not provided;;;;Unknown;Job Description: In order to support Central R&T Materials Domain, Airbus Defence and Space is looking for a PhD student in the field of development and processing of composite structures (d/f/m) You are looking for a PhD thesis and want to get to know the work of a Material Scientist (d/f/m)? Then apply now! We look forward to you supporting us in the Central R&T Materials Domain department as a Doktorand (d/f/m)! Location: Ottobrunn, Munich Start: as soon as possible Duration: 36 Month Your l…;48.137418;11.555737
Tenure Track Assistant Professor in Process Robotics in Bioprocess Engineering (f/m/d);;Technische Universität München ;Munich;;2026-07-27;Adzuna;Not provided;;;;Technikerstellen;to begin as soon as possible. The position is a W2 fixed-term (6 year) tenure-track professorship with the possibility for promotion to a tenured W3. Scientific Environment The professorship will be assigned to the Department of Energy and Process Engineering at the TUM School of Engineering and Design and it is affiliated with the Integrative Research Institute (IRI) of Integrated Materials, Energy and Process Engineering (MEP) as well as the Munich Institute of Robotics and Machine Intelligen…;48.137418;11.555737
Softwarearchitekt*in als Teamleitung (all genders) BigData;;Not provided;Munich;;2026-07-24;Adzuna;Not provided;;;;IT-Stellen;LexCom Informationssysteme – wir sind weltweit der führende Spezialist für Informations-, Kommunikations- und Vertriebssysteme für die After-Sales-Organisationen unserer renommierten Kunden, insbesondere aus dem Maschinenbau- und Automotive-Umfeld. Wir entwickeln, betreiben und betreuen unsere Systeme und begeistern damit Hersteller, Importeure, Händler sowie freie Werkstätten gleichermaßen mit Lösungskompetenz und Umsetzungsstärke. Unsere rund 400 Mitarbeitenden, die an unseren weltweiten Stan…;48.13532;11.50283
(Junior) Agentic AI Software Engineer (m/w/d) - Anwendungsentwicklung, Ingenieur;;Reply Deutschland SE;Munich;;2026-08-01;Adzuna;Not provided;;;;Stellen für Hochschulabsolventen; Aufgaben - Du unterstützt unsere Kunden bei der Konzeption und Entwicklung und Bereitstellung intelligenter, produktionsreifer Systeme, die große Sprachmodelle (LLMs), autonome Agenten und skalierbare Cloud-Architekturen (AWS, GCP oder Azure) nutzen, sowie bei robuster Orchestrierungs- und Abruf-Pipelines für skalierbare KI-Anwendungen. - Entwicklung und Betrieb agentenbasierter KI-Systeme, einschließlich mehrstufiger Workflows, Tool-Integration und Komponenten zur autonomen Entscheidungsfindu…;48.137418;11.555737
Senior AI / ML Engineer (w/m/d) für Technologieberatung im Bankingumfeld - Frankfurt am Main;;Passion for People GmbH;Munich;;2026-07-28;Adzuna;full_time;;;;Unknown;Unternehmensbeschreibung Job-Nr: 2678789GS Einsatzort: München Unser Mandant ist die Management-, Fach- und Technologieberatung für Deutschlands führende Banken und Fondsgesellschaften in Frankfurt am Main. Als Experten für Kredit, Wertpapier und Zahlungsverkehr begleitet und navigiert unser Mandant seine Kunden durch die Herausforderungen von Digitalisierung, neuen Marktanforderungen und Regulatorik. Mit gezielter Beratung rüstet er Deutschlands führende Banken und Fondsgesellschaften für die …;48.14093;11.56907
Agentic AI Engineer (f/m/x);;BMW Group;Munich;;2026-08-01;Adzuna;Not provided;;;;Unknown;INNOVATION IS IMAGINING WHAT NO ONE ELSE CAN. Artificial Intelligence and machine learning are at the cutting edge when it comes to shaping next-gen mobility in areas like automated driving. But it takes real intellectual leadership and expertise to identify and then harness the AI trends and technologies that will transform the way people travel for good. We are a central technology team specialising in AI, Generative AI, and Generative Design, responsible for identifying, industrializing and …;48.18446;11.57287
Werkstudent Produktauffindbarkeit | Product Management (w/m/d);;Otto GmbH & Co. KGaA;Hamburg;;2026-07-01;Adzuna;Not provided;;;;Unknown;OTTO ist eines der erfolgreichsten E-Commerce-Unternehmen Europas. Mit mehr als 18 Millionen Artikeln und über 34.000 Marken gehört otto.de heute zu den führenden deutschen Onlineshopping-Plattformen. Als Marktplatz öffnen wir uns stetig für weitere Marken und Partner und wachsen so immer weiter. Ausruhen? Nicht unser Ding! Deins auch nicht? Dann komm an Board – und gestalte mit uns die Zukunft des E-Commerce. Vielfalt gehört zu uns, wie die Elbe zu Hamburg: Wir stehen für Offenheit, Respekt un…;53.557429;9.987297
SAP Berater FI/CO (w/m/d);;best practice consulting AG;Hamburg;;2026-06-07;Adzuna;Not provided;;;;IT-Stellen;Du suchst eine neue Herausforderung im SAP S/4HANA-Umfeld und bringst Erfahrungen in SAP FI/CO mit? Bewirb dich als SAP Berater FI/CO (w/m/d)! Die bpc AG ist eine stetig wachsende mittelständische Management-, Prozess- und IT-Beratung mit Fokus auf SAP-Lösungen. Seit 25 Jahren entwickeln wir innovative digitale Lösungen für unsere Kunden des Öffentlichen Sektors, der Ver- und Entsorgungswirtschaft und der Finanzwirtschaft. Lerne unsere best practice crew kennen und komm an Bord! Aufgaben Als SA…;53.557429;9.987297
SAP Berater Logistik (w/m/d);;best practice consulting AG;Hamburg;;2026-07-25;Adzuna;Not provided;;;;Unknown;Du hast Lust auf spannende Aufgaben im S/4HANA-Umfeld? Bewirb dich als SAP Berater Logistik (w/m/d)! Die bpc AG ist eine stetig wachsende mittelständische Management-, Prozess- und IT-Beratung mit Fokus auf SAP-Lösungen. Seit 25 Jahren entwickeln wir innovative digitale Lösungen für unsere Kunden des Öffentlichen Sektors, der Ver- und Entsorgungswirtschaft und der Finanzwirtschaft. Lerne unsere best practice crew kennen und komm an Bord! Aufgaben Als SAP Berater Logistik (w/m/d) berätst du unse…;53.557429;9.987297
Principal Machine Learning Engineer (f/m/x);;exmox GmbH;Hamburg;;2026-07-17;Adzuna;Not provided;;;;Unknown;Your Mission This is a company built for growth. When you join exmox, you're stepping into a high-velocity environment where data is not just analyzed but turned into systems that directly drive business performance. You will operate at the intersection of data, engineering, and product, solving real-world problems in a space that demands both speed and precision. We build high-performing consumer products in one of the most competitive industries: mobile gaming. As part of a company on a path …;53.5504;9.99417
Principal Machine Learning Engineer (f/m/x);;exmox;Hamburg;;2026-07-19;Adzuna;full_time;;;;IT-Stellen;Your Mission This is a company built for growth. When you join exmox, you're stepping into a high-velocity environment where data is not just analyzed but turned into systems that directly drive business performance. You will operate at the intersection of data, engineering, and product, solving real-world problems in a space that demands both speed and precision. We build high-performing consumer products in one of the most competitive industries: mobile gaming. As part of a company on a path …;53.5504;9.99417
(Senior) Consultant Machine Learning (m/w/d);;Blueforte;Hamburg;;2026-05-12;Adzuna;full_time;;;;IT-Stellen;Gestalte mit uns die datengetriebene Zukunft. Du möchtest Unternehmen helfen, bessere Entscheidungen durch intelligente Datenlösungen zu treffen? Als (Senior) Consultant bei Blueforte entwickelst du moderne Analytics-Architekturen und begleitest unsere Kund:innen auf dem Weg zur datengetriebenen Organisation – strategisch, technisch und partnerschaftlich. Deine Perspektiven. Unsere Benefits. New Work-Kultur. Weil Arbeit mehr sein kann: 9 Gründe für Blueforte. INNOVATIVE - Vielfalt statt Routine…;53.5504;9.99417
Werkstudent im Bereich Machine Learning & KI (w/m/d);;GPI Consulting;Hamburg;;2025-11-22;Adzuna;Not provided;;;;IT-Stellen;Als Werkstudent im Bereich Machine Learning & KI unterstützt Du unser Team bei spannenden Aufgaben rund um die Entwicklung moderner KI-Lösungen und kannst Dein technisches Wissen gezielt erweitern.;53.54167;9.99333
KI Spezialist / Machine Learning Engineer (m/w/d);;Michael Page;Hamburg;;2026-07-21;Adzuna;full_time;;;;Unknown;Intro Arbeiten an der Speerspitze der technologischen Entwicklung mit Direkter Einfluss auf die digitale Transformation und die Erschließung von KI Firmenprofil Ein führendes Hamburger Medienhaus, das die Zukunft des Journalismus durch personalisierte KI-Modelle und automatisierte Content-Analysen aktiv mitgestaltet. Aufgabengebiet Entwicklung und Training von Machine Learning Modellen unter Einsatz von Python und PyTorch Implementierung von LLM-basierten Anwendungen mittels LangChain oder Llam…;53.557429;9.987297
Teamlead Artificial Intelligence - MLOps / Machine Learning (m/w/d);;Workwise GmbH;Hamburg;;2026-07-29;Adzuna;Not provided;;;;Sonstige/Allgemeine Stellen;Über ADI Solutions GmbH Die ADI Solutions GmbH steht für moderne Softwareentwicklung – international ausgerichtet. An unseren Standorten in Osnabrück und Venlo sowie gemeinsam mit internationalen Kollegen entwickeln rund 50 Mitarbeitende Lösungen, die weltweit im Einsatz sind – bei über 100 Kunden in mehr als 25 Ländern. Was uns antreibt, ist die Verbindung von Menschen, Ideen und Technologien. Ob ERP mit Microsoft Dynamics 365 Business Central, Business Intelligence, Power Platform, Web-Apps o…;53.55197;9.98553
Dualer Master: Junior Consultant Machine Learning (m/w/d);;Knowledge Foundation @ Reutlingen University;Hamburg;;2026-03-17;Adzuna;full_time;24000.0;30000.0;27000.0;IT-Stellen;Gestalte die KI-Lösungen von morgen bei unserem Partner Blueforte, einem führenden Beratungsunternehmen für Data & AI. Entwickle ML- und Deep-Learning-Modelle für vielfältige Anwendungsfälle, arbeite mit modernsten Tools wie PyTorch, TensorFlow oder Huggingface und bring dein Know-how in den gesamten Entwicklungsprozess ein.Ab März 2026 suchen wir motivierte Talente für die Standorte Stuttgart, Hamburg und remote für die Stelle als: Junior Consultant Machine Learning Was erwartet dich? Im Job: …;53.54167;9.99333
Senior Fullstack Softwareentwickler (m/w/d) KI-Lösungen, InsurTech;;CHECK24;Hamburg;;2026-07-08;Adzuna;Not provided;;;;IT-Stellen;Gestalte mit CHECK24 die Zukunft des digitalen Versicherungsvergleichs. Bei CHECK24 treiben wir Innovation in der Versicherungswelt mit Leidenschaft und modernster Technologie voran. Unser Ziel: Deutschlands besten Versicherungsvergleich – einfach, fair und transparent. Mit State-of-the-Art-Tools, modernen Architekturen und KI-Technologien (LLMs, Machine Learning & Co.) entwickeln wir smarte Features, die Millionen Kund:innen echten Mehrwert bieten.In agilen, cross-funktionalen Teams leben wir …;53.557429;9.987297
Data Engineer / Machine Learning Engineer (w/m/d) - Datenbankentwicklung/BI, Ingenieur;;freenet;Hamburg;;2026-07-31;Adzuna;Not provided;;;;Stellen für Hochschulabsolventen; Das erwartet dich Unser Bereich Customer Management entwickelt und betreibt auf einer skalierbaren AWS-Plattform datengetriebene Lösungen, die Kundenbedürfnisse entlang des gesamten Customer Lifecycles frühzeitig erkennen und Kundenansprachen intelligent automatisieren. Dafür arbeiten DevOps, Data Engineers und Data Scientists gemeinsam an modernen Technologien, um messbaren Mehrwert für unsere Kunden zu schaffen und neue datengetriebene Geschäftspotenziale zu erschließen. In diesem Umfeld übe…;53.557429;9.987297
Engineer für Conversational AI (m/w/d);;HanseMerkur Versicherungsgruppe;Hamburg;;2026-07-26;Adzuna;Not provided;;;;Unknown;Standort: Hamburg Die Digitalisierung und Prozessautomatisierung sind der Kern unserer Aufgaben, um die Erfolgsgeschichte unseres Hauses weiterzuschreiben. Bei uns findest Du spannende und komplexe Aufgabenstellungen, die in mehreren Teams unseres Inhouse Consulting für die HanseMerkur Versicherungsgruppe gelöst und betreut werden. Du willst nicht nur Chatbots bauen, sondern die Zukunft der Kundenkommunikation der HanseMerkur aktiv mitgestalten? Dann bist Du bei uns genau richtig. Bei uns treib…;53.557429;9.987297
(Senior) Data Scientist - KI und ML - FinTech (w/m/d);;Europace Ratenkredit GmbH;Hamburg;;2026-07-23;Adzuna;full_time;;;;IT-Stellen;Europace ist Deutschlands größte Transaktionsplattform für Immobilienfinanzierungen, Bausparprodukte und Ratenkredite. Mit der Ausgründung des Ratenkreditgeschäfts in die Europace Ratenkredit GmbH im November 2024 hat Hypoport einen strategischen Schwerpunkt auf das Geschäftsmodell Ratenkredit gesetzt, mit dem Ziel, die innovativste und wirtschaftlich erfolgreichste Ratenkreditplattform zu bauen, die zum unverzichtbaren Standard für Partner in ganz Deutschland wird. Die Europace Ratenkredit Gmb…;53.557429;9.987297
Postdoctoral Researcher in Aerosol & Liquid Jet Dynamics;;Deutsches Elektronen-Synchrotron DESY;Hamburg;;2026-07-27;Adzuna;Not provided;;;;Unknown;For our location in Hamburg we are seeking: Postdoctoral Researcher in Aerosol & Liquid Jet Dynamics Remuneration Group 13 | Limited: 3 years | Starting date: earliest possible | ID: FSPO006/2026 | Deadline: 17.08.2026 | Full-time/Part-time | Remote work possible DESY, with more than 2900 employees at its two locations in Hamburg and Zeuthen, is one of the world's leading research centres. Its research focuses on decoding the structure and function of matter, from the smallest particles of the …;53.557429;9.987297
Mechatronics Engineer – Scientific Instrumentation;;Deutsches Elektronen-Synchrotron DESY;Hamburg;;2026-07-27;Adzuna;Not provided;;;;Technikerstellen;For our location in Hamburg we are seeking: Mechatronics Engineer – Scientific Instrumentation Limited: 2 years | Starting date: earliest possible | ID: FSMA035/2026 | Deadline: 17.08.2026 | Full-time/Part-time | Remote work possible DESY, with more than 2900 employees at its two locations in Hamburg and Zeuthen, is one of the world's leading research centres. Its research focuses on decoding the structure and function of matter, from the smallest particles of the universe to the building block…;53.557429;9.987297
Berufsbegleitendes Studium - Data Science & Artificial Intelligence (M.Sc.) / Master@Encavis;;ENCAVIS Management GmbH & Co. KG;Hamburg;;2026-07-15;Adzuna;Not provided;;;;Unknown;Auf was wir bei ENCAVIS setzen? Die Sonne. Den Wind. Und auf dich. Willkommen in der Welt von Encavis! Bei uns dreht sich alles um die Kraft der Sonne, des Windes und der konzernweit über 400 Menschen, die gemeinsam das Energiesystem der Zukunft gestalten, um eine nachhaltige Energieversorgung für zukünftige Generationen sicherzustellen. Die ENCAVIS Management GmbH & Co. KG ist die Holding der ENCAVIS GmbH, einem der führenden Stromerzeuger aus Erneuerbaren Energien in Europa. Wir betreiben ein…;53.557429;9.987297
Berater für Digitale Transformation & KI (m/w/d) – Ideal für Quereinsteiger;;mycareernow GmbH;Hamburg;;2026-07-21;Adzuna;part_time;;;;IT-Stellen;mycareernow GmbH mycareernow ist ein nach AZAV zertifizierter Bildungsträger mit klarem Fokus auf Projektmanagement und Künstliche Intelligenz. Unsere praxisnahen Weiterbildungen bereiten dich gezielt auf den nächsten Karriereschritt vor – mit echten Projekten, erfahrenen Trainer*innen und starkem Bezug zur Arbeitswelt. Ob Prompt Engineering oder den Umgang mit den neuesten KI-Tools: Wir vermitteln dir genau das Know-how, das du für deinen beruflichen Neustart brauchst. Dabei begleiten wir dich…;53.5504;9.99417
PhD Student – Aerosol and Aqueous Solution Chemistry;;Deutsches Elektronen-Synchrotron DESY;Hamburg;;2026-07-22;Adzuna;Not provided;;;;Stellen für Hochschulabsolventen;For our location in Hamburg we are seeking: PhD Student – Aerosol and Aqueous Solution Chemistry Limited: 3 years | Starting date: earliest possible | ID: FSDO018/2026 | Deadline: 17.08.2026 | Full-time/Part-time | Remote work possible DESY, with more than 2900 employees at its two locations in Hamburg and Zeuthen, is one of the world's leading research centres. Its research focuses on decoding the structure and function of matter, from the smallest particles of the universe to the building blo…;53.557429;9.987297
Data Consultant (w/m/d);;Highberg;Hamburg;;2026-05-12;Adzuna;full_time;;;;Beraterstellen;Wer wir sind Als eine der führenden Beratungen der Medienbranche treibt Highberg DACH (ehemals SCHICKLER) den digitalen Wandel in Medienunternehmen in Deutschland, Österreich und der Schweiz aktiv voran. In der Medienwelt von heute entscheidet Datenkompetenz über Sichtbarkeit, Reichweite und Erfolg. Wer relevant bleiben will, muss Wandel aktiv gestalten – genau deshalb suchen wir dich. Deine Aufgaben Als Data Consultant bist Du Teil unseres Data-Teams und treibst gemeinsam mit den Kollegen hera…;53.54167;9.99333
(Junior) Data Scientist (m/w/d) - Datenbankentwicklung/BI, Ingenieur;;Reply Deutschland SE;Hamburg;;2026-08-01;Adzuna;Not provided;;;;Stellen für Hochschulabsolventen; Aufgaben - Als (Junior) Data Scientist (m/w/d) entwickelst und implementierst du eigenständig Datenmodelle und -algorithmen für unsere kundenspezifischen Lösungen. Dabei identifizierst und analysierst du Probleme in einem analytischen Rahmen - Du entwickelst und wartest Datenpipelines und Dashboards. Dabei arbeitest du an einer Vielzahl von datenbezogenen Komponenten wie Datenplattformen, Dashboards und Produkten rund um Data und Machine Learning - Arbeit an komplexen Projekten und Datensätzen…;53.557429;9.987297
Data Consultant (w/m/d);;Highberg DACH;Hamburg;;2026-07-16;Adzuna;full_time;;;;Unknown;Wer wir sind Als eine der führenden Beratungen der Medienbranche treibt Highberg DACH (ehemals SCHICKLER) den digitalen Wandel in Medienunternehmen in Deutschland, Österreich und der Schweiz aktiv voran. In der Medienwelt von heute entscheidet Datenkompetenz über Sichtbarkeit, Reichweite und Erfolg. Wer relevant bleiben will, muss Wandel aktiv gestalten – genau deshalb suchen wir dich. Deine Aufgaben Als Data Consultant bist Du Teil unseres Data-Teams und treibst gemeinsam mit den Kollegen hera…;53.54167;9.99333
Senior AI / ML Engineer (w/m/d) für Technologieberatung im Bankingumfeld - Frankfurt am Main;;Passion for People GmbH;Hamburg;;2026-07-28;Adzuna;full_time;;;;Unknown;Unternehmensbeschreibung Job-Nr: 2678794GS Einsatzort: Hamburg Unser Mandant ist die Management-, Fach- und Technologieberatung für Deutschlands führende Banken und Fondsgesellschaften in Frankfurt am Main. Als Experten für Kredit, Wertpapier und Zahlungsverkehr begleitet und navigiert unser Mandant seine Kunden durch die Herausforderungen von Digitalisierung, neuen Marktanforderungen und Regulatorik. Mit gezielter Beratung rüstet er Deutschlands führende Banken und Fondsgesellschaften für die …;53.5504;9.99417
Werkstudent Data Science - Jobsuche & Job-Empfehlung;;XING;Hamburg;;2026-07-23;Adzuna;Not provided;;;;Unknown;Als Werkstudent im Bereich Data Science unterstützt du uns dabei, unsere Such- und Empfehlungssysteme datenbasiert weiterzuentwickeln. Du arbeitest mit echten Nutzerprofilen, Stellenanzeigen sowie Such- und Empfehlungsergebnissen und hilfst uns zu verstehen, was ein gutes Matching ausmacht. Du bist Teil eines internationalen Data-Science-Teams und erhältst Einblicke in die Entwicklung datengetriebener Produkte – von der Analyse einzelner Ergebnisse bis hin zu produktiven Machine-Learning-System…;53.54167;9.99333
Duales Studium Informatik - Studienrichtung Künstliche Intelligenz (m/w/d);;Deutsche Telekom AG, Telekom Ausbildung;Hamburg;;2026-07-11;Adzuna;Not provided;;;;Teilzeitstellen;In unserem dualen Studiengang Bachelor of Science Informatik mit der Studienrichtung Künstliche Intelligenz lernst du die klassische und theoretische Informatik und erhältst gleichzeitig Einblicke in die KI, das maschinelle Lernen und Big Data. In den 3 Jahren Studium bist du pro Semester ca. 5 Wochen an der Provadis Hochschule in Frankfurt und die restliche Zeit in deiner Telekom-Abteilung eingesetzt. Zusätzlich nimmst du an Online-Vorlesungen teil. Während deiner Studien- und Praxisphasen erw…;53.557429;9.987297
Data Scientist (w/m/d);;Highberg;Hamburg;;2026-07-02;Adzuna;full_time;;;;Beraterstellen;Wer wir sind ​ Als eine der führenden Beratungen der Medienbranche treibt Highberg DACH (ehemals SCHICKLER) den digitalen Wandel in Medienunternehmen in Deutschland, Österreich und der Schweiz aktiv voran. In der Medienwelt von heute entscheidet Datenkompetenz über Sichtbarkeit, Reichweite und Erfolg. Wer relevant bleiben will, muss Wandel aktiv gestalten – genau deshalb suchen wir dich. Unser Tech Stack: Programmiersprachen: Python, R, JavaScript, SQL ETL / Data-Modeling: dbt, Google Dataflow,…;53.54167;9.99333
Data Engineer mit KI-Fokus (m/w/d);;Michael Page;Hamburg;;2026-07-26;Adzuna;full_time;;;;Unknown;Intro Pionierarbeit an der Schnittstelle von Big Data und Machine Learning Direkter Einfluss auf die strategische Ausrichtung Firmenprofil Ein führendes Hamburger E-Commerce-Powerhouse, das Logistikketten durch prädiktive Analysen revolutioniert. Aufgabengebiet Aufbau und Optimierung skalierbarer ETL/ELT-Strecken für massive Datenmengen Implementierung von Machine Learning Operations (MLOps) Workflows Design von Datenarchitekturen für Echtzeit-Analysen und KI-Modelle Enge Zusammenarbeit mit Dat…;53.557429;9.987297
Data Engineer (m/w/d) mit KI-Kenntnissen;;Michael Page;Hamburg;;2026-07-17;Adzuna;full_time;;;;Unknown;Intro Moderne Data- und KI-Projekte mit viel Gestaltungsspielraum Innovative Unternehmenskultur mit langfristiger Perspektive Firmenprofil Als spezialisierte Personalberatung begleiten wir aktuell ein modernes Technologieunternehmen mit Sitz in Hamburg bei der Suche nach einem Data Engineer (m/w/d) mit KI-Kenntnissen . Das Unternehmen entwickelt datengetriebene Lösungen für verschiedene Branchen und investiert kontinuierlich in moderne Cloud- und KI-Technologien. Hier erwartet Sie ein innovativ…;53.557429;9.987297
Data Scientist (w/m/d);;Highberg DACH;Hamburg;;2023-10-05;Adzuna;full_time;;;;Unknown;Wer wir sind Als eine der führenden Beratungen der Medienbranche treibt Highberg DACH (ehemals SCHICKLER) den digitalen Wandel in Medienunternehmen in Deutschland, Österreich und der Schweiz aktiv voran. In der Medienwelt von heute entscheidet Datenkompetenz über Sichtbarkeit, Reichweite und Erfolg. Wer relevant bleiben will, muss Wandel aktiv gestalten – genau deshalb suchen wir dich. Unser Tech Stack: Programmiersprachen: Python, R, JavaScript, SQL ETL / Data-Modeling: dbt, Google Dataflow, P…;53.54167;9.99333
Praktikum: Data Science (w/m/d);;Highberg;Hamburg;;2026-05-12;Adzuna;full_time;;;;Beraterstellen;Wer wir sind Als eine der führenden Beratungen der Medienbranche treibt Highberg DACH (ehemals SCHICKLER) den digitalen Wandel in Medienunternehmen in Deutschland, Österreich und der Schweiz aktiv voran. In der Medienwelt von heute entscheidet Datenkompetenz über Sichtbarkeit, Reichweite und Erfolg. Wer relevant bleiben will, muss Wandel aktiv gestalten – genau deshalb suchen wir dich. Unser Tech Stack: Programmiersprachen: Python, R, JavaScript, SQL ETL / Data-Modeling: dbt, Google Dataflow, P…;53.54167;9.99333
AI/ML Engineer (m/w/d) – Generative AI  Legal AI;;YPOG;Hamburg;;2026-07-27;Adzuna;part_time;;;;Juristische Stellen;Jobbeschreibung Willkommen bei YPOG YPOG ist eine führende Wirtschaftskanzlei für Rechts- und Steuerberatung mit einem starken Fokus auf Legal Tech, Legal AI und Innovation. Wir entwickeln digitale Lösungen und AI-Produkte, die unsere Beratung von morgen gestalten. Bei YPOG arbeiten wir in einer voll digitalisierten Umgebung, ein wertschätzendes Miteinander auf allen Ebenen steht im Mittelpunkt und flexible Zusammenarbeit gehört zu unserem Alltag. Dabei setzen wir auf agile, pragmatische Ansätz…;53.55197;9.98553
Junior AI Engineer – Conversational AI & Sales Solutions (w/m/d) - System Engineering / Admin, Ingenieur;;freenet;Hamburg;;2026-07-30;Adzuna;Not provided;;;;Stellen für Hochschulabsolventen; Das erwartet dich Unser Bereich Customer Management entwickelt und betreibt auf einer skalierenden AWS-Infrastruktur eine wachsende Zahl datengetriebener Lösungen mit signifikantem Business Impact. Dafür arbeiten Platform Engineers, Data Engineers und Data Scientists gemeinsam an modernen Technologien, um unseren Fachbereichen maßgeschneiderte Services zur Verfügung zu stellen. In diesem Umfeld unterstützt Du die Entwicklung innovativer AI-Lösungen für unsere Vertriebsteams und arbeitest an de…;53.557429;9.987297
Praktikum: Data Science (w/m/d);;Highberg DACH;Hamburg;;2023-10-05;Adzuna;full_time;;;;Unknown;Wer wir sind Als eine der führenden Beratungen der Medienbranche treibt Highberg DACH (ehemals SCHICKLER) den digitalen Wandel in Medienunternehmen in Deutschland, Österreich und der Schweiz aktiv voran. In der Medienwelt von heute entscheidet Datenkompetenz über Sichtbarkeit, Reichweite und Erfolg. Wer relevant bleiben will, muss Wandel aktiv gestalten – genau deshalb suchen wir dich. Unser Tech Stack: Programmiersprachen: Python, R, JavaScript, SQL ETL / Data-Modeling: dbt, Google Dataflow, P…;53.54167;9.99333
Data & AI Engineer (m/w/d) Energie & Computer Vision;;YER;Hamburg;;2026-07-16;Adzuna;full_time;;;;Unknown;ÜBER UNS Für unseren Kunden besetzen wir ab sofort folgende Position: DATA & AI ENGINEER (M/W/D) ENERGIE & COMPUTER VISION DEIN AUFGABENPROFIL Weiterentwicklung und Betrieb einer Azure-basierten Datenintegrationsplattform (u. a. Databricks, Unity Catalog) Konzeption, Entwicklung und Betrieb von ETL- und Datenverarbeitungspipelines Integration unterschiedlicher Quellsysteme und Aufbau einheitlicher Datenmodelle Sicherstellung stabiler, skalierbarer und performanter Datenverarbeitungsprozesse Wei…;53.55454;10.03315
E-Commerce Data, Automation & AI Manager (m/w/d);;Philips;Hamburg;;2026-07-28;Adzuna;Not provided;;;;Unknown;Your role: Develop and execute an AI and automation roadmap for the Western Europe Amazon e-commerce function Support in building a future-proof e-commerce strategy to help Philips win in AI-driven shopping environments, including Amazon Rufus, Alexa Shopping, Agentic Commerce, GEO Define how Philips Personal Health products are discovered, compared, ranked, and recommended by AI shopping assistants, moving beyond traditional keyword search toward conversational and agentic commerce Develop aut…;53.557429;9.987297
Manager / Berater Risikomanagement (w/m/d) - für internationales Beratungsunternehmen;;Passion for People GmbH;Hamburg;;2026-07-29;Adzuna;full_time;;;;Unknown;Unternehmensbeschreibung Job-Nr: 2679023GS Einsatzort: Hamburg Zukunftsweisende Lösungen für das Finanz- und Risikomanagement Du willst was bewegen? Unser Mandant gibt dir den Freiraum, dein Wissen und deine Kompetenzen zu nutzen, um Dinge nach vorne zu bringen. Er berät weltweit Mandanten in der Finanz- und Versicherungsbranche. Du wirst Teil eines professionellen Teams, in dem sich jeder nach seinen Stärken einbringt. Fachlich ist man auf die Entwicklung und Umsetzung integrierter Finanz- und…;53.5504;9.99417
Softwareentwickler Medizintechnik (m/w/d);;FERCHAU GmbH;Hamburg;;2026-07-14;Adzuna;Not provided;;;;Unknown;Menschen und Technologien zu verbinden, den Perfect Match für unsere Kunden zu gestalten, immer die richtigen Expert:innen für die jeweilige Herausforderung zu finden - das ist unser Anspruch bei FERCHAU und dafür suchen wir dich: als ambitionierte:r Kolleg:in, der:die wie wir Technologien auf die nächste Stufe bringen möchte. Wir realisieren spannende Projekte für namhafte Kunden in allen Technologiebereichen und für alle Branchen und überzeugen täglich mit fundierter Expertise und fachlichem …;53.61011;10.01166
Projektmanager – Künstliche Intelligenz im Gesundheitswesen (w/m/d);;AGAPLESION gAG;Frankfurt;;2026-08-01;Adzuna;Not provided;;;;Unknown;Willkommen bei AGAPLESION Wir sind die AGAPLESION gAG und stehen als größter diakonischer Gesundheitskonzern Deutschlands für exzellente Medizin und Pflege sowie für ein werteorientiertes Miteinander. In unseren über 100 Einrichtungen behandeln und begleiten wir Menschen in allen Lebensphasen. Gemeinsam gestalten wir das Gesundheitswesen von morgen. Du begeisterst dich für moderne Technologien und möchtest die digitale Transformation aktiv mitgestalten? Dann bist du bei uns genau richtig! Wir s…;50.129683;8.650578
(Junior) Machine Learning Engineer (m/w/d);;statworx;Frankfurt;;2026-05-12;Adzuna;full_time;;;;IT-Stellen;Über uns statworx ist ein führendes Beratungs- und Entwicklungsunternehmen für Daten und KI mit Sitz in Frankfurt am Main. Wir bieten strategische Beratung für mittelständische Unternehmen und globale Konzerne. Wir entwickeln innovative Daten- & KI-Lösungen für alle Unternehmensbereiche und Tätigkeitsfelder. Wir befähigen Menschen auf allen Kompetenzniveaus mit unseren Daten- & KI-Bildungsformaten. Kurz gesagt: Wir unterstützen Unternehmen bei allen Aspekten der digitalen Transformation – seit …;50.12595;8.76072
Senior Datenarchitekt (m/w/d) Data & AI Strategie;;Infomotion GmbH;Frankfurt;;2026-06-05;Adzuna;Not provided;;;;Unknown;INFOMOTION ist die Data Performance Company – mit über 600 Datenenthusiastinnen und -enthusiasten an neun Standorten und mehr als 20 Jahren Erfahrung. Bei uns bringst Du Deine Expertise gezielt ein – und entwickelst sie weiter, gemeinsam mit einem Team, das Wissen teilt, Verantwortung lebt und Zukunft gestaltet. Du möchtest Deine Erfahrung nicht nur vertiefen, sondern auch weitergeben – und mit anderen gemeinsam echte Datenwirkung erzielen? Dann gestalte mit uns die nächste Etappe – persönlich,…;;
Senior Machine Learning Engineer – Time Series & Forecasting (w/m/d);;statworx;Frankfurt;;2026-05-12;Adzuna;full_time;;;;IT-Stellen;Über uns statworx ist ein führendes Beratungs- und Entwicklungsunternehmen für Daten und KI mit Sitz in Frankfurt am Main. Wir bieten strategische Beratung für mittelständische Unternehmen und globale Konzerne. Wir entwickeln innovative Daten- & KI-Lösungen für alle Unternehmensbereiche und Tätigkeitsfelder. Wir befähigen Menschen auf allen Kompetenzniveaus mit unseren Daten- & KI-Bildungsformaten. Kurz gesagt: Wir unterstützen Unternehmen bei allen Aspekten der digitalen Transformation – seit …;50.12595;8.76072
Postdoc Position in Autonomous Machine Learning / Computational Modeling of Cognitive Development;;Home / FIAS;Frankfurt;;2026-07-10;Adzuna;full_time;;;;IT-Stellen;The Frankfurt Institute for Advanced Studies (FIAS) is looking for a Postdoctoral Researcher (f/m/d) in Autonomous Machine Learning / Computational Modeling of Cognitive Development. The primary goal is to develop computational models that autonomously learn abstract representations and models of the world from (simulated) physical interactions with their environment .;50.18595;8.65012
GenAI / Agentic AI Solutions Architect (all genders);;Accenture;Frankfurt;;2026-08-02;Adzuna;Not provided;;;;Unknown;Automatisierung, Data und ArtificalIntelligence sind deine Passion? Dann mache sie zum Beruf und unterstütze unsere Kunden bei der digitalen Transformation. Sei dabei, wenn wir mit Generativer KI und Large Language Models jede Facette einer Organisation neu erfinden. Deine Mission Als GenAI / Agentic AI Solutions Architect spielst Du in unserem Team eine entscheidende Rolle bei der Entwicklung und Implementierung von LLM- und AI-Technologien. Du lebst dein Talent als AI Architect voll aus, kons…;50.129683;8.650578
(Senior) Data Scientist - KI und ML - FinTech (w/m/d);;Europace Ratenkredit GmbH;Frankfurt;;2026-07-23;Adzuna;full_time;;;;IT-Stellen;Europace ist Deutschlands größte Transaktionsplattform für Immobilienfinanzierungen, Bausparprodukte und Ratenkredite. Mit der Ausgründung des Ratenkreditgeschäfts in die Europace Ratenkredit GmbH im November 2024 hat Hypoport einen strategischen Schwerpunkt auf das Geschäftsmodell Ratenkredit gesetzt, mit dem Ziel, die innovativste und wirtschaftlich erfolgreichste Ratenkreditplattform zu bauen, die zum unverzichtbaren Standard für Partner in ganz Deutschland wird. Die Europace Ratenkredit Gmb…;50.129683;8.650578
Werkstudent KI / LLM-Entwicklung (m/w/d) mit flexiblen Arbeitszeiten;;Bruski Smeets & Lange Rechtsanwälte Partnerschaft mbB;Frankfurt;;2026-07-23;Adzuna;part_time;;;;Juristische Stellen;Bruski Smeet & Lange Rechtsanwälte und Steuerberater Partnerschaft mbB Sie studieren im Master Informatik, Data Science, KI, Machine Learning oder einen verwandten Studiengang und arbeiten sicher mit Python? Bei Bruski Smeets & Lange gestalten Sie eine datenschutzkonforme KI-Umgebung von Grund auf mit und sammeln praktische Erfahrung mit LLMs, RAG-Systemen und modernen KI-Technologien. Dabei übernehmen Sie früh Verantwortung und arbeiten eng mit der Kanzleileitung zusammen. Ihre Aufgaben Planun…;50.11218;8.68432
Berater für Digitale Transformation & KI (m/w/d) – Ideal für Quereinsteiger;;mycareernow GmbH;Frankfurt;;2026-07-21;Adzuna;part_time;;;;IT-Stellen;mycareernow GmbH mycareernow ist ein nach AZAV zertifizierter Bildungsträger mit klarem Fokus auf Projektmanagement und Künstliche Intelligenz. Unsere praxisnahen Weiterbildungen bereiten dich gezielt auf den nächsten Karriereschritt vor – mit echten Projekten, erfahrenen Trainer*innen und starkem Bezug zur Arbeitswelt. Ob Prompt Engineering oder den Umgang mit den neuesten KI-Tools: Wir vermitteln dir genau das Know-how, das du für deinen beruflichen Neustart brauchst. Dabei begleiten wir dich…;50.11218;8.68432
(Junior) Data Scientist (m/w/d) - Datenbankentwicklung/BI, Ingenieur;;Reply Deutschland SE;Frankfurt;;2026-08-01;Adzuna;Not provided;;;;Stellen für Hochschulabsolventen; Aufgaben - Als (Junior) Data Scientist (m/w/d) entwickelst und implementierst du eigenständig Datenmodelle und -algorithmen für unsere kundenspezifischen Lösungen. Dabei identifizierst und analysierst du Probleme in einem analytischen Rahmen - Du entwickelst und wartest Datenpipelines und Dashboards. Dabei arbeitest du an einer Vielzahl von datenbezogenen Komponenten wie Datenplattformen, Dashboards und Produkten rund um Data und Machine Learning - Arbeit an komplexen Projekten und Datensätzen…;50.129683;8.650578
Senior AI / ML Engineer (w/m/d) für Technologieberatung im Bankingumfeld - Frankfurt am Main;;Passion for People GmbH;Frankfurt;;2026-07-28;Adzuna;full_time;;;;Unknown;Unternehmensbeschreibung Job-Nr: 2678787GS Einsatzort: Frankfurt Unser Mandant ist die Management-, Fach- und Technologieberatung für Deutschlands führende Banken und Fondsgesellschaften in Frankfurt am Main. Als Experten für Kredit, Wertpapier und Zahlungsverkehr begleitet und navigiert unser Mandant seine Kunden durch die Herausforderungen von Digitalisierung, neuen Marktanforderungen und Regulatorik. Mit gezielter Beratung rüstet er Deutschlands führende Banken und Fondsgesellschaften für di…;50.1179;8.66358
AI Engineer (m/w/d);;Franklin Fitch Limited;Frankfurt;;2026-08-01;Adzuna;full_time;;;;Unknown;Über uns Du begeisterst dich für Künstliche Intelligenz, Machine Learning und moderne Cloud-Technologien ? Du möchtest innovative AI-Lösungen entwickeln und Unternehmen dabei unterstützen, das Potenzial von Generative AI, Large Language Models und MLOps voll auszuschöpfen? Dann könnte deine nächste Herausforderung genau hier liegen. Ich arbeite aktuell mit einen innovativen Unternehmen zusammen, die ihre AI- und Data-Teams erweitern und nach erfahrenen AI Engineers (m/w/d) suchen. Aufgaben Du e…;50.10198;8.69569
Duales Studium Informatik B. Sc. mit Ausrichtung Künstliche Intelligenz Frankfurt am Main 2026;;Claranet - Managed Services Provider;Frankfurt;;2026-07-21;Adzuna;Not provided;;;;Teilzeitstellen;Das bie­ten wir Dir: Das Studium bei Claranet zeichnet sich insbesondere aus durch ein Arbeitsumfeld mit viel Raum für Eigeninitiative, in dem Du vom ersten Arbeitstag durch die Übernahme selbständiger Tätigkeiten in betriebliche Abläufe und herausfordernde Projekte eingebunden wirst und Verantwortung übernehmen darfst. Unterstützt wirst Du durch unsere erfahrenen Ausbilder*innen und Kolleg*innen, die jederzeit gerne für Fragen zur Verfügung stehen. Gemeinsam stellen wir uns den neuen Herausfor…;50.12595;8.76072
Duales Studium Informatik - Studienrichtung Künstliche Intelligenz (m/w/d);;Deutsche Telekom AG, Telekom Ausbildung;Frankfurt;;2026-07-11;Adzuna;Not provided;;;;Teilzeitstellen;In unserem dualen Studiengang Bachelor of Science Informatik mit der Studienrichtung Künstliche Intelligenz lernst du die klassische und theoretische Informatik und erhältst gleichzeitig Einblicke in die KI, das maschinelle Lernen und Big Data. In den 3 Jahren Studium bist du pro Semester ca. 5 Wochen an der Provadis Hochschule in Frankfurt und die restliche Zeit in deiner Telekom-Abteilung eingesetzt. Zusätzlich nimmst du an Online-Vorlesungen teil. Während deiner Studien- und Praxisphasen erw…;50.129683;8.650578
Cloud Architect (gn) AI & Data Solutions;;Jungwild GmbH;Frankfurt;;2026-07-25;Adzuna;full_time;;;;Unknown;Du möchtest Verantwortung für moderne Cloud- und KI-Architekturen übernehmen und anspruchsvolle Data-&-AI-Projekte technisch gestalten? Du schätzt ein innovatives Umfeld, in dem du komplexe Software- und Cloud-Lösungen von der ersten Idee bis zum produktiven Betrieb begleitest? Dann solltest du dir diese Karrierechance nicht entgehen lassen! Der Arbeitgeber: Unser Kunde ist ein führendes Beratungs- und Entwicklungsunternehmen für Daten und KI. Mit über 10 Jahren Erfahrung und mehr als 1000 erfo…;50.129683;8.650578
Junior AI Education Consultant (m/w/d);;statworx;Frankfurt;;2026-07-16;Adzuna;full_time;;;;Unknown;Über uns statworx ist ein führendes Beratungs- und Entwicklungsunternehmen für Daten & KI in der DACH-Region. Unser Angebot umfasst Beratung, Entwicklung und Weiterbildung – seit über einem Jahrzehnt, in mehr als 1.000 erfolgreichen Projekten und für über 100 Kunden aus nahezu allen Branchen. Wir begleiten mittelständische Unternehmen ebenso wie globale Konzerne mit strategischer Beratung und entwickeln innovative KI-Lösungen – von klassischen Machine-Learning-Anwendungen bis hin zu fortschritt…;50.12595;8.76072
AI / ML Lead Consultant (m/w/d);;Devoteam G Cloud Germany;Frankfurt;;2026-08-01;Adzuna;Not provided;;;;Beraterstellen;Stellenbeschreibung Als AI / ML Lead Consultant (m/w/d) leitest du Kundenprojekte rund um moderne Datenplattformen, Machine Learning und Generative AI auf Google Cloud. Du verbindest technische Führung, architektonische Verantwortung und Delivery-Verantwortung, um Kund:innen dabei zu helfen, von Strategie und Ideenentwicklung zu skalierbaren, produktionsreifen Lösungen zu gelangen. Deine Aufgaben Leitung von Kundenprojekten in den Bereichen Google Cloud Data , KI , Machine Learning und Generati…;50.129683;8.650578
Independent Research Group Leaders (f/m/d) for Computational RNA Biology;;Frankfurt Institute for Advanced Studies & Cluster of Excellence SCALE;Frankfurt;;2026-07-07;Adzuna;Not provided;;;;Stellen aus Wissenschaft & Qualitätssicherung;We seek: We seek an outstanding early-career scientist to establish an independent research program in Computational RNA Biology and develop theoretical, computational, and AI-based approaches to understand how RNAs and RNA-binding proteins control gene regulation, protein function, subcellular organization, biomolecular condensation, and intracellular transport. A collaborative and open-science attitude is expected. We expect candidates to establish an innovative and internationally competitiv…;50.129683;8.650578
Cloud Solution Architect (m/w/d);;statworx GmbH;Frankfurt;;2026-08-01;Adzuna;full_time;63000.0;103000.0;83000.0;IT-Stellen;Salary: 63.000 - 103.000 € per year Requirements: Du verfügst über ein abgeschlossenes (Master)-Studium, vorzugsweise in den Bereichen Software Development, Software Engineering, Informatik oder einer vergleichbaren Qualifikation Du bringst mehr als 3 Jahre praktische Erfahrung als Solution Architect, Lead Software/Cloud Developer oder in einer vergleichbaren Position mit und hast Erfahrung im Umgang mit Data Science, KI und Machine Learning Du besitzt umfassende Erfahrung in der Entwicklung vo…;50.12595;8.76072
Duales Studium Finance and Management B. Sc. bei Severn Consultancy;;accadis Hochschule;Frankfurt;;2026-06-03;Adzuna;Not provided;;;;Teilzeitstellen;Zum Studienstart Oktober 2026 hat die accadis Hochschule Bad Homburg einen freien Studienplatz mit unserem Praxispartner Severn Consultancy GmbH. 1999 haben unsere beiden Geschäftsführer Michael und Christian aus Leidenschaft für die Projektarbeit und den Finanzmarkt Severn Consultancy in Frankfurt am Main gegründet. Seitdem setzen wir gemeinsam mit unseren renommierten Kunden erfolgskritische Projekte auf TopManagement Ebene um. Zudem ordnen wir mit unserem Informationsportal Regupedia.de die …;50.129683;8.650578
Werkstudent AI Education (m/w/d);;statworx;Frankfurt;;2026-05-12;Adzuna;part_time;;;;IT-Stellen;Über uns statworx ist ein führendes Beratungs- und Entwicklungsunternehmen für Daten & KI in der DACH-Region. Unser Angebot umfasst Beratung, Entwicklung und Weiterbildung – seit über einem Jahrzehnt, in mehr als 1.000 erfolgreichen Projekten und für über 100 Kunden aus nahezu allen Branchen. Wir begleiten mittelständische Unternehmen ebenso wie globale Konzerne mit strategischer Beratung und entwickeln innovative KI-Lösungen – von klassischen Machine-Learning-Anwendungen bis hin zu fortschritt…;50.12595;8.76072
Duales Studium Data Science und Künstliche Intelligenz 2027 (w/m/d);;Deutsche Bahn AG;Frankfurt;;2026-07-15;Adzuna;Not provided;;;;Teilzeitstellen;Wir sind die Deutsche Bahn. Millionen Fahrgäste sind jeden Tag mit uns unterwegs und wir transportieren enorme Gütermengen – deutschlandweit sowie im angrenzenden Europa. Zu oft enttäuschen wir auch. Deshalb arbeiten wir mit Hochdruck an einer besseren Bahn. Dafür brauchen wir Power und dich! Wir sind eine der vielfältigsten Arbeitgeber:innen Deutschlands. Jedes Jahr suchen wir rund 500 Dual Studierende in 25 verschiedenen Studiengängen, die gemeinsam mit uns die Bahn Tag für Tag ein Stück bess…;50.129683;8.650578
Duales Studium Finance and Management B. Sc. bei den Rackow-Schulen Frankfurt;;accadis Hochschule;Frankfurt;;2026-06-03;Adzuna;Not provided;;;;Teilzeitstellen;Zum Studienstart Oktober 2026 hat die accadis Hochschule Bad Homburg einen freien Studienplatz mit unserem Praxispartner den Rackow-Schulen Frankfurt. Wir sind Frankfurts persönlichste Privatschule – ein Ort, an dem moderne Bildung auf über 120 Jahre Tradition trifft. Mit rund 600 Schülerinnen und Schüler in vier Schulformen (Realschule, Gymnasium, Fachoberschule, Berufliches Gymnasium) bieten wir eine persönliche, wertschätzende Lernatmosphäre und umfangreiche Betreuung. Als engagierter Ausbil…;50.129683;8.650578
Cloud Solution Architect (m/w/d) - statworx GmbH;;statworx GmbH;Frankfurt;;2026-08-01;Adzuna;full_time;;;;Unknown;Wir suchen eine:n Cloud Solution Architect (m/w/d) zur Verstärkung unseres Teams in Frankfurt am Main. In dieser Rolle entwirfst und verantwortest du Cloud- und Softwarelösungen für spannende Daten-, KI- und ML-Projekte. Du übersetzt Kundenanforderungen in technische Konzepte und übernimmst die technische Führung von Projektteams, um die erfolgreiche Implementierung unserer Lösungen sicherzustellen. Tätigkeiten Deine Aufgaben Als Teil unseres Projektteams entwirfst du Cloud- und Softwarelösunge…;50.129683;8.650578
Duales Studium Finance and Management B. Sc. bei cleversoft;;accadis Hochschule;Frankfurt;;2026-07-21;Adzuna;Not provided;;;;Teilzeitstellen;pZum Studienstartb Oktober 2026/b hat die baccadis Hochschule Bad Homburg/b einen freien Studienplatz mit unserem Praxispartner bcleversoft./b/ppBei cleversoft verbindest du dein Studium an der accadis Hochschule mit direkter Praxiserfahrung in einem führenden RegTech-Unternehmen. Du arbeitest an Lösungen für die Finanzwelt– mit modernsten CloudTechnologien, KI-gestützten Prozessen und einem internationalen Team, das Innovation lebt./ppWir bieten dir ab Tag 1 Praxis, Mentoring durch erfahrene F…;50.10161;8.62864
AI Engineer (m/w/d);;Michael Page;Frankfurt;;2026-07-28;Adzuna;full_time;;;;Unknown;Intro Moderne Strukturen, Industriebranche AI-Engineer (m/w/d) für den Großraum Frankfurt gesucht! Firmenprofil Unser Kunde ist ein etabliertes Industrieunternehmen mit langjähriger Erfahrung in der Entwicklung und dem Betrieb technischer Systeme für den industriellen Einsatz. Das Unternehmen verbindet klassische Ingenieurskompetenz mit moderner Softwareentwicklung und treibt aktiv die Digitalisierung von Produktions- und Betriebsprozessen voran. Mit mehreren Standorten und interdisziplinären T…;50.129683;8.650578
Praktikum im Datenservicezentrum;;Deutsche Bundesbank;Frankfurt;;2026-07-16;Adzuna;Not provided;;;;Unknown;Werde auch Du Teil von etwas Besonderem und schaffe ein solides Fundament für Deine Karriere! Praktikum im Datenservicezentrum Arbeitsort: Frankfurt am Main Anstellung: Praktikum, befristet (3 bis 6 Monate) Stellen-ID: 2019_0325_02 Das DSZ, als zentrale Stelle für die Verbreitung der in der Datenwertschöpfungskette der Statistik entstandenen Daten, nimmt eine Mittlerrolle zwischen datengenerierenden Bereichen und internen sowie auch externen Datennutzenden ein. Die Schwerpunkte liegen hierbei b…;50.129683;8.650578
Senior Data Scientist (m/w/d) - Datenbankentwicklung/BI, Ingenieur;;Senacor;Frankfurt;;2026-08-01;Adzuna;Not provided;;;;Stellen für Hochschulabsolventen; Über Senacor Deine Leidenschaft sind innovative Technologien und fortschrittliche Datenanalysen? Als Data Scientist bei Senacor nutzt du nicht nur statistische Methoden: Du entwickelst datengetriebene Modelle und Algorithmen, analysierst komplexe Datensätze und suchst exzellente Lösungen für datenintensive Herausforderungen mit modernen Tools und Technologien. Was uns auszeichnet? Unsere hands-on mentality! Bei Senacor zählen Coaching auf Augenhöhe, echter Teamgeist und flexible Zusammenarbeit…;50.129683;8.650578
Data & AI Education Consultant (m/w/d);;statworx;Frankfurt;;2026-07-05;Adzuna;full_time;;;;Unknown;Über uns statworx ist ein führendes Beratungs- und Entwicklungsunternehmen für Daten & KI in der DACH-Region. Unser Angebot umfasst Beratung, Entwicklung und Weiterbildung – seit über einem Jahrzehnt, in mehr als 1.000 erfolgreichen Projekten und für über 100 Kunden aus nahezu allen Branchen. Wir begleiten mittelständische Unternehmen ebenso wie globale Konzerne mit strategischer Beratung und entwickeln innovative KI-Lösungen – von klassischen Machine-Learning-Anwendungen bis hin zu fortschritt…;50.12595;8.76072
Senior Consultant Data Science (w/m/d);;KPMG;Frankfurt;;2025-12-27;Adzuna;full_time;;;;Unknown;Senior Consultant Data Science (w/m/d) Job-ID: 12025 Standorte: Frankfurt Karrierelevel: Berufserfahrene Anstellungsart: Festanstellung in Vollzeit Als Senior Consultant Data Science (w/m/d) wirst du Teil eines dynamischen Teams von Data-Experts, die innovative und datengesteuerte Lösungen für unsere Kunden entwickeln. Dabei arbeitest du eng mit erfahrenen Data Scientists zusammen und hast die Möglichkeit, an verschiedenen Projekten und Herausforderungen mitzuwirken. Deine Aufgaben Du bereitest…;50.05078;8.56413
Data & AI Jumpstart@IBM (m/w/d) ab 01.09.2024;;IBM;Frankfurt;;2025-02-24;Adzuna;Not provided;;;;Stellen für Hochschulabsolventen;Introduction Sichere dir deinen Berufseinstieg inklusive eines 6-wöchigen Intensivtrainings! Um deinen Einstieg ab dem 01.09.2024 bei uns bestmöglich zu gestalten, bieten wir dir ein umfangreiches Training, den Data & AI Jumpstart@IBM - hier werden praxisorientiert deine Kenntnisse in den Bereichen Data Engineering, Data Warehouse, ETL, Künstliche Intelligenz (Gen AI, WatsonX), Cloud Computing und Scrum vertieft. Anschließend startest du direkt in deinem ersten Kundenprojekt im Bereich Cognitiv…;;
Consultant Quantitative Analytics - Financial Services (m/w/d) - Consulting, Business Analysis, Ingenieur;;Deloitte;Frankfurt;;2026-07-31;Adzuna;Not provided;;;;Stellen für Hochschulabsolventen;Deloitte bietet führende Prüfungs- und Beratungsleistungen in Audit & Assurance, Tax & Legal, Consulting und Advisory – für nahezu 90 % der Fortune Global 500® und zahlreiche private Unternehmen. Wir liefern innovative Denkansätze, lösen komplexe Herausforderungen und fördern nachhaltiges Wachstum. Mit rund 470.000 Mitarbeitenden weltweit eröffnen wir hervorragende Karrierechancen – getragen von einem starken „Wir“ und einer Vielfalt an Perspektiven und Fähigkeiten. Du willst im Bereich Audit F…;50.129683;8.650578
Senior Data & AI Consultant (Frankfurt/Munich, Germany);;Unit8 SA;Frankfurt;;2026-02-02;Adzuna;full_time;;;;Beraterstellen;Who We Are Founded in 2017, Unit8 is a fast-growing European AI and data analytics consulting and services company dedicated to solving complex problems of traditional industries like automotive, chemical, financial services, manufacturing and pharma. We work with some of the biggest organisations in Europe to solve the challenges that directly affect their business - be it operations, finance, manufacturing or R&D. Since our foundation, we have successfully delivered more than 350 projects and…;50.129683;8.650578
Associate Data Scientist (m/w/d);;IBM;Frankfurt;;2026-08-02;Adzuna;Not provided;;;;Unknown;"Introduction A career in IBM Consulting is rooted by long-term relationships and close collaboration with clients across the globe. You will work with visionaries across multiple industries to improve the hybrid cloud and AI journey for the most innovative and valuable companies in the world. Your ability to accelerate impact and make meaningful change for your clients is enabled by our strategic partner ecosystem and our robust technology platforms across the IBM portfolio; including Software …";;
(Senior) Manager - AI Security (w/m/d);;KPMG;Frankfurt;;2025-12-16;Adzuna;full_time;;;;IT-Stellen;(Senior) Manager - AI Security (w/m/d) Job-ID: 12674 Standorte: Frankfurt Karrierelevel: Berufserfahrene Anstellungsart: Festanstellung in Vollzeit Begleite KPMG bei den zukünftigen Herausforderungen unserer Kund:innen. Begeistere auch Du Dich für die Vielfalt unserer Fragestellungen - und mach gemeinsam mit uns den Unterschied. Lerne das breit gefächerte Know-How unserer Projektteams kennen und ergreife Deine Chance als aktives Mitglied im Team von Cyber Security & Resilience. Gemeinsam mit un…;50.05078;8.56413
(Senior) Manager KI (m/w/d);;SKAD AG;Frankfurt;;2026-07-30;Adzuna;part_time;;;;Unknown;Was uns bewegt Unser Team gestaltet den Ausbau von Künstlicher Intelligenz – von Machine Learning bis Generative AI – in vielfältigen Projekten aktiv mit und bringt innovative Lösungen gemeinsam mit unseren Kunden voran. Hierfür suchen wir eine unternehmerisch denkende Persönlichkeit als (Senior) Manager, die uns mit ihrer Hands-on-Mentalität und analytischen Expertise engagiert unterstützt. Als Teil unserer KI-Projektteams erhältst du tiefe Einblicke in moderne Technologien und aktuelle Entwic…;;
Intern AI SOLUTIONS - Project Management & Business Development;;NewNow Group;Frankfurt;;2026-07-16;Adzuna;Not provided;;;;Unknown;WHO WE ARE NEWNOW specializes in decision-making technology and is dedicated to enhancing the accessibility of AI for business leaders. It caters to a wide array of global clients, including notable names like Deutsche Bank, Hewlett-Packard (HPE) and Philips. Completely bootstrapped and growing at 2X profitability this year, we are on the solid path to outpace this growth next year organically. We are now looking for top machine learning engineers and project managers with an entrepreneurial mi…;50.129683;8.650578
Senior AI Engineer (m/w/d);;statworx;Frankfurt;;2026-05-12;Adzuna;full_time;;;;IT-Stellen;Über uns statworx ist ein führendes Beratungs- und Entwicklungsunternehmen für Daten und KI mit Sitz in Frankfurt am Main. Wir bieten strategische Beratung für mittelständische Unternehmen und globale Konzerne. Wir entwickeln innovative Daten- & KI-Lösungen für alle Unternehmensbereiche und Tätigkeitsfelder. Wir befähigen Menschen auf allen Kompetenzniveaus mit unseren Daten- & KI-Bildungsformaten. Kurz gesagt: Wir unterstützen Unternehmen bei allen Aspekten der digitalen Transformation – seit …;50.12595;8.76072
Data Scientist (f/x/m);;spotixx GmbH;Frankfurt;;2026-07-21;Adzuna;full_time;;;;Unknown;spotixx is a Frankfurt-based European FinTech building technology for the regulated financial sector. Founded in 2019, we are a 60 people team with deep, established relationships across the German and wider European banking sector, built on years of fraud investigation and insights work delivered inside major banks. We are bootstrapped and set our own strategy and our own policies, without the compromises of chasing investor timelines. The market is moving toward us: European regulators are op…;50.129683;8.650578
Associate - AI Tech Consulting (all genders) - Consulting, Ingenieur;;BCG Platinion;Frankfurt;;2026-07-31;Adzuna;Not provided;;;;Stellen für Hochschulabsolventen;Du möchtest die Herausforderungen digitaler und AI-getriebener Transformation in Lösungen für die Zukunft verwandeln? Dann werde Teil von BCG Platinion und arbeite mit uns an den zentralen IT-Fragestellungen führender globaler Unternehmen. Wir helfen unseren Kunden, Tech-Transformationen zu beschleunigen, von Tech- und AI-Strategie bis hin zu skalierbaren Architekturen, Plattformen und Lösungen, die echten Business Impact schaffen. Bringe deine individuellen Stärken in ein Team ein, das AI-Komp…;50.129683;8.650578
Senior AI Tech Consultant (all genders) - Consulting, Ingenieur;;BCG Platinion;Frankfurt;;2026-08-02;Adzuna;Not provided;;;;Stellen für Hochschulabsolventen;Du möchtest die Herausforderungen digitaler und AI-getriebener Transformation in Lösungen für die Zukunft verwandeln? Dann werde Teil von BCG Platinion und arbeite mit uns an den zentralen IT-Fragestellungen führender globaler Unternehmen. Wir helfen unseren Kunden, Tech-Transformationen zu beschleunigen, von Tech- und AI-Strategie bis hin zu skalierbaren Architekturen, Plattformen und Lösungen, die echten Business Impact schaffen. Bringe deine individuellen Stärken in ein Team ein, das AI-Komp…;50.129683;8.650578
Experte (w/m/d) Contact Center AI (Conversational AI & Agentic AI);;Kassenärztliche Vereinigung Nordrhein;Cologne;;2026-08-02;Adzuna;Not provided;;;;Sonstige/Allgemeine Stellen;Sie suchen ein interessantes Aufgabengebiet in einem modernen Dienstleistungsunternehmen? Die Kassenärztliche Vereinigung Nordrhein mit ihren 24.000 Mitgliedern stellt die ambulante medizinische und psychotherapeutische Versorgung von 9,5 Millionen Menschen in Nordrhein sicher. Für unsere Abteilung Contact Center Operations suchen wir Sie als Experte (w/m/d) Contact Center AI (Conversational AI & Agentic AI) Standort: Köln, Vergütung: Entgeltgruppe 13 TV-L Aufgaben Fachliches Verantworten der P…;50.940164;6.969972
Senior Datenarchitekt (m/w/d) Data & AI Strategie;;INFOMOTION GmbH;Cologne;;2026-07-30;Adzuna;Not provided;;;;IT-Stellen;INFOMOTION ist die Data Performance Company – mit über 600 Datenenthusiastinnen und -enthusiasten an neun Standorten und mehr als 20 Jahren Erfahrung. Bei uns bringst Du Deine Expertise gezielt ein – und entwickelst sie weiter, gemeinsam mit einem Team, das Wissen teilt, Verantwortung lebt und Zukunft gestaltet. Du möchtest Deine Erfahrung nicht nur vertiefen, sondern auch weitergeben – und mit anderen gemeinsam echte Datenwirkung erzielen? Dann gestalte mit uns die nächste Etappe – persönlich,…;50.940164;6.969972
(Senior) Data Scientist - KI und ML - FinTech (w/m/d);;Europace Ratenkredit GmbH;Cologne;;2026-07-23;Adzuna;full_time;;;;IT-Stellen;Europace ist Deutschlands größte Transaktionsplattform für Immobilienfinanzierungen, Bausparprodukte und Ratenkredite. Mit der Ausgründung des Ratenkreditgeschäfts in die Europace Ratenkredit GmbH im November 2024 hat Hypoport einen strategischen Schwerpunkt auf das Geschäftsmodell Ratenkredit gesetzt, mit dem Ziel, die innovativste und wirtschaftlich erfolgreichste Ratenkreditplattform zu bauen, die zum unverzichtbaren Standard für Partner in ganz Deutschland wird. Die Europace Ratenkredit Gmb…;50.940164;6.969972
KI Entwickler (w/m/d);;Formel D GmbH;Cologne;;2026-08-03;Adzuna;Not provided;;;;Unknown;Formel D ist der globale Dienstleister der Automobilindustrie. Wir entwickeln marktführende Konzepte sowie individuelle, skalierbare Lösungen entlang der kompletten automobilen Wertschöpfungskette – von der Entwicklung über die Produktion bis hin zum Aftersales. Formel D wurde 1993 gegründet, der Hauptsitz der Unternehmensgruppe befindet sich in der Millionenmetropole Köln. In unseren interkulturellen Teams arbeiten heute weltweit mehr als 10.500 Personen aus 45 Nationen zusammen, die in über 9…;50.95561;7.01387
Manager People & Culture (m/w/d) – Agile Führung & Konfliktmanagement, Quereinsteiger willkommen!;;mycareernow GmbH;Cologne;;2026-07-21;Adzuna;part_time;;;;IT-Stellen;mycareernow GmbH mycareernow ist ein nach AZAV zertifizierter Bildungsträger mit klarem Fokus auf Projektmanagement und Künstliche Intelligenz. Unsere praxisnahen Weiterbildungen bereiten dich gezielt auf den nächsten Karriereschritt vor – mit echten Projekten, erfahrenen Trainer*innen und starkem Bezug zur Arbeitswelt. Ob Prompt Engineering oder den Umgang mit den neuesten KI-Tools: Wir vermitteln dir genau das Know-how, das du für deinen beruflichen Neustart brauchst. Dabei begleiten wir dich…;50.93917;6.95684
(Junior) Data Scientist (m/w/d) - Datenbankentwicklung/BI, Ingenieur;;Reply Deutschland SE;Cologne;;2026-08-01;Adzuna;Not provided;;;;Stellen für Hochschulabsolventen; Aufgaben - Als (Junior) Data Scientist (m/w/d) entwickelst und implementierst du eigenständig Datenmodelle und -algorithmen für unsere kundenspezifischen Lösungen. Dabei identifizierst und analysierst du Probleme in einem analytischen Rahmen - Du entwickelst und wartest Datenpipelines und Dashboards. Dabei arbeitest du an einer Vielzahl von datenbezogenen Komponenten wie Datenplattformen, Dashboards und Produkten rund um Data und Machine Learning - Arbeit an komplexen Projekten und Datensätzen…;50.940164;6.969972
Data Science und Künstliche Intelligenz (B.Sc.) 2027;;Siemens AG;Cologne;;2026-07-02;Adzuna;Not provided;;;;Teilzeitstellen;Dein Berufsbild: Du möchtest irgendwas mit Mathe und Programmieren machen und findest Technologien der Zukunft spannend? Dann entscheide dich für den Studiengang Data Science und Künstliche Intelligenz und hol alles aus den Daten heraus. In deinem Beruf bist du die Schnittstelle zwischen IT und Business. Du beherrschst die verschiedenen Technologien, bewertest deren Potenziale und weißt, wie man sie technisch umsetzt. In deinem dualen Studium erlernst du die Grundlagen, Konzepte und Methoden de…;50.940164;6.969972
Senior AI / ML Engineer (w/m/d) für Technologieberatung im Bankingumfeld - Frankfurt am Main;;Passion for People GmbH;Cologne;;2026-07-28;Adzuna;full_time;;;;Unknown;Unternehmensbeschreibung Job-Nr: 2678791GS Einsatzort: Köln Unser Mandant ist die Management-, Fach- und Technologieberatung für Deutschlands führende Banken und Fondsgesellschaften in Frankfurt am Main. Als Experten für Kredit, Wertpapier und Zahlungsverkehr begleitet und navigiert unser Mandant seine Kunden durch die Herausforderungen von Digitalisierung, neuen Marktanforderungen und Regulatorik. Mit gezielter Beratung rüstet er Deutschlands führende Banken und Fondsgesellschaften für die Zuk…;50.93917;6.95684
Senior ML Engineer (m/f/d);;Redcare Pharmacy;Cologne;;2026-07-16;Adzuna;Not provided;;;;Unknown;Company Description About Redcare Pharmacy: As Europe’s No.1 e-pharmacy, Redcare Pharmacy is powered by passionate teams and cutting-edge innovation. We strive to create a healthy, collaborative work environment where every employee feels valued and inspired to contribute to our vision “Until every human has their health”. If you’re seeking a career that offers purpose and aligns with your values, join us and begin your Redcareer today. About the role: As a Senior Machine Learning Engineer, you…;;
AI/ML Engineer (m/w/d) – Generative AI  Legal AI;;YPOG;Cologne;;2026-07-27;Adzuna;part_time;;;;Juristische Stellen;Jobbeschreibung Willkommen bei YPOG YPOG ist eine führende Wirtschaftskanzlei für Rechts- und Steuerberatung mit einem starken Fokus auf Legal Tech, Legal AI und Innovation. Wir entwickeln digitale Lösungen und AI-Produkte, die unsere Beratung von morgen gestalten. Bei YPOG arbeiten wir in einer voll digitalisierten Umgebung, ein wertschätzendes Miteinander auf allen Ebenen steht im Mittelpunkt und flexible Zusammenarbeit gehört zu unserem Alltag. Dabei setzen wir auf agile, pragmatische Ansätz…;50.93355;6.9594
Senior Data Scientist, Retail Media (m/f/d);;Redcare Pharmacy;Cologne;;2026-07-16;Adzuna;Not provided;;;;Unknown;Company Description About Redcare Pharmacy: As Europe’s No.1 e-pharmacy Redcare Pharmacy is powered by passionate teams and cutting-edge innovation. We strive to create a healthy collaborative work environment where every employee feels valued and inspired to contribute to our vision “Until every human has their health”. If you’re seeking a career that offers purpose and aligns with your values join us and start your Redcareer today. About the role: Join our Data Science team and help shape the…;;
Data Scientist* Komposit;;BarmeniaGothaer AG;Cologne;;2026-07-30;Adzuna;Not provided;;;;IT-Stellen;Stellenbeschreibung Kern deiner Tätigkeit ist die Identifikation, Priorisierung und Realisierung von KI-Use-Cases im Kompositbereich gemeinsam mit Fachbereichen, Prozessverantwortlichen und unserem KI-Community-Netzwerk. Du entwickelst KI‑gestützte Komponenten auf Basis von Machine Learning, NLP und Generative AI, von der Idee bis zum produktionsreifen Modell. Du analysierst Anforderungen, konzipierst Lösungen und arbeitest eng mit Fachexpert*innen zusammen. Zudem stellst du Datenverfügbarkeit …;50.940164;6.969972
Student/in (w/m/d) für die Erstellung einer Reinforcement Learning Umgebung;;Deutsches Zentrum für Luft- und Raumfahrt e.V. ;Cologne;;2026-08-01;Adzuna;Not provided;;;;Unknown;Das erwartet dich Die Abteilung KI Engineering definiert und etabliert systematische und zielorientierte Entwicklungsprozesse, Methoden und Werkzeuge für sichere KI-basierte Anwendungen. Im Fokus stehen dabei die Entwicklung und Anwendung von Safety- & Security-by-Design-Methoden für KI-basierte Komponenten sowie die Untersuchung sicherer Mensch-KI-Interaktion. Deine Aufgaben • Entwicklung einer Reinforcement Learning (RL) Umgebung: Basierend auf der Unreal Engine und der Gymnasium API • Optimi…;50.940164;6.969972
IT Projektleiter:in für AI-Projekte (m/w/d);;WEBUILDAI GmbH;Cologne;;2026-07-16;Adzuna;full_time;;;;Unknown;Wir sind WE BUILD AI aus Köln und bauen AI- und Data-Solutions für den Mittelstand und Konzerne in Deutschland. Bei uns entstehen Systeme, die in Produktion gehen und Geld verdienen oder sparen. Letztes Jahr sind wir gestartet und um 160 Prozent gewachsen. Dieses Jahr stehen wir bei 100 Prozent. Wir bauen hier ein Unternehmen, das in den nächsten Jahren weiter wachsen wird. Warum diese Rolle anders ist Unsere Projekte sind technisch tief. Es geht um LLM-Anwendungen, Machine Learning, Data Platt…;50.93917;6.95684
Senior Data Scientist (m/w);;KI group;Cologne;;2026-05-12;Adzuna;full_time;;;;Unknown;Über Uns Über die KI group In der KI group triffst Du auf eine bunte Mischung aus Tech-Enthusiasten, Zahlen-Ninjas, IT-Experten und Finanzgenies, die mit Leidenschaft und Begeisterung gemeinsam daran arbeiten, die Digitalisierung voranzutreiben. Hier kannst Du Dich und Deine Stärken einbringen, viel Neues kennenlernen und ein Teil der KI Familie werden. Wir unterstützen die spannendsten europäischen Unternehmen bei ihrer Tech-Fokussierung, entwickeln neue Geschäftsmodelle, erstellen Software-Pr…;50.940164;6.969972
Praktikum Associate Consultant Data Science (m/w/d);;Simon-Kucher & Partners;Cologne;;2026-04-27;Adzuna;Not provided;;;;Unknown;Praktikum Associate Consultant Data Science (m/w/d) InDeutschland - Berlin| Bonn | Köln Du willst Praxiserfahrung in einer internationalen Unternehmensberatung sammeln? Bei uns kannst du dein Interesse an Wirtschaftsthemen mit deinen analytischen Fähigkeiten verbinden! Werde für mindestens 10 Wochen Teil eines außergewöhnlichen Teams. Was uns besonders macht: ein starker Unternehmergeist und jede Menge Gestaltungsfreiheit. Der Advanced Analytics Bereich bei Simon-Kucher konzentriert sich auf di…;;
(Senior) Manager - AI Security (w/m/d);;KPMG;Cologne;;2025-12-16;Adzuna;full_time;;;;IT-Stellen;(Senior) Manager - AI Security (w/m/d) Job-ID: 12674 Standorte: Köln Karrierelevel: Berufserfahrene Anstellungsart: Festanstellung in Vollzeit Begleite KPMG bei den zukünftigen Herausforderungen unserer Kund:innen. Begeistere auch Du Dich für die Vielfalt unserer Fragestellungen - und mach gemeinsam mit uns den Unterschied. Lerne das breit gefächerte Know-How unserer Projektteams kennen und ergreife Deine Chance als aktives Mitglied im Team von Cyber Security & Resilience. Gemeinsam mit unseren…;50.937;6.97788
Abschlussarbeit (w/m/d) - Skalierbare Zielpunktoptimierung Solarturmkraftwerke;;Deutsches Zentrum für Luft- und Raumfahrt e.V. ;Cologne;;2026-07-16;Adzuna;Not provided;;;;Technikerstellen;Das erwartet dich In Solarturmkraftwerken konzentrieren Heliostaten das Sonnenlicht auf einem Strahlungsempfänger. Die flächenspezifische Leistungsverteilung auf dem Strahlungsempfänger bestimmt die Sicherheit und Effizienz des gesamten Kraftwerks. Die Verteilung der Leistung wird durch die Wahl der einzelnen Zielpunkte bestimmt, die ein Algorithmus mit Hilfe von Raytracing-Simulationen auswählt. In dieser Arbeit soll mit Hilfe von ARTIST ein Simulationsmodell von kommerziellen Kraftwerken erfo…;50.940164;6.969972
Senior Data Scientist (m/w/d);;Infodas;Cologne;;2026-05-13;Adzuna;full_time;;;;Unknown;Als Senior Data Scientist bei der infodas bringst Du Deine Erfahrung und Kompetenz in zukunftsweisenden Projekten ein und trägst zur Realisierung von spannenden, sicherheitskritischen Aufgabenstellungen im militärischen und behördlichen Umfeld bei. Du berätst und unterstützt unsere Kunden bei der Planung und Umsetzung datengetriebener Vorhaben. Dabei analysierst Du Daten, entwickelst darauf aufbauend geeignete Modelle und verfolgst dabei stets einen lösungsorientierten Ansatz. Durch kontinuierl…;50.940164;6.969972
Senior AI Consultant (m/w/d) - Projektmanagement, Anwendungsentwicklung, Consulting, Datenbankentwicklung/BI, Ingenieur;;Infomotion GmbH;Cologne;;2026-08-01;Adzuna;Not provided;;;;Stellen für Hochschulabsolventen; Erfolg beginnt dort, wo Erfahrung auf Exzellenz trifft – und Daten echte Wirkung erzeugen. Wir sind die AI & Data Performance Company – mit über 750 Datenenthusiastinnen und -enthusiasten in Deutschland, Österreich, der Schweiz, Polen und Rumänien, die Datenpotenzial entfesseln und den größtmöglichen Nutzen aus Daten schaffen. Unsere Teams arbeiten länderübergreifend daran, unsere Kunden in der datengetriebenen Weiterentwicklung ihrer Geschäftsmodelle zu unterstützen. Bei uns bringst Du Deine …;50.940164;6.969972
Associate - AI Tech Consulting (all genders) - Consulting, Ingenieur;;BCG Platinion;Cologne;;2026-07-31;Adzuna;Not provided;;;;Stellen für Hochschulabsolventen;Du möchtest die Herausforderungen digitaler und AI-getriebener Transformation in Lösungen für die Zukunft verwandeln? Dann werde Teil von BCG Platinion und arbeite mit uns an den zentralen IT-Fragestellungen führender globaler Unternehmen. Wir helfen unseren Kunden, Tech-Transformationen zu beschleunigen, von Tech- und AI-Strategie bis hin zu skalierbaren Architekturen, Plattformen und Lösungen, die echten Business Impact schaffen. Bringe deine individuellen Stärken in ein Team ein, das AI-Komp…;50.940164;6.969972
Senior AI Tech Consultant (all genders) - Consulting, Ingenieur;;BCG Platinion;Cologne;;2026-08-02;Adzuna;Not provided;;;;Stellen für Hochschulabsolventen;Du möchtest die Herausforderungen digitaler und AI-getriebener Transformation in Lösungen für die Zukunft verwandeln? Dann werde Teil von BCG Platinion und arbeite mit uns an den zentralen IT-Fragestellungen führender globaler Unternehmen. Wir helfen unseren Kunden, Tech-Transformationen zu beschleunigen, von Tech- und AI-Strategie bis hin zu skalierbaren Architekturen, Plattformen und Lösungen, die echten Business Impact schaffen. Bringe deine individuellen Stärken in ein Team ein, das AI-Komp…;50.940164;6.969972
AVEVA PI Systemintegrator (OSIsoft PI) (m/w/d);;Werusys Industrieinformatik GmbH & Co. KG;Cologne;;2026-07-16;Adzuna;full_time;;;;Unknown;Du hast Lust auf interessante Projekte und ein junges motiviertes Team? Wir bieten abwechslungsreiche Aufgaben für spannende und innovative Auftraggeber in ganz Deutschland. Wir besetzen Zukunftsthemen wie Production Intelligence, Machine Learning, Big Data, Energiemanagement und Cloud Computing. Komm doch einfach mal vorbei und schau, ob Du zu uns passen könntest. Wir sind immer auf der Suche nach neuer Unterstützung in unserem Team! Für die Kölner Unternehmenszentrale und/oder Kunden deutschl…;50.93917;6.95684
Teilzeit: Teamassistenz (w/m/d) im Startup;;nerou GmbH;Cologne;;2026-07-31;Adzuna;Not provided;;;;Unknown;Über nerou Die Datenanalyse-Software von nerou unterstützt Betreiber von Kläranlagen bei täglichen Entscheidungen in der Anlagensteuerung. In Kläranlagen müssen komplexe Entscheidungen getroffen werden, um die Anlage auf sich täglich ändernde Einflüsse einzustellen. Alle relevanten Daten werden von Machine Learning Algorithmen analysiert und ausgewertet. Die gewonnen Erkenntnisse werden in Form von Entscheidungshilfen an den Kunden weitergeleitet. Dies reduziert nicht nur Kosten für die Betreib…;50.9111;6.92606
Full-Stack Software Engineer / Backend & Frontend - AdTech SaaS Startup (m/w/d) remote;;DatAds;Cologne;;2026-07-16;Adzuna;full_time;;;;Unknown;DatAds is redefining how marketing and creative teams build winning ads. Our SaaS platform bridges the gap between performance marketers and creative teams by delivering visual ad insights, automated analytics, and AI-powered creative recommendations. The result: faster workflows, smarter decisions, and more high-performing ads – across Meta, TikTok, and YouTube. We’re growing fast, with double-digit month-over-month expansion. Our customers include some of the most innovative eCommerce brands,…;50.940164;6.969972
SAP Consultant Planning & Process Systems (m/w/d) - J3516;;Exclusive Associates;Cologne;;2026-07-16;Adzuna;full_time;;;;Unknown;Überblick Du steigst in ein dynamisches Beratungsumfeld ein, in dem du an der Weiterentwicklung von planungs- und prozessbezogenen Systemlösungen mitarbeitest. Du lernst, wie SAP-basierte Landschaften sowie Planungs- und Analyseplattformen zusammenwirken und bekommst Einblick in datengetriebene Themen wie Machine Learning und KI. Bei uns profitierst du von klaren Lernpfaden, regelmäßigen Coachings und abwechslungsreichen Projektaufgaben. Du arbeitest in cross-funktionalen Teams und kannst Veran…;50.940164;6.969972
Platform Engineer Analytics & KI-Platform (m/w/d) - Business Analysis, Ingenieur;;REWE digital GmbH;Cologne;;2026-07-31;Adzuna;Not provided;;;;Stellen für Hochschulabsolventen;Ort: 51149 Köln | Vertragsart: Vollzeit, unbefristet | Job-ID: 949943  REWE digital – Dein Home of IT Wir sind das Zuhause für alle Techies – oder alle, die sich in der Tech-Welt wohlfühlen. Hier gehörst du hin, wenn du IT-Spezialist:in oder Future Thinker bist. Software Developer oder System-Admin. UXler:in, Product Owner, SAP-Expert:in oder Techniker:in – und in jedem Fall: einfach du! Unsere digitale Welt erstreckt sich von App-Entwicklung und Agilität über Monitoring und Marktdigitalisierun…;50.940164;6.969972
Platform Engineer Analytics & KI-Platform (m/w/d);;REWE digital;Cologne;;2026-03-16;Adzuna;Not provided;;;;IT-Stellen;Ort: 51149 Köln | Vertragsart: Vollzeit, unbefristet | Job-ID: 949943 REWE digital – Dein Home of IT Wir sind das Zuhause für alle Techies – oder alle, die sich in der Tech-Welt wohlfühlen. Hier gehörst du hin, wenn du IT-Spezialist:in oder Future Thinker bist. Software Developer oder System-Admin. UXler:in, Product Owner, SAP-Expert:in oder Techniker:in – und in jedem Fall: einfach du! Unsere digitale Welt erstreckt sich von App-Entwicklung und Agilität über Monitoring und Marktdigitalisierung…;50.8947;7.07852
(Senior) Data Scientist (m/w/d) Retail Media;;jobvalley;Cologne;;2025-10-01;Adzuna;Not provided;;;;Unknown;Deine Aufgaben Du begleitest ganzheitlich den Aufbau einer Retail Media Plattform anhand von Data Science Du analysierst und wertest die unternehmensweiten Datenbestände (wie Transaktions-, Stamm- und Eventdaten aus stationären und digitalen Quellen) mittels Advanced Analytics Methoden aus Du entwickelst die Segmentierungen und das (Propensity-Score)-Modelling im Retail-Media-Marketing zwecks effizienter Steuerung der Retail Media Displays und der optimalen Kundenansprache weiter Du misst die E…;50.940164;6.969972
Data Scientist - Gen AI (m/w/d);;Vibe Group GmbH;Cologne;;2026-07-28;Adzuna;full_time;;;;Unknown;Über unser Partner Im Auftrag eines international tätigen Tech-Unternehmens suche ich derzeit einen erfahrenen Data Science & Gen AI Expert (m/w/d). Das Unternehmen setzt weltweit Maßstäbe in innovativen Lösungen für verschiedene Branchen und befindet sich mitten in einer ambitionierten KI-Transformation: Von traditionellen Lösungen hin zu einer globalen AI-Plattform – mit dem Ziel: ein System, eine moderne Datenstruktur, innovative KI-Use-Cases . Als Teil eines erfahrenen Data Science-Teams üb…;50.940164;6.969972
Administrator SharePoint Farm | On-Prem, MS SQL, IIS, LoadBalancer | 100% Home Office (mwd);;Vesterling AG;Cologne;;2026-07-28;Adzuna;full_time;;;;Unknown;Vesterling Personalberatung für Technologie: Wir sind Pioniere im Technology Recruiting und vermitteln Informatiker und Ingenieure in Festanstellung. Wir sind für mehr als 2.500 Unternehmen tätig. Einmal bei uns bewerben, unzählige Job-Chancen erhalten. Unser Klient ist ein IT-Beratungsunternehmen, das sich auf die Konzeption, Entwicklung und den Betrieb von Softwarelösungen auf Basis von Microsoft-Technologien konzentriert. Seine Mitarbeiter werden durch entsprechende Zertifizierungen immer au…;50.93917;6.95684
Studentische Aushilfe (m/w/d) Data Analytics Property & Casualty;;Generali Deutschland AG;Cologne;;2026-07-21;Adzuna;Not provided;;;;Unknown;Bei der Generali Deutschland AG neue Perspektiven entdecken als Du möchtest die Zukunft von Schaden- und Underwriting-Prozessen aktiv mitgestalten und dabei modernste KI-Technologien wie Large Language Models (LLMs) einsetzen? Dann ergreife Deine Chance und unterstütze das Team Data Analytics Property & Casualty (P&C) bei der Generali am Standort Köln als studentische Aushilfe (m/w/d) zum nächstmöglichen Zeitpunkt. Du entwickelst gemeinsam mit einem engagierten Team aus Data Scientists und Data…;50.940164;6.969972
SAP Consultant Supply Chain Systems (m/w/d) - J3516;;Exclusive Associates;Cologne;;2026-07-16;Adzuna;full_time;;;;Unknown;Überblick Du steigst in abwechslungsreiche Beratungsprojekte im SAP-Umfeld ein und gestaltest Lösungen für komplexe Supply-Chain-Herausforderungen. Dabei arbeitest du in interdisziplinären Teams und entwickelst sowohl fachliche als auch technische Kompetenzen weiter. Du profitierst von Weiterbildungsperspektiven und einem Umfeld, das Innovationsfreude fördert. Technologisch arbeitest du im SAP-Ökosystem sowie mit Data- und KI-Ansätzen und modernen Cloud-Services Deine Aufgaben Konzipiere kunden…;50.940164;6.969972
Spezialist KI (m/w/d);;parcIT;Cologne;;2026-07-25;Adzuna;Not provided;;;;Unknown;Was zu Ihrem Alltag gehört: Big Data, Banksteuerung und Mitarbeit in einem neuen interdisziplinären KI-Team im Bereich Datenmanagement und IT-Betrieb und Mitwirkung am Aufbau neuer Prozesse und Abläufe Verankerung des Einsatzes von KI im Alltag der Mitarbeitenden und im Prozesshaus der parcIT z.B. durch Erstellung von Konzepten und Vorgehensvorschlägen sowie Umsetzung von definierten Maßnahmen Beratung von Kolleg*Innen zum Einsatz von KI mit Blick auf den unternehmerischen Nutzen und das regula…;50.93917;6.95684
(Junior) Microsoft Fabric & AI Analytics Consultant (m/w/d) - System Engineering / Admin, Consulting, Business Analysis, Ingenieur;;Reply Deutschland SE;Cologne;;2026-08-01;Adzuna;Not provided;;;;Stellen für Hochschulabsolventen; Aufgaben - Beratung unserer Kunden bei der Implementierung, Weiterentwicklung und Optimierung von Microsoft Fabric-Lösungen mit Schwerpunkt auf innovativen AI Algorithmen und Analytics - Konzeption und Umsetzung moderner Datenplattform-Architekturen auf Basis von Microsoft Fabric (OneLake, Lakehouse, Data Warehouse, Data Engineering) - Entwicklung und Optimierung von ETL-/ELT-Pipelines innerhalb der Microsoft-Fabric-Plattform - Aufbau und Weiterentwicklung von skalierbaren BI-Architekturen sow…;50.940164;6.969972
Werkstudent | RPA & AI (all genders) - System Engineering / Admin, Ingenieur;;cronos Unternehmensberatung;Cologne;;2026-08-02;Adzuna;Not provided;;;;Stellen für Hochschulabsolventen; IT mit Leidenschaft und Leidenschaft für IT Du suchst nach einer Möglichkeit, deine Begeisterung für Technologie in einem inspirierenden Umfeld einzubringen? Werde Werkstudent (all genders) bei cronos! Bei uns kannst du Verantwortung übernehmen und gemeinsam mit uns wachsen, in einem Umfeld voller Vielfalt, Innovation und Wertschätzung. Wer wir sind Gestalte die digitale Zukunft – werde Teil der cronos Gruppe! Die cronos Gruppe ist seit über 30 Jahren ein führender IT-Dienstleister und Berater…;50.940164;6.969972
Werkstudent | Software-Entwicklung (all genders) - Anwendungsentwicklung, Ingenieur;;cronos Unternehmensberatung;Cologne;;2026-07-31;Adzuna;Not provided;;;;Stellen für Hochschulabsolventen; IT mit Leidenschaft und Leidenschaft für IT Du suchst nach einer Möglichkeit, deine Begeisterung für Technologie in einem inspirierenden Umfeld einzubringen? Werde Werkstudent (all genders) bei cronos! Bei uns kannst du Verantwortung übernehmen und gemeinsam mit uns wachsen, in einem Umfeld voller Vielfalt, Innovation und Wertschätzung. Wer wir sind Gestalte die digitale Zukunft – werde Teil der cronos Gruppe! Die cronos Gruppe ist seit über 30 Jahren ein führender IT-Dienstleister und Berater…;50.940164;6.969972
Social Media & AI Content Specialist (m/w/d) - Umzug nach Athen, Griechenland;;Next Job Abroad;Cologne;;2026-06-22;Adzuna;full_time;;;;Kundendienststellen;Bist du absolut Social-Media-affin, sprichst fließend „Internet“ und bist fasziniert von der Zukunft von KI und dem Metaversum? Bereit, deinen Alltag gegen das sonnige, lebendige Lebensgefühl in Athen einzutauschen? Wir suchen digital begeisterte Sprachtalente für ein erstklassiges Team, das einen der weltweit absolut größten Namen im Bereich Social Media, Networking und Virtual Reality unterstützt. In dieser Rolle scrollst du nicht nur – du bist der ultimative Hüter der digitalen Welt. Du sorg…;;
Founding Software Engineer (m/w/d);;dreifach.ai;Cologne;;2026-05-21;Adzuna;full_time;;;;Unknown;Über dreifach.ai Innerhalb der dreifach group entwickeln wir mit Bestandsfaktor eine technologische Lösung, die die strategische Bestandsentwicklung für Versicherungsmakler grundlegend transformiert. Unsere Plattform agiert als intelligenter, operativer Motor: Sie analysiert komplexe Datenbestände, erkennt punktgenau Aktivierungspotenziale und steuert automatisierte Prozesse. Bereits wenige Wochen nach Launch betreuen wir über 50.000 Versicherungskunden über das System. Da es sich um eine rein …;50.9111;6.92606
Solution Architect – SAP Business Data Cloud (m/w/d);;IBsolution;Cologne;;2026-05-10;Adzuna;full_time;;;;Unknown;Solution Architect – SAP Business Data Cloud (m/w/d) in Köln • unbefristet • Frühester Beginn ab sofort Architektur. Innovation. SAP. Gestalte mit uns die Zukunft der Datenarchitektur im SAP-Umfeld! Du begeisterst dich für moderne Datenplattformen, möchtest nachhaltige Lösungen entwickeln und dabei mehr bewegen als im klassischen Beratungsgeschäft? Dann werde Teil unseres Teams und begleite unsere Kunden bei der Transformation ihrer Analytics-Landschaft – mit der SAP Business Data Cloud (BDC) a…;50.937;6.97788
(Senior) AI Engineer & Technical Project Lead (Köln) (w/d/m);;WEBUILDAI GmbH;Cologne;;2026-07-21;Adzuna;Not provided;;;;IT-Stellen;Wir sind WE BUILD AI, eine AI-Boutique aus Köln. Wir bauen Data- und AI-Solutions für den Mittelstand und Konzerne in Deutschland. Bei uns entstehen Systeme, die in Produktion gehen und Geld verdienen oder sparen. PoCs für die Schublade machen andere. Wir bauen hier ein Unternehmen, das in den nächsten Jahren weiter wachsen wird. Wachstum ist aber nicht unser Ziel, sondern die Folge. Unser Anspruch ist Top-Qualität bei jedem Projekt, und genau deshalb wachsen wir gerade. Founder-led, mit kurzen…;50.93917;6.95684
Duales Studium Informatik - Studienrichtung Künstliche Intelligenz (m/w/d);;Deutsche Telekom AG, Telekom Ausbildung;Cologne;;2026-07-11;Adzuna;Not provided;;;;Teilzeitstellen;In unserem dualen Studiengang Bachelor of Science Informatik mit der Studienrichtung Künstliche Intelligenz lernst du die klassische und theoretische Informatik und erhältst gleichzeitig Einblicke in die KI, das maschinelle Lernen und Big Data. In den 3 Jahren Studium bist du pro Semester ca. 5 Wochen an der Provadis Hochschule in Frankfurt und die restliche Zeit in deiner Telekom-Abteilung eingesetzt. Zusätzlich nimmst du an Online-Vorlesungen teil. Während deiner Studien- und Praxisphasen erw…;50.940164;6.969972
Software Engineer Enterprise Search (all genders);;adesso SE;Berlin;;2026-07-17;Adzuna;Not provided;;;;IT-Stellen;adesso steht für digitale Exzellenz – und damit auch für vielfältige Entwicklungsmöglichkeiten für alle adessi. Wir wachsen gemeinsam und lernen voneinander: in anspruchsvollen Projekten, interdisziplinären Teams und mit zielgerichteten Trainingsangeboten. Wir haben IT im Herzen und den Erfolg unserer Kunden im Fokus. Als Treiber der KI-Transformation verbinden wir Mut zur Veränderung mit technologischer Expertise und zukunftsfähigen Strategien. Was uns stark macht, sind unsere adessi, die etwa…;52.507706;13.420806
Senior Software Engineer (m/w/d);;GEMA - Gesellschaft für musik. Aufführungs- und mechan. Vervielfältigungsrechte;Berlin;;2026-07-16;Adzuna;Not provided;;;;IT-Stellen;Für unsere Organisation GEMA Digital im Bereich Solutions Engineering am Standort Berlin suchen wir zum nächstmöglichen Zeitpunkt eine/-n Senior Software Engineer (m/w/d) in Vollzeit Du liebst kulturelle Vielfalt? Dann hilf mit, sie zu schützen! Bei der GEMA Digital gestalten wir die digitale Zukunft der Musiklizenzierung. Unsere interdisziplinären Teams entwickeln moderne und skalierbare Lösungen für Urheber, Verlage und Lizenznehmer. Gemeinsam mit unseren Partnern bauen wir Plattformen, die K…;52.507706;13.420806
Senior Software Engineer (m/w/d) - Distribution;;GEMA - Gesellschaft für musik. Aufführungs- und mechan. Vervielfältigungsrechte;Berlin;;2026-07-18;Adzuna;Not provided;;;;Unknown;Für unsere Organisation GEMA Digital im Bereich Solutions Engineering (Distribution) am Standort Berlin suchen wir zum nächstmöglichen Zeitpunkt eine/-n Senior Software Engineer (m/w/d) in Vollzeit (40 Stunden/Woche) Du liebst kulturelle Vielfalt? Dann hilf mit, sie zu schützen! Bei der GEMA Digital gestalten wir die digitale Zukunft der Musiklizenzierung. Unsere interdisziplinären Teams entwickeln moderne und skalierbare Lösungen für Urheber, Verlage und Lizenznehmer. Gemeinsam mit unseren Par…;52.507706;13.420806
Ingenieur Informationstechnik als DSP Software Engineer - Entwicklung & Implementierung (m/w/d);;Sennheiser electronic SE & Co. KG;Berlin;;2026-06-15;Adzuna;full_time;;;;IT-Stellen;Seit 1928 sind wir mit unseren legendären Produkten eine der weltweit bekanntesten Marken im Bereich Professional Audio. Heute nutzen mehr als 80 Prozent der Aufnahmestudios auf der Welt Neumann Mikrofone, Lautsprecher und Kopfhörer für Musikaufnahmen und andere Produktionen, beispielsweise in den Bereichen Broadcasting, Gaming und Film. Als Teil der Sennheiser-Gruppe steht Neumann für legendären Sound – handmade in Germany. Unsere Heimat ist Berlin – hier planen und entwickeln wir unsere Produ…;52.507706;13.420806
Software Test Engineer HiL (m/w/d);;expertplace professionals;Berlin;;2026-08-01;Adzuna;full_time;;;;Unknown;Gestalte mit uns die Testsysteme von morgen Du möchtest an der Entwicklung anspruchsvoller Kommunikations- und Funksysteme mitwirken? Zur Verstärkung des Teams unseres Kunden in Berlin suchen wir einen Software Test Engineer HiL (m/w/d). In dieser Position entwickelst und automatisierst du moderne Testumgebungen für sicherheitskritische Systeme und begleitest den gesamten Integrations- und Testprozess von der Hardware-in-the-Loop-Testumgebung bis zur Analyse komplexer Fehlerbilder. Gemeinsam mi…;52.507706;13.420806
Software Engineer (*);;Stolzberger GmbH;Berlin;;2026-07-16;Adzuna;full_time;;;;Unknown;Über uns Sie suchen einen langfristigen beruflichen Heimathafen, bei dem Wertvorstellungen wie Vertrauen, Loyalität und Ehrlichkeit nicht nur Floskeln, sondern gelebte Realität sind? Was anderswo behauptet wird, wird hier gefördert und gefordert - und das seit über 25 Jahren. Freuen Sie sich auf ein inhabergeführtes, familiäres Unternehmen, welches sich mit seinen ca. 3.000 Mitarbeitenden mittlerweile zu einem der führenden IT Dienstleister in Deutschland entwickelt hat. Die fachliche Förderung…;52.507706;13.420806
.NET Software Engineer;;Noir;Berlin;;2026-07-29;Adzuna;full_time;100000.0;120000.0;110000.0;IT-Stellen;.NET Software Engineer, C# 14, WPF - Asset Management - Berlin, Germany (Tech stack: .NET Software Engineer, .NET 10.0, C# 14, WPF, Azure SQL, MVVM, Prism, TDD, Agile, Programmer, Developer, Architect, Softwareentwickler, Entwickler, .NET Software Engineer) Founded in 1930, our client is a leading investment manager with offices in Europe, Asia and North America. They manage over €120 billion across all asset classes and employ over 2.000 people around the world. Working in tandem with Microsof…;52.507706;13.420806
Software Engineer - DevOps;;Huzzle;Berlin;;2026-05-29;Adzuna;full_time;;;;Sonstige/Allgemeine Stellen;About Huzzle At Huzzle, we connect exceptional talent with top opportunities at leading companies across the UK, US, Canada, Europe, and Australia. Our clients include startups, digital agencies, and tech platforms in industries such as SaaS, MarTech, FinTech, and HealthTech. Unlike an outsourcing agency, we place you directly with a client where you’re hired in-house as a valued member of their team. Job Type: Full-time Location: On-site in Berlin, Germany About the company Our client is an in…;52.507706;13.420806
Senior Software Engineer;;CloudFactory;Berlin;;2026-07-13;Adzuna;full_time;;;;Technikerstellen;At CloudFactory, we are a mission-driven team passionate about unlocking the potential of AI to transform the world. By combining advanced technology with a global network of talented people, we make unusable data usable, driving real-world impact at scale. More than just a workplace, we’re a global community founded on strong relationships and the belief that meaningful work transforms lives. Our commitment to earning, learning, and serving fuels everything we do as we strive to connect one mi…;52.507706;13.420806
Senior Software Engineer;;Parloa;Berlin;;2026-07-10;Adzuna;Not provided;;;;IT-Stellen;"About Parloa Parloa’s mission is to make every customer conversation feel effortless for both customers and the companies serving them. As agentic AI accelerates, Parloans are shaping the foundation of a new era in customer experience, one where customer support is no longer transactions, but meaningful exchanges. It is not just a vision; Parloa has powered over ONE BILLION interactions between global enterprise brands and their customers, with companies like Booking.com , HealthEquity, Allianz…";52.507706;13.420806
Software Engineer, Infrastructure;;Dunia Innovations GmbH;Berlin;;2026-02-05;Adzuna;full_time;;;;Unknown;Your mission Build the software backbone letting AI reason about and experiment on the physical world Dunia is building AI for one of the hardest unsolved problems in science: turning materials discovery from an academic, trial-and-error process into a programmable, scalable discipline. At Dunia software doesn’t just serve users, it coordinates robots, experiments, simulations, and learning systems that interact with matter itself. As Software Engineer, Infrastructure, you will own the systems …;52.4363;13.5501
Software Engineer, Infrastructure;;Dunia Innovations;Berlin;;2026-05-12;Adzuna;full_time;;;;IT-Stellen;Your mission Build the software backbone letting AI reason about and experiment on the physical world Dunia is building AI for one of the hardest unsolved problems in science: turning materials discovery from an academic, trial-and-error process into a programmable, scalable discipline. At Dunia software doesn’t just serve users, it coordinates robots, experiments, simulations, and learning systems that interact with matter itself. As Software Engineer, Infrastructure, you will own the systems …;52.507706;13.420806
Senior Software Engineer;;Karla;Berlin;;2026-05-12;Adzuna;full_time;;;;IT-Stellen;About Us Karla is transforming the post-purchase experience in e-commerce. Our platform helps online merchants turn delivery tracking into a revenue-generating channel while dramatically reducing customer anxiety and support costs. Founded in Berlin and backed by €3.4M in pre-seed funding, we're scaling rapidly across Europe. We integrate with 1000 carriers and power millions of deliveries for hundreds of merchants. We're at an inflection point and looking for exceptional engineers to help us g…;52.53074;13.40581
Java Software Engineer;;Sperton Global AS;Berlin;;2026-06-04;Adzuna;Not provided;;;;Unknown;"Location: Germany Role Type: Full-Time / Contract Sector: Technology & Digital Transformation About the Role: We are looking for highly skilled "" Java Software Engineers"" who are passionate about building scalable, high-performance applications. You will be responsible for the full software development lifecycle, from concept and design to testing and deployment. Our clients range from innovative startups to Fortune 500 enterprises in different sectors. What You Will Do: Architect & Develop: De…";52.44441;13.43418
Software Engineer – Fullstack;;DigitalService;Berlin;;2026-07-20;Adzuna;Not provided;;;;IT-Stellen;Über uns Wir gestalten einen digitalen Staat – gemeinsam mit der Verwaltung. Als Partner auf Augenhöhe stärken wir die Verwaltung auf ihrem Weg, die eigene Digitalisierung selbst voranzutreiben. Mit eigener iterativer Produktentwicklung und unserem Einsatz für bessere Rahmenbedingungen schaffen wir die Grundlage für digitale Lösungen, die skalierbar und wirksam sind. Deine Aufgaben You build it, you run it, you own it – als Software Engineer Fullstack (all genders) bist Du verantwortlich für di…;52.507706;13.420806
Staff Software Engineer;;Navan;Berlin;;2026-05-30;Adzuna;full_time;;;;IT-Stellen;At Navan, our mission is to power the in-person connections that move people, ideas, and businesses forward. We help travelers focus on being there, not getting there. Our engineering organization plays a critical role in delivering seamless, reliable, and intelligent experiences across travel and expense management at global scale. We are looking for a Staff Software Engineer to join our Expense Platform team in Berlin. In this role, you will lead the design and evolution of distributed system…;52.507706;13.420806
Fullstack Software Engineer;;Kuro Technology;Berlin;;2026-07-23;Adzuna;full_time;80000.0;120000.0;100000.0;IT-Stellen;"tl;dr After 14 years in construction tech, Lea & Jonas are building the intelligence layer for the construction industry The largest construction enterprises in Europe — with a combined project volume of over €30bn annually — rely on Kuro every day to automate workflows and make faster, better decisions Construction has the most complex, unstructured data you can throw at an LLM — PDFs, drawings, 3D models, images, calculations. At Kuro you can tackle the hardest applied AI problems everyday. A…";52.507706;13.420806
Principal Software Engineer;;Amazon;Berlin;;2026-01-13;Adzuna;Not provided;;;;Unknown;Are you interested in building hyper-scale database services in the cloud? Do you want to revolutionize the way databases are built for the cloud? Do you want to have direct and immediate impact on hundreds of thousands of users who use AWS database services? Amazon Aurora Engine team is looking for experienced technical experts in relational databases, who are excited about building large scale database systems that run across thousands of servers across multiple datacenters worldwide. These a…;52.507706;13.420806
Principal Software Engineer;;Amazon Web Services Development Center Germany GmbH;Berlin;;2026-01-09;Adzuna;full_time;;;;Unknown;Are you interested in building hyper-scale database services in the cloud? Do you want to revolutionize the way databases are built for the cloud? Do you want to have direct and immediate impact on hundreds of thousands of users who use AWS database services? Amazon Aurora Engine team is looking for experienced technical experts in relational databases, who are excited about building large scale database systems that run across thousands of servers across multiple datacenters worldwide. These a…;52.507706;13.420806
Senior Software Engineer;;HiveMQ;Berlin;;2026-05-07;Adzuna;full_time;58000.0;120000.0;89000.0;IT-Stellen;HiveMQ is the Industrial AI Platform helping enterprises move from connected devices to intelligent operations. Built on the MQTT standard and a distributed edge-to-cloud architecture, HiveMQ connects and governs industrial data in real time, enabling global leaders like Audi, BMW, Eli Lilly, and Siemens to operationalize AI and drive innovation at scale. At HiveMQ, our culture is Effortless → Empowered → Relentless. We make the complex simple, act with confidence and ownership, and never stop …;52.507706;13.420806
Senior Software Engineer;;Just Eat;Berlin;;2026-07-12;Adzuna;full_time;;;;IT-Stellen;Ready for a challenge? Then Just Eat Takeaway.com might be the place for you. We’re a leading global online food delivery platform, and our vision is to empower everyday convenience. Whether it’s a Friday-night feast, a post-gym poke bowl, or grabbing some groceries, our tech platform connects tens of millions of customers with hundreds of thousands of restaurant, grocery and convenience partners across the globe. About this role This is an exciting opportunity to join the JET Honey Badgers tea…;52.507706;13.420806
Senior Software Engineer;;Nulegal GmbH;Berlin;;2026-07-16;Adzuna;full_time;;;;Unknown;Bureaucracy and legal friction are holding Europe back. We're building the infrastructure, the technology, and the distribution systems that change that. nu:legal rebuilds legal work around the businesses that need it, not around law-firm incentives, which makes it up to 600x faster and 15x cheaper than the traditional route. We're an AI-first company. AI handles the repetitive work and our lawyers handle the judgment calls, and we build every workflow with legal specialists rather than around …;52.507706;13.420806
Senior Software Engineer;;FindYou Consulting GmbH;Berlin;;2026-07-28;Adzuna;full_time;;;;Unknown; Senior Full-Stack Engineer (m/w/d) - Enterprise Cloud-Plattformen & KI-Integration  Zum Unternehmen Unser Kunde ist ein international agierendes, börsennotiertes Softwarehaus, das zu den führenden Anbietern im Bereich digitaler Großinvestitionen und spezialisierter IT-Infrastrukturen zählt. Mit einer Belegschaft von mehreren tausend Angestellten weltweit bedient die Unternehmensgruppe Kernmärkte in zahlreichen Ländern. Im Zuge einer umfassenden Modernisierungswelle der globalen Produktpalette …;52.507706;13.420806
Senior Software Engineer - Remote;;YO AI Labs;Berlin;;2026-07-25;Adzuna;Not provided;;;;Unknown;Job Title: Senior Software Engineer Job Type: Contract Location: Remote Job Summary: In this role, you'll apply your expertise to help train next-generation AI systems. Your work will shape how models learn, reason, and perform through high-quality, real-world input. No prior experience in AI is required — your domain knowledge is what matters. We are seeking strong Software Engineers to join our customer's team with expertise in Python3, Java, Rust, Go, C++, or TypeScript. This is a unique opp…;52.507706;13.420806
Software Engineer - Backend Specialist;;Mercor;Berlin;;2026-06-24;Adzuna;Not provided;;;;Unknown;About the job Mercor connects elite creative and technical talent with leading AI research labs. Headquartered in San Francisco, our investors include Benchmark , General Catalyst , Peter Thiel , Adam D'Angelo , Larry Summers , and Jack Dorsey . Position: Software Engineer Expert Type: Contract Compensation: $40–$50/hour Location: Remote Role Responsibilities Build MCP servers in Python using FastMCP . Integrate web or desktop applications into RL Studio . Work with APIs , Docker , Linux enviro…;52.507706;13.420806
Desktop Software Engineer C++;;PIX4D;Berlin;;2026-06-25;Adzuna;full_time;;;;Technikerstellen;We are looking for a Desktop Software Engineer (C++) to join our team in Berlin, Germany. We offer flexible working hours and the option for partial remote work. You will join the agile engineering team behind PIX4Dmatic, our next-generation desktop application designed for large-scale photogrammetry and professional mapping. We are a collaborative group that values transparency and iterative growth. We operate in 3-week sprints, balancing rapid feature development with high-quality releases. Y…;52.507706;13.420806
Senior Software Engineer, API;;Realtime Robotics;Berlin;;2026-07-17;Adzuna;full_time;;;;Sonstige/Allgemeine Stellen;We’re redefining how robots are deployed. Our platform enables users to simulate, test, and optimize entire robotic systems in parallel. By removing the barriers that have kept advanced robotics out of reach for all but the largest players, we’re ushering in a new era of manufacturing, one where mass reshoring is not only viable, but inevitable. The Senior Software Engineer will help shape the software interfaces that connect the world's leading industrial simulation platforms with Realtime Rob…;52.507706;13.420806
SAP ABAP OO Entwickler (S/4HANA) – Banking & Risikomanagement) (m|w|d);;Münchener Hypothekenbank eG;Munich;;2026-07-20;Adzuna;Not provided;;;;IT-Stellen;Die Münchener Hypothekenbank ist eine eigenständige und auf dem nationalen wie internationalen Markt erfolgreiche Immobilienbank. Wir sind spezialisiert auf die langfristige Finanzierung von Wohn- und Gewerbeimmobilien in Europa. Als Software Engineer im Risikomanagement entwickeln Sie robuste ABAP‑OO‑Anwendungen, die zentrale Bewertungs‑ und Steuerungsprozesse unterstützen. Sie arbeiten eng mit dem Fachbereich zusammen und gestalten die technische Weiterentwicklung der SAP‑Systemlandschaft akt…;48.137418;11.555737
Software Engineer;;Ory;Munich;;2026-05-12;Adzuna;full_time;;;;IT-Stellen;About Ory With more than 30,000 members, Ory is the leading open-source identity management, authentication, and authorization ecosystem and community in the world. Ory provides a modern and modular approach to IAM programs that scales, provides unmatched UX and deployment flexibility supporting enterprise deployments across the world. Founded in 2019, Ory promotes an open, diverse, agile, and collaborative working culture. About this Role This role is responsible to design, engineer, test, run…;48.13258;11.59129
Software Engineer;;qwitto GmbH;Munich;;2025-09-04;Adzuna;full_time;;;;Unknown;Ihre Aufgaben Unterstützung unserer Partner und Kunden durch Verstehen und Modellieren verschiedener Systeme unserer Kunden Entwickeln von Plugins und Erweiterungen für verschiedene Tools Einrichten von DevOps-Umgebungen (z.B. Test-Frameworks und Build-Pipelines) Ihr Profil Bachelor-/Masterabschluss in Informatik, Software/Systemtechnik oder einem vergleichbaren Studiengang Starke Motivation, Probleme zu lösen und neue Technologien zu erlernen Programmiererfahrung, idealerweise Java oder eine a…;48.18446;11.57287
Software Engineer;;Doctario GmbH;Munich;;2026-07-16;Adzuna;full_time;;;;Unknown;€341 Milliarden werden in Deutschland jedes Jahr im Gesundheitswesen abgerechnet. Der Großteil davon: manuell, fehleranfällig, veraltet. Wir ändern das. Doctario baut die KI-Infrastruktur für medizinische Abrechnung – einen der komplexesten und größten Prozesse im deutschen Gesundheitswesen. Kein Research-Projekt, keine Spielwiese: Unser Produkt ist live, Kunden arbeiten produktiv damit, und die Nachfrage wächst schneller als unser Team. In weniger als vier Wochen haben wir eine Seed-Finanzieru…;48.14093;11.56907
.NET Software Engineer;;Noir;Munich;;2026-07-29;Adzuna;full_time;95000.0;115000.0;105000.0;IT-Stellen;.NET Software Engineer - Online Film Rental Company - Munich, Germany (Tech stack: .NET Software Engineer, .NET 10.0, ASP.NET Core, C# 14, Azure DevOps, Agile, Blazor, JavaScript, React, Multithreading, RESTful, ML.NET, Azure AI, Programmer, Full Stack Developer, Architect, Softwareentwickler, Entwickler, .NET Software Engineer) In just over 5 years our client has established themselves as the world's leading internet subscription service for enjoying films and TV programmes. They currently hav…;;
Software Engineer - Remote;;YO AI Labs;Munich;;2026-07-08;Adzuna;Not provided;;;;Unknown;Job Title: Software Engineer Job Type: Contract Location: Remote Job Summary: We are looking for experienced software engineers to help train and evaluate next-generation AI systems through real-world software engineering tasks. This role is best suited for developers who can reason through unfamiliar codebases, explain engineering decisions clearly, and solve practical backend, full-stack, systems, or infrastructure-related problems. A Cybersecurity/SecOps background or exposure is highly pref…;;
UAV Software Engineer;;Destinus;Munich;;2026-07-27;Adzuna;full_time;;;;Sonstige/Allgemeine Stellen;This role entails software modifications to the entire software stack of a major UAV programme. It requires a strong hands-on technical background in embedded software, drive and learning agility with a clear focus on results, quality, and delivery timelines. At Destinus, we are revolutionizing the defense industry with cutting-edge Unmanned Aerial Vehicles (UAVs). Our innovative technologies are designed to meet the unique demands of modern defense operations, delivering unparalleled speed, pr…;;
Staff Software Engineer;;Usercentrics;Munich;;2026-04-21;Adzuna;full_time;;;;Technikerstellen;We’re looking for a hands-on Staff Software Engineer to elevate engineering excellence and take technical ownership across our full-stack platform. This role centers on technical leadership through execution. You will set high engineering standards, mentor teammates, drive architectural decisions — and actively contribute production-grade code yourself. Architecture and system design are important, but your primary impact will come from combining strong technical judgment with hands-on delivery…;;
Senior Software Architect - Data Analytics & AI (w/m/d);;TÜV SÜD;Munich;;2026-08-02;Adzuna;Not provided;;;;Unknown;Innovationen bringen tiefgreifende Veränderungen mit sich und beeinflussen unser Leben in vielfältiger Weise. Bei TÜV SÜD sind wir in hohem Maße bestrebt, ein wichtiger Teil dieser Entwicklung und des Fortschritts zu sein. Wir sind von Anfang an dabei und begleiten diesen Prozess. Wir sorgen für eine sichere und nachhaltige Zukunft und schaffen Vertrauen in neue Technologien. Wir beraten, wir prüfen, wir zertifizieren. Für die Sicherheit von Menschen und der Gesellschaft fordern wir uns jeden T…;48.137418;11.555737
C# Software Engineer;;WeMatch.;Munich;;2026-07-16;Adzuna;full_time;;;;Unknown;Über uns Im Auftrag meines Mandanten – einem erfolgreichen und kontinuierlich expandierenden Softwareunternehmen, das spezialisierte IT-Lösungen für namhafte Akteure der deutschen Industrie (u. a. in den Bereichen Produktion und Logistik) entwickelt – suche ich zum nächstmöglichen Zeitpunkt einen engagierten C# / .NET Software Engineer (m/w/d) . In dieser Position verbinden Sie moderne Softwareentwicklung auf Basis neuester Microsoft-Technologien mit der direkten Fachberatung von Unternehmensku…;48.1476;11.56803
Senior Software Engineer;;Wabtec Corporation;Munich;;2026-06-19;Adzuna;Not provided;;;;Unknown;Wabtec Corporation is a global leader in equipment, systems, digital solutions, and value-added services for the freight and transit rail industry. The ANNAX Group has been part of Wabtec Corporation since 2018 and operates across three locations in Germany, Switzerland, Italy, and China with over 360 employees. ANNAX provides comprehensive technical solutions to generate, transmit, and display information. Our system solutions for the rail industry include the ANNAX Passenger Information Syste…;;
Senior Software Engineer;;Isarsoft;Munich;;2026-06-18;Adzuna;full_time;;;;Unknown;We are Isarsoft We make every camera count At Isarsoft we develop video analytics software to make transportation and cities more efficient, inclusive and secure. We stand for data protection and responsible processing of sensitive data. Being on the forefront of innovation we work together in interdisciplinary teams in a positive, fun and energetic atmosphere. Our customers and partners are at the center of everything we do. Founded in 2019 we have grown organically winning large customers and…;48.13258;11.59129
Java Software Engineer;;Danaher Corporation;Munich;;2026-06-11;Adzuna;Not provided;;;;Unknown;Bring more to life. Are you ready to accelerate your potential and make a real difference within life sciences, diagnostics and biotechnology? At Genedata, one of Danaheru2019s (https://danaher.com/our-businesses) 15 operating companies, our work saves lives u2013 and weu2019re all united by a shared commitment to innovate for tangible impact. Youu2019ll thrive in a culture of belonging where you and your unique viewpoint matter. And by harnessing Danaheru2019s system of continuous improvement,…;;
Principal Software Engineer;;SQUER;Munich;;2026-03-28;Adzuna;full_time;;;;Unknown;Description As Principal Software Engineer (f/m/x) at SQUER it’s your job to plan and coordinate the development of new digital initiatives of our clients and by doing so you are a big part of the success of a project. In the process you will have the opportunity to independently create architectures as well as use and try out up-to-date, customized technologies. Your tasks Being part of SQUER means being a Thought Leader and actively shaping SQUER as well as projects by openly communicating an…;48.13258;11.59129
Principal Software Engineer;;Squer;Munich;;2026-05-12;Adzuna;full_time;;;;IT-Stellen;Description As Principal Software Engineer (f/m/x) at SQUER it’s your job to plan and coordinate the development of new digital initiatives of our clients and by doing so you are a big part of the success of a project. In the process you will have the opportunity to independently create architectures as well as use and try out up-to-date, customized technologies. Your tasks Being part of SQUER means being a Thought Leader and actively shaping SQUER as well as projects by openly communicating an…;48.13258;11.59129
Software Engineer, Agent;;Sierra;Munich;;2025-12-19;Adzuna;full_time;;;;IT-Stellen;About us At Sierra, we’re creating a platform to help businesses build better, more human customer experiences with AI. We are primarily an in-person company based in San Francisco, with growing offices in Atlanta, New York, London, Paris, Madrid, Munich, Singapore, Tokyo, and Sydney. We are guided by a set of values that are at the core of our actions and define our culture: Trust, Customer Obsession, Craftsmanship, Intensity, and Family. These values are the foundation of our work, and we are…;;
Senior Software Engineer;;deeploi GmbH;Munich;;2026-07-17;Adzuna;full_time;;;;Unknown;Your mission Design, build, and maintain the backend architecture of deeploi’s platform — with a focus on scalability, reliability, and clean code. Own features end-to-end: from planning and architecture to deployment and maintenance. Work closely with frontend and DevOps teams, contribute to code reviews, and help set engineering standards. Optimise performance of data-heavy systems and ensure infrastructure scales with our customers’ needs. Mentor junior engineers and contribute to technical …;48.14093;11.56907
Junior Software Engineer;;qwitto GmbH;Munich;;2026-07-16;Adzuna;full_time;;;;Unknown;Ihre Aufgaben Unterstützung unserer Partner und Kunden durch Entwickeln von Plugins und Erweiterungen für verschiedene Tools Einrichten von DevOps-Umgebungen (z.B. Test-Frameworks und Build-Pipelines) Ihr Profil Bachelor-/Masterabschluss in Informatik, Software/Systemtechnik oder einem vergleichbaren Studiengang Starke Motivation, Probleme zu lösen und neue Technologien zu erlernen Programmiererfahrung, idealerweise Java oder eine andere objektorientierte Sprache UML und/oder SysML Kenntnisse G…;48.18446;11.57287
(Senior) Software Engineer;;Lucke;Munich;;2026-07-20;Adzuna;full_time;;;;IT-Stellen;Was dich erwartet Gestalte die digitale Zukunft des Bankings. Seit über 30 Jahren begleiten wir Banken und Finanzdienstleister bei der Entwicklung moderner Softwarelösungen. Als persönliches Beratungshaus verbinden wir technologische Exzellenz mit kurzen Entscheidungswegen und echten Gestaltungsmöglichkeiten. Bei uns arbeitest du in anspruchsvollen Projekten im Banking- und Finance-Umfeld und entwickelst gemeinsam mit unseren Kunden innovative Anwendungen und digitale Prozesse. Du entwickelst m…;48.18446;11.57287
AI Software Engineer;;Baldur Connect;Munich;;2026-05-12;Adzuna;full_time;;;;IT-Stellen;The investors behind Airbnb, Twitch and Coinbase have joined forces to build a new AI platform in Europe. They have recruited Harvard and Cambridge-trained team members with experience at companies like Google - and are now assembling an elite team of AI Engineers. Our client develops AI software that helps manufacturing and distribution businesses automate complex processes. Their mission is highly relevant: To bring AI into the foundation of the European economy - into the companies that keep…;48.137418;11.555737
Senior Fullstack Developer - Data Analytics & AI (w/m/d);;TÜV SÜD;Munich;;2026-08-02;Adzuna;Not provided;;;;Unknown;Innovationen bringen tiefgreifende Veränderungen mit sich und beeinflussen unser Leben in vielfältiger Weise. Bei der TÜV SÜD Gruppe sind wir in hohem Maße bestrebt, ein wichtiger Teil dieser Entwicklung und des Fortschritts zu sein. Wir sind von Anfang an dabei und begleiten diesen Prozess. Wir sorgen für eine sichere und nachhaltige Zukunft und schaffen Vertrauen in neue Technologien. Wir beraten, wir prüfen, wir zertifizieren. Für die Sicherheit von Menschen und der Gesellschaft fordern wir …;48.137418;11.555737
Senior Software Engineer - Remote;;YO AI Labs;Munich;;2026-07-08;Adzuna;Not provided;;;;Unknown;Job Title: Senior Software Engineer Job Type: Contract Location: Remote Job Summary: In this role, you'll apply your expertise to help train next-generation AI systems. Your work will shape how models learn, reason, and perform through high-quality, real-world input. No prior experience in AI is required — your domain knowledge is what matters. We are seeking strong Software Engineers to join our customer's team with expertise in Python3, Java, Rust, Go, C++, or TypeScript. This is a unique opp…;;
Senior Software Engineer — Software Platform & Middleware;;Apex.AI;Munich;;2026-05-24;Adzuna;full_time;;;;IT-Stellen;Build the Software Platform Powering Next-Generation Mobility Apex.AI is developing the software foundation for autonomous systems, intelligent machines, and software-defined vehicles. We are looking for an experienced Software Engineer to help advance our core software platform technologies, including Apex.Grace and Apex.Ida. In this role, you will work on high-performance middleware, runtime systems, developer tooling, and software platform infrastructure used in safety-critical and real-time…;;
Software Engineer - Virtual Machine;;Webster & Webster Associates;Munich;;2026-07-20;Adzuna;Not provided;;;;Unknown;Global Cybersecurity startup is seeking an experienced Software Engineer with a passion for virtualization. The ideal candidate is a technical wizard, has strong RTOS and HW platform knowledge, takes pride in tackling challenges and gets motivated about owning critical services. MUST HAVES In-depth knowledge of ARM or x86 architecture and related virtualization experience Experience implementing OS protection and hardening mechanisms through virtual machine introspection Experience developing i…;48.137418;11.555737
Software Engineer (all genders);;BSI Business Systems Integration Deutschland GmbH;Munich;;2026-07-16;Adzuna;Not provided;;;;Unknown;Software Engineer (all genders) Alle reden von Digitalisierung - Wir machen es. Als Hersteller von Europas 1 CRM/CX-Plattform entwickeln wir innovative Softwareprodukte in den Bereichen Kundenbeziehungsmanagement, Marketing Automation und Machine Learning. Unternehmen bei der Digitalisierung und der konsequenten Kundenzentrierung zu begleiten, ist unsere Leidenschaft. Wir lieben modernste Technologie, Handwerk und Innovation. Du auch? Dann bist du bei BSI goldrichtig! Du übernimmst von der Bera…;;
(Senior) Embedded Software Engineer;;Seroton;Munich;;2026-07-30;Adzuna;full_time;;;;Unknown;Your mission We're looking for an experienced and curious Embedded Software Engineer to join our Product & Engineering team. At Seroton, we create hardware you can feel with your body. We transform sound, meditation, and breath into physical sensations , delivered through furniture people already sit and lie on. As our Embedded Software Engineer, you'll own the firmware that brings this experience to life . In this role, you'll take ownership of our firmware and embedded systems - the core laye…;48.18196;11.52134
Software Engineer (Full-Stack);;HospiChef;Munich;;2026-07-17;Adzuna;Not provided;55000.0;85000.0;70000.0;IT-Stellen;"Als Software Engineer (m/w/d) treibst du unsere Produktentwicklung voran. Wir suchen jemanden, der Verantwortung entlang des gesamten Entwicklungszyklus übernehmen möchte. Du solltest dich in einem dynamischen Umfeld wohlfühlen und hervorragende organisatorische Kompetenzen mitbringen. Wir suchen eine proaktive, verlässliche, teamfähige und ergebnisorientierte Person mit ""Builder-Mentalität"". Aufgaben Das ist eine Full-Stack Engineering-Rolle . Als eines der ersten drei Teammitglieder im Bereic…";48.14093;11.56907
Mission Planning Software Engineer;;constellr GmbH;Munich;;2026-07-31;Adzuna;full_time;;;;Technikerstellen;Location: Hybrid, Munich Team & Reporting line: Imaging Operations/Mission Planning Unit, Reporting to the Image Operations Lead. Our Mission At constellr, we're harnessing the power of space to solve one of Earth’s greatest challenges: climate resilience & security in a changing world. Our thermal satellite constellation delivers the most accurate land surface temperature data on the market, equipping commercial players, governments, defence agencies, and global institutions with the thermal i…;;
Software Engineer (all genders);;uptodate sustainable solutions GmbH;Munich;;2026-05-19;Adzuna;full_time;60000.0;80000.0;70000.0;Unknown;About us We make sustainability simple and actionable for mid-sized companies . To achieve this, we develop efficient digital solutions aligned with recognized EU standards. Our tools help companies meet ESG requirements pragmatically - driven by data, efficiency, and real-world impact. Do you want to do more than just understand ESG in theory? Are you ready to bring it to life within companies? Then you’ve come to the right place! Your tasks As a Software Engineer with us, you won’t just write…;48.10471;11.58933
Software Engineer (C++/ .NET);;A-Tech Recruitment;Munich;;2026-04-19;Adzuna;full_time;;;;IT-Stellen;Job Description A-Tech is actively hiring for a dynamic and innovative security software company that is the subsidiary of a prominent Swiss security group boasting a network of 17 offices across Germany. At the forefront of safeguarding businesses and residences, this company specialises in developing cutting-edge security solutions to deliver unparalleled protection. Their products include state-of-the-art systems for Fire Protection, Burglary Protection, Drone Detection, Fence Detection, Sec…;48.13258;11.59129
Software Engineer (all genders);;NFON;Munich;;2026-07-16;Adzuna;full_time;;;;Unknown;Your new role With a passion for Conversational AI, you develop a scalable multi-tenant platform that opens access to cutting-edge LLM technologies and brings the future of communication closer to businesses. The work you‘ll do You engage with our customers to understand their needs and create exceptional solutions In close collaboration with our AI team, you independently plan, program, and operate software You test new functionalities and ensure the quality assurance of the platform The quali…;48.137418;11.555737
Software Engineer — Software Platform & Middleware (Early Career);;Apex.AI;Munich;;2026-05-24;Adzuna;full_time;;;;IT-Stellen;Build the Software Platform Powering Next-Generation Mobility Apex.AI is developing the software foundation for autonomous systems, intelligent machines, and software-defined vehicles. We are looking for an early-career Software Engineer to help advance our core software platform technologies, including Apex.Grace and Apex.Ida. This role is ideal for recent university graduates or engineers with 1–2 years of experience who are passionate about modern C++, distributed systems, middleware, develo…;;
SAP/LISA Software Engineer (m/w/d) mit Leadership-Perspektive;;PEAC  GmbH;Hamburg;;2026-06-17;Adzuna;Not provided;;;;Unknown;PEAC Solutions ist ein international aufgestellter, unabhängiger Anbieter von Investitions‑ und Absatzfinanzierungen. Seit über 50 Jahren unterstützen wir Unternehmen verschiedenster Branchen mit fundierter Marktkenntnis, internationaler Expertise und ausgeprägter Serviceorientierung. Mit 850 Mitarbeitenden an elf Standorten und einer BaFin‑Vollbanklizenz in Deutschland stehen wir für partnerschaftliche, nachhaltige Finanzierungslösungen und sind Teil von HPS Investment Partners. Rund 50 Kolleg…;53.557429;9.987297
Software Engineer SAP / LISA (m/w/d) - Schwerpunkt Dokumentenmanagement;;PEAC  GmbH;Hamburg;;2026-06-01;Adzuna;Not provided;;;;Unknown;PEAC Solutions ist ein international aufgestellter, unabhängiger Anbieter von Investitions‑ und Absatzfinanzierungen. Seit über 50 Jahren unterstützen wir Unternehmen verschiedenster Branchen mit fundierter Marktkenntnis, internationaler Expertise und ausgeprägter Serviceorientierung. Mit 850 Mitarbeitenden an elf Standorten und einer BaFin‑Vollbanklizenz in Deutschland stehen wir für partnerschaftliche, nachhaltige Finanzierungslösungen und sind Teil von HPS Investment Partners. Rund 50 Kolleg…;53.557429;9.987297
Junior Software Engineer SAP/ LISA (m/w/d) - Schwerpunkt Fakturierung und Abrechnung -;;PEAC  GmbH;Hamburg;;2026-07-15;Adzuna;Not provided;;;;IT-Stellen;PEAC Solutions ist ein international aufgestellter, unabhängiger Anbieter von Investitions‑ und Absatzfinanzierungen. Seit über 50 Jahren unterstützen wir Unternehmen verschiedenster Branchen mit fundierter Marktkenntnis, internationaler Expertise und ausgeprägter Serviceorientierung. Mit 850 Mitarbeitenden an elf Standorten und einer BaFin‑Vollbanklizenz in Deutschland stehen wir für partnerschaftliche, nachhaltige Finanzierungslösungen und sind Teil von HPS Investment Partners. Rund 50 Kolleg…;53.557429;9.987297
.NET Software Engineer;;Noir;Hamburg;;2026-07-29;Adzuna;full_time;75000.0;95000.0;85000.0;IT-Stellen;.NET Software Engineer - Revolutionary Marketing Software Platform - Hamburg, Germany (Tech stack: .NET Software Engineer, .NET 10.0, ASP.NET Core, C# 14, Azure DevOps, Agile, Blazor, JavaScript, React, Multithreading, RESTful, ML.NET, Azure AI, Programmer, Full Stack Developer, Architect, Softwareentwickler, Entwickler, .NET Software Engineer) Since 2006 our client's revolutionary marketing software platform has been helping businesses all over the world to attract, engage, and delight custome…;53.557429;9.987297
Stellenangebot (Senior) Software Engineer;;LichtBlick SE Intranet;Hamburg;;2026-07-10;Adzuna;full_time;;;;IT-Stellen;Über Uns Seit 1998 macht LichtBlick sich für erneuerbare Energien stark. Heute sind wir mit 2 Millionen LichtBlickenden Deutschlands größter reiner Ökostromanbieter. Gemeinsam sparen wir eine Mio. Tonnen CO₂ im Jahr ein. Aber wir wollen noch viel mehr: eine zukunftsweisende, faire Zukunft für alle. Die gestalten wir mit den unterschiedlichsten Talenten in einem inklusiven Arbeitsumfeld. Als Unterzeichnerin der Charta der Vielfalt arbeiten wir aktiv an unserer Haltung, unseren Strukturen und uns…;53.54512;10.03038
Hackers wanted – Software Engineers;;freiheit.com technologies;Hamburg;;2024-11-08;Adzuna;full_time;;;;IT-Stellen;ABOUT OUR COMPANY We are an engineering organization. Our mission is to “Ship great software” and build custom, large-scale software platforms on time, on budget and on target. In over two decades, we have never failed to deliver what we promised. 85% of our members are software engineers with a background in computer science, physics or mathematics, many also with a strong background in machine learning. freiheit.com technologies was founded in Hamburg in the midst of the first internet boom i…;53.557429;9.987297
Stellenangebot Lead (gn) Software Engineer;;LichtBlick SE Intranet;Hamburg;;2026-07-24;Adzuna;full_time;;;;IT-Stellen;Über Uns Since 1998, LichtBlick has been championing renewable energy. Today, with 2 million LichtBlick customers, we are Germany’s largest provider of 100% green electricity. Together, we save one million metric tons of CO₂ each year. But we want to achieve much more: a forward-looking, equitable future for everyone. We’re shaping that future with a diverse range of talents in an inclusive work environment. As a signatory to the Diversity Charter, we actively work to improve our attitudes, our…;53.54512;10.03038
Stellenangebot (Senior) Software Engineer (gn);;LichtBlick SE Intranet;Hamburg;;2026-07-11;Adzuna;full_time;;;;IT-Stellen;About us LichtBlick has been promoting renewable energies since 1998. Today, with 2 million LichtBlick customers, we are Germany's largest pure green electricity provider. Together, we save one million tons of CO2 per year. But we want to achieve much more: a forward-looking, fair future for everyone. We are shaping this future with a wide variety of talents in an inclusive working environment. As a signatory to the Diversity Charter, we are actively working on our attitude, our structures, and…;53.54512;10.03038
Hackers wanted – Senior Software Engineer;;freiheit.com technologies;Hamburg;;2024-07-30;Adzuna;full_time;;;;IT-Stellen;ABOUT OUR COMPANY We are an engineering organization. Our mission is to “Ship great software” and build custom, large-scale software platforms on time, on budget and on target. In over two decades, we have never failed to deliver what we promised. 85% of our members are software engineers with a background in computer science, physics or mathematics, many also with a strong background in machine learning. freiheit.com technologies was founded in Hamburg in the midst of the first internet boom i…;53.557429;9.987297
Java Software Engineer - Payment Integration;;Wallee Group AG;Hamburg;;2026-07-17;Adzuna;Not provided;;;;Unknown;The Mission Wallee Group is a leader in advanced payment solutions, dedicated to providing robust, scalable, and secure systems across multiple domains. We enhance customer experiences through innovative payment and finance technology that empowers businesses to grow efficiently. With operations spanning several countries, we thrive on collaboration and agility, utilizing the Scrum framework to drive our international teams. At Wallee, we stay at the forefront of market trends, continuously inn…;53.5504;9.99417
Software Engineer – 3D Printer behaviour;;Zellerfeld Shoe Company / Zellerfeld R&D;Hamburg;;2026-06-19;Adzuna;full_time;;;;IT-Stellen;"Your mission Do you watch CNC Kitchen to fall asleep? Is your self-built Voron, RatRig, or completely custom CoreXY printer your absolute pride and joy? Are annoyed by printers calibrating for ages for a 10 minutes printjob? Then keep reading. At Zellerfeld, we are building the next generation of 3D printing systems. We aren't looking for a corporate code monkey; we want a true 3D printing nerd who loves bridging the gap between high-level software and hardware. You will play a critical role in…";53.57387;9.89249
Software Engineer (m/w/d);;IP Dynamics;Hamburg;;2026-05-12;Adzuna;full_time;;;;IT-Stellen;Ab sofort Das erwartet dich Softwareentwicklung im Backend und/oder Frontend von hoch-performanten Echtzeitsystemen mit Fokus auf Performance und Ausfallsicherheit Umsetzung von Schnittstellen-Anbindungen an externe Systeme Mitarbeit in Produkt- und Projektsetups entlang des gesamten agilen Softwareentwicklungsprozesses Analysieren, Evaluieren und Einsetzen von aktuellen Technologien, Frameworks und Tools Permanente Weiterentwicklung der automatisierten CI/CD-Pipeline Das bringst du mit Erfolgr…;53.54167;9.99333
Software Engineer, Platform - Hamburg, Germany;;Speechify;Hamburg;;2026-04-21;Adzuna;Not provided;;;;IT-Stellen;The mission of Speechify is to make sure that reading is never a barrier to learning. Over 50 million people use Speechify’s text-to-speech products to turn whatever they’re reading – PDFs, books, Google Docs, news articles, websites – into audio, so they can read faster, read more, and remember more. Speechify’s text-to-speech reading products include its iOS app, Android App, Mac App, Chrome Extension, and Web App. Google recently named Speechify the Chrome Extension of the Year and Apple nam…;53.557429;9.987297
Software Engineer SAP (all genders);;adesso business consulting AG;Hamburg;;2026-07-24;Adzuna;full_time;;;;Unknown;Wir sind adesso business consulting, das SAP-Powerhouse der adesso Group. Als führender IT-Dienstleister stehen wir für Kundenorientierung, Wachstum und starke Perspektiven. Unser größter Erfolgsfaktor? Das sind unsere Mitarbeitenden! Als SAP-Profis begleiten wir kundenspezifische Herausforderungen und unterstützen die Auswahl, Anpassung und Implementierung von SAP-Lösungen. Unsere langjährige Erfahrung kombiniert technisches und Branchen-Know-how mit strategischem Denken und kreativen Ideen. D…;53.557429;9.987297
Software Engineer, CI/CD & DevOps;;Fender;Hamburg;;2026-07-06;Adzuna;Not provided;;;;Unknown;"Fender Musical Instruments Corporation is a world-famous brand with offices across the globe. Fender was born in Southern California and has built a worldwide influence beyond the studio and the stage. A Fender is more than an instrument; it’s a cultural symbol that resonates globally. We are searching for a DevOps Engineer to join our PreSonus Software team located in Hamburg,Germany. The DevOps Engineer is responsible for the maintenance and administration of the development infrastructure, i…";53.557429;9.987297
Software Engineer (Compilers) (f/m/d);;Universal Quantum;Hamburg;;2026-01-28;Adzuna;full_time;;;;Technikerstellen;At Universal Quantum , we aim to make the world a better place by engineering the future of computing. Together, we are creating truly impactful quantum computers. Our machines will be capable of solving problems until now considered impossible, with applications ranging across a broad range of industries, including healthcare, materials and aerospace. We are seeking to hire a Software Engineer (f/m/d) to develop software to operate our quantum processors. Passionate about helping create techno…;53.557429;9.987297
Senior Fullstack Software Engineer (All genders);;Kumi Health GmbH;Hamburg;;2026-06-20;Adzuna;full_time;;;;Unknown;Willkommen im Kumiverse Gestalte mit uns die digitale Zukunft von Krankenhäusern . Unsere AI-gestützte Hospital Performance Plattform unterstützt Verantwortliche in Krankenhäusern dabei, komplexe Abläufe transparenter, effizienter und zukunftsfähig zu steuern. Sie entlastet Personal spürbar, hilft, Ressourcen besser zu nutzen und sichert die Qualität der Versorgung in einem System unter Druck, dem AI gerade die größte Chance seit Langem eröffnet. Klingt spannend? Dann bewirb dich jetzt! Darum w…;53.54883;9.9477
Senior software engineer (m/f/d);;ng-voice GmbH;Hamburg;;2026-07-09;Adzuna;full_time;;;;Unknown;About us Committed to building the next generation of 100% software-based mobile networks, combining DevOps with telecommunications expertise, ng-voice is creating innovative mobile infrastructure solutions and making them accessible for operators and enterprises that want to deploy future-proof networks. We're hiring a talented Senior software engineer (m/f/d) to join our team in developing the next-gen features and applications for our IMS solution. As a Senior software engineer (m/f/d), you'…;53.54167;9.99333
Golang Software Engineer (m/f/d);;Liquid Reply GmbH;Hamburg;;2026-07-16;Adzuna;full_time;;;;Unknown;As development partner Liquid Reply supports their clients regarding Container Orchestration like Kubernetes & Cloud Native Development approaches in the design and migration of complex and fast-moving applications. With a focus on Multi-/Hybrid Cloud implementation, Site Reliability Engineering and Day 2 operation enablement Liquid Reply goes with their clients the whole cloud native transformation journey. Tasks We are looking for an Go(lang) software engineer, primarily but not exclusively, …;53.557429;9.987297
Senior Software Engineer (m/w/d);;cc.systems GmbH;Hamburg;;2026-07-16;Adzuna;full_time;;;;Unknown;Wir sind eine junge Softwarefirma aus Hamburg, die es sich zur Aufgabe gemacht hat, hochqualitative Software zu bauen. Täglich arbeiten wir an Softwareprojekten die den Alltag ihrer Anwender:innen unmittelbar verbessern. Für unsere Kund:innen sind wir ein Partner der sie von der Idee bis zum umgesetzten Komplettsystem begleitet. Dabei reicht unser Kund:innenstamm von Startups bis hin zu international tätigen Konzernen. Für uns ist es sehr wichtig, dass wir die Probleme, die wir lösen, wirklich …;53.557429;9.987297
Principal Software Engineer (m/f/d);;1Komma5°;Hamburg;;2026-07-31;Adzuna;full_time;;;;IT-Stellen;1KOMMA5° At 1KOMMA5° , we pursue a clear vision: Living on wind and sunlight forever for free . To make this a reality, we are building the energy system of the future with Heartbeat AI. Want to be part of it? We bring together regional craftsmanship and scalable software: We don't think of solar, batteries, heat pumps, and e-mobility as isolated components, but control them as an intelligent, integrated overall system in our virtual power plant. Directly connected to the electricity market – i…;53.55197;9.98553
Software Engineer / Developer Golang (all genders);;NECT;Hamburg;;2026-06-27;Adzuna;full_time;;;;IT-Stellen;At Nect we combine high security with ease of use. We want to provide a natural flow to our users and make all the difficult decisions in the background. Our backend system is responsible for the orchestration of all our computer vision & machine learning services. It also steers the frontend, in the form of native iOS and Android apps and also WebApps, in such a way that the flow feels natural for our users and keeps the security at the top level. Our challenges in the backend team range from …;53.54167;9.99333
(Senior) Software Engineer (all genders welcome);;ai-omatic solutions GmbH;Hamburg;;2026-07-17;Adzuna;Not provided;;;;Unknown;aiomatic builds a digital maintenance assistant that reduces unplanned downtime through predictive maintenance. It continuously analyzes machine data, detects anomalies early, and notifies teams with clear, actionable context. As part of the Application Engineering team, you’ll take ownership of our data warehouse, which supports diverse data-processing consumers, and our customer application, enabling advanced anomaly reviews, seamless configuration, and frictionless onboarding. Location: Hamb…;53.5504;9.99417
(Senior) AI Software Engineer (all genders);;apoprojekt;Hamburg;;2026-07-30;Adzuna;full_time;;;;IT-Stellen;WAS DU VON UNS ERWARTEN KANNST apoprojekt ist Partner für jeden Transformationsbedarf im Bestand und eines der dynamischsten Unternehmen der Bau- und Immobilienbranche. Seit unserer Gründung 2007 sind wir von einem Zwei-Mann-Unternehmen zu einer Größe von mehr als 600 Mitarbeitenden gewachsen. Wir wollen den Markt verändern: Mit unserem Design & Build-Ansatz und weniger Schnittstellen zwischen Planung und Ausführung. Mit mehr Miteinander und voller Verantwortung für unsere Projekte. Um die best…;53.557429;9.987297
Senior Software Engineer KI (all genders);;adesso;Hamburg;;2026-07-20;Adzuna;full_time;;;;Unknown;adesso steht für IT-Exzellenz und damit auch für exzellente Entwicklungsmöglichkeiten für alle adessi. Wir wachsen gemeinsam und lernen voneinander – an unseren Projekten, im Team und mit herausragenden Trainingsangeboten. Wir haben IT im Herzen, die Branche im Blick und den Erfolg unserer Kunden im Sinn. Denn erfolgreiches Geschäft entsteht durch innovative Ideen, zukunftsfähige Strategien und kluge IT-Lösungen. Immer sind dabei Menschen beteiligt, die etwas bewegen wollen und das einfach mach…;53.557429;9.987297
Software Engineer SAP & oscare (all genders);;adesso business consulting AG;Hamburg;;2026-07-16;Adzuna;full_time;;;;Unknown;Wir sind adesso business consulting, das SAP-Powerhouse der adesso Group. Als führender IT-Dienstleister stehen wir für Kundenorientierung, Wachstum und starke Perspektiven. Unser größter Erfolgsfaktor? Das sind unsere Mitarbeitenden! Als SAP-Profis begleiten wir kundenspezifische Herausforderungen und unterstützen die Auswahl, Anpassung und Implementierung von SAP-Lösungen. Unsere langjährige Erfahrung kombiniert technisches und Branchen-Know-how mit strategischem Denken und kreativen Ideen. D…;53.557429;9.987297
Senior Software Engineer SAP (all genders);;adesso business consulting AG;Hamburg;;2026-07-22;Adzuna;full_time;;;;Unknown;Wir sind adesso business consulting, das SAP-Powerhouse der adesso Group. Als führender IT-Dienstleister stehen wir für Kundenorientierung, Wachstum und starke Perspektiven. Unser größter Erfolgsfaktor? Das sind unsere Mitarbeitenden! Als SAP-Profis begleiten wir kundenspezifische Herausforderungen und unterstützen die Auswahl, Anpassung und Implementierung von SAP-Lösungen. Unsere langjährige Erfahrung kombiniert technisches und Branchen-Know-how mit strategischem Denken und kreativen Ideen. D…;53.557429;9.987297
Cloud Software Engineer (all genders) in Hamburg;;slashwhy GmbH & Co. KG;Hamburg;;2026-07-23;Adzuna;full_time;;;;Unknown;Was dich bei uns erwartet? unser agiles Mindset die Integration und Weiterentwicklung einer cloud-agnostischen Plattform mit Mandantentrennung zu Planungs- und Steuerungszwecken von Drohnen (zunächst in Azure, weitere Cloud-Umgebungen folgen) die Integration von AI-Funktionen zur Bilderkennung und Informationsaggregation die Chance, dich in einem dynamischen Umfeld mit Anspruch auf technologischen Vorsprung einzubringen der Freiraum für kreative Ideen und für deine Weiterentwicklung kurze Entsc…;53.557429;9.987297
Cloud Software Engineer (all genders) in Hamburg;;slashwhy & Co. KG;Hamburg;;2026-07-24;Adzuna;Not provided;;;;IT-Stellen;unser agiles Mindset die Integration und Weiterentwicklung einer cloud-agnostischen Plattform mit Mandantentrennung zu Planungs- und Steuerungszwecken von Drohnen (zunächst in Azure, weitere Cloud-Umgebungen folgen) die Integration von AI-Funktionen zur Bilderkennung und Informationsaggregation die Chance, dich in einem dynamischen Umfeld mit Anspruch auf technologischen Vorsprung einzubringen der Freiraum für kreative Ideen und für deine Weiterentwicklung kurze Entscheidungswege, flache Hierar…;53.557429;9.987297
Software Engineer SAP ABAP (all genders);;Quanto Solutions GmbH;Hamburg;;2026-07-16;Adzuna;Not provided;;;;Unknown;Was wir bieten Vielfältige Kundenprojekte Sehr gutes Gehalt und ein attraktives Bonusmodell Flexible Arbeitszeiten, Homeoffice-Option, 31 Tage Urlaub Mobilitätsangebot (Bahn, Bike, Auto) Firmenfitness (EGYM-Wellpass) Moderne IT-Ausstattung, Laptop/Handy auch zur privaten Nutzung Eine betriebliche Altersvorsorge mit einem Zuschuss von 20% Weiterbildungsmöglichkeiten und Event/Messebesuche flache Hierarchien und kurze Wege Aufgeschlossenheit und ein offenes Ohr für Deine Ideen und Verbesserungsvo…;53.557429;9.987297
Junior AI Software Engineer (all genders);;apoprojekt;Hamburg;;2026-07-30;Adzuna;full_time;;;;IT-Stellen;WAS DU VON UNS ERWARTEN KANNST apoprojekt ist Partner für jeden Transformationsbedarf im Bestand und eines der dynamischsten Unternehmen der Bau- und Immobilienbranche. Seit unserer Gründung 2007 sind wir von einem Zwei-Mann-Unternehmen zu einer Größe von mehr als 600 Mitarbeitenden gewachsen. Wir wollen den Markt verändern: Mit unserem Design & Build-Ansatz und weniger Schnittstellen zwischen Planung und Ausführung. Mit mehr Miteinander und voller Verantwortung für unsere Projekte. Um die best…;53.557429;9.987297
Senior Backend Software Engineer (m/w/d);;Amadeus Fire AG;Hamburg;;2026-07-16;Adzuna;full_time;;;;Unknown;Senior Backend Software Engineer (m/w/d) Referenz 12-243810 Seit über 30 Jahren bringen wir qualifizierte Bewerber und renommierte Unternehmen zusammen. Mit uns finden Sie schneller, wonach Sie sonst lange suchen müssen. Im Auftrag eines erfolgreichen Dienstleistungsunternehmens mit Sitz in Hamburg suchen wir zum nächstmöglichen Zeitpunkt im Rahmen der Personalvermittlung in Festanstellung bei einem Gehalt von bis zu 85.000 Euro Sie als Senior Backend Software Engineer (m/w/d). Ihre Benefits: 3…;53.55454;10.03315
Software Engineer SAP / LISA (m/w/d);;PEAC  GmbH;Hamburg;;2026-07-31;Adzuna;full_time;33000.0;35500.0;34250.0;IT-Stellen;Salary: 33.000 - 35.500 € per year Requirements: Wir haben ein abgeschlossenes Studium der (Wirtschafts-)Informatik oder eine vergleichbare Qualifikation Wir verfügen über mehrjährige Erfahrung in der SAP-Entwicklung mit sicheren ABAP OO-Kenntnissen Wir sind motiviert, uns in neue Themen einzuarbeiten, insbesondere in den Betrieb und die Weiterentwicklung des TCM-Systems Wir bringen ausgeprägten Teamgeist sowie klare, wertschätzende Kommunikation mit Wir arbeiten eigenverantwortlich und struktu…;53.5504;9.99417
Senior Frontend Software Engineer (m/w/d);;dpa Deutsche Presse-Agentur;Hamburg;;2026-07-16;Adzuna;full_time;;;;IT-Stellen;Unternehmensbeschreibung Die dpa-IT Services GmbH ist ein Tochterunternehmen der Deutschen Presse-Agentur GmbH (dpa) und stellt der gesamten dpa Gruppe weltweit IT-Infrastruktur zur Verfügung. Wir entwickeln und betreiben Software entlang der journalistischen Wertschöpfungskette – von der Inhaltserstellung und -planung über die Verteilung mittels APIs bis zum Ausspielen in Web-Anwendungen für B2B-Kunden der dpa. Wir suchen zum 01. September 2026 an unserem Standort in Hamburg einen Senior Front…;53.57767;9.98895
Senior Software Engineer, Core Experiences - Hamburg, Germany;;Speechify;Hamburg;;2026-04-27;Adzuna;Not provided;;;;IT-Stellen;Mission Speechify is the easiest way to listen to the world’s information. Articles on the web, documents in the cloud, books on your phone. We absorb it all and let you listen to it at your desk, on the go, at your own speed, and with tools that make learning easier, deeper, and faster. What streaming services have done for audio entertainment, we’re doing for audio information. And whatever we’re doing seems to be working. We’re 1 in our category, and experiencing exponential growth. Overview…;53.557429;9.987297
Software Engineer, Data Infrastructure & Acquisition - Hamburg, Germany;;Speechify;Hamburg;;2026-04-21;Adzuna;Not provided;;;;IT-Stellen;The mission of Speechify is to make sure that reading is never a barrier to learning. Over 50 million people use Speechify’s text-to-speech products to turn whatever they’re reading – PDFs, books, Google Docs, news articles, websites – into audio, so they can read faster, read more, and remember more. Speechify’s text-to-speech reading products include its iOS app, Android App, Mac App, Chrome Extension, and Web App. Google recently named Speechify the Chrome Extension of the Year and Apple nam…;53.557429;9.987297
Software Engineer (w/m/d) - Anwendungsentwicklung, Ingenieur;;Capgemini;Hamburg;;2026-08-02;Adzuna;Not provided;;;;Stellen für Hochschulabsolventen;Wenn du dich für Capgemini entscheidest, wählst du ein Unternehmen, in dem du die Möglichkeit hast, deinen Karriereweg selbst zu gestalten. Du wirst von einem kollaborativen Netzwerk von Kolleg\*innen auf der ganzen Welt unterstützt und inspiriert und kannst neu definieren, was möglich ist. Schließe dich uns an und unterstütze die führenden Organisationen der Welt, den Wert von Technologie zu erschließen und eine nachhaltigere, inklusivere Welt zu gestalten.  Deine Rolle Du möchtest moderne und…;53.557429;9.987297
Senior Cloud Software Engineer - Adobe Cloud Platform;;Adobe;Hamburg;;2026-07-21;Adzuna;full_time;;;;IT-Stellen;The Opportunity Adobe Content Platform & Collaboration (ACPC) is the cloud foundation behind millions of people creating, storing, and collaborating on content every day. We're looking for a Senior Software Engineer with deep cloud-native systems experience to help evolve this globally distributed platform. You'll work on backend services operating at significant scale, with a strong bar for reliability, security, and performance. You'll join a collaborative team of 6 engineers based in Hamburg…;53.557429;9.987297
Senior Software Engineer (gn) - GenAI // 100% remote;;workidentity GmbH;Hamburg;;2026-06-25;Adzuna;full_time;75000.0;85000.0;80000.0;Unknown;Einleitung 100 % Remote · unbefristet · deutschsprachiges Software-Produktunternehmen Du schreibst Code nicht mehr Zeile für Zeile, du dirigierst KI-Agenten, die ihn schreiben, und entscheidest, was davon Produktqualität erreicht. Unser Mandant ist ein etabliertes deutsches Softwarehaus, das eine KI-basierte Dokumentenmanagement- und Enterprise-Plattform entwickelt – im Einsatz bei hunderten Unternehmen, die ihre Prozesse darauf betreiben. Das Kernteam baut die Produktlandschaft konsequent zu e…;53.54883;9.9477
Senior Software Engineer - Mobile (m/f/d);;1Komma5° GmbH;Hamburg;;2026-06-28;Adzuna;full_time;;;;Unknown;1KOMMA5° At 1KOMMA5° , we pursue a clear vision: Living on wind and sunlight forever for free . To make this a reality, we are building the energy system of the future with Heartbeat AI. Want to be part of it? We bring together regional craftsmanship and scalable software: We don't think of solar, batteries, heat pumps, and e-mobility as isolated components, but control them as an intelligent, integrated overall system in our virtual power plant. Directly connected to the electricity market – i…;53.55197;9.98553
Senior Software Engineer (gn) - GenAI // 100% remote;;workidentity;Hamburg;;2026-06-25;Adzuna;full_time;;;;IT-Stellen;Einleitung 100 % Remote · unbefristet · deutschsprachiges Software-Produktunternehmen Du schreibst Code nicht mehr Zeile für Zeile, du dirigierst KI-Agenten, die ihn schreiben, und entscheidest, was davon Produktqualität erreicht. Unser Mandant ist ein etabliertes deutsches Softwarehaus, das eine KI-basierte Dokumentenmanagement- und Enterprise-Plattform entwickelt – im Einsatz bei hunderten Unternehmen, die ihre Prozesse darauf betreiben. Das Kernteam baut die Produktlandschaft konsequent zu e…;53.54512;10.03038
.NET Software Engineer;;Noir;Frankfurt;;2026-07-29;Adzuna;full_time;55000.0;75000.0;65000.0;IT-Stellen;".NET Software Engineer, .NET 10.0, C# 14 - Global Internet Icon - Frankfurt, Germany (Tech stack: .NET Software Engineer, .NET 9, C#, Blazor, Azure, JavaScript, HTML5, CSS3, Agile, Programmer, Full Stack Developer, Architect, Softwareentwickler, Entwickler, .NET Software Engineer) Our client has long been a classic internet icon; today it has evolved into an integrated and diversified modern media company. We are seeking .NET Software Engineer to work on one of the most ambitious .NET / C# proj…";;
Principal Software Engineer;;leonardo;Frankfurt;;2026-07-16;Adzuna;full_time;;;;Unknown;leonardo is a B2B SaaS solution that helps organisations measure sustainability impact. We combine scientific standards and engineering excellence to drastically simplify the complex task of impact measurement. leonardo's suite of software tools enable organisations to measure, analyse, verify and report on impact, while remaining compliant to regulatory standards. We partner with organisations and businesses of any size from project developers on the ground, to capital providers and impact fun…;50.10015;8.72405
Software Engineer C++;;FindYou Consulting GmbH;Frankfurt;;2026-08-01;Adzuna;full_time;;;;Unknown; (Senior) C++ Engineer (m/w/d) - High-Performance & Multithreading  Zum Unternehmen: Unser Partner ist ein international etablierter Marktführer, dessen hochkomplexe Softwarelösungen weltweit als stabiles Rückgrat für anspruchsvolle, alltägliche Infrastrukturen dienen. Im Zuge einer großen Modernisierungsoffensive werden die langlebigen Kernplattformen auf ein neues technologisches Level gehoben und zukunftsfähig aufgestellt. Für das wachsende Engineering-Team suchen wir erfahrene Entwicklerper…;50.129683;8.650578
Senior Software Engineer (Backend);;Wall Street Docs;Frankfurt;;2026-03-27;Adzuna;full_time;;;;IT-Stellen;About the Role We are looking for a Senior Software Engineer to design, build, and operate scalable cloud-native systems. You will work on distributed services, event-driven architectures, and modern DevOps pipelines while collaborating closely with product managers and other engineers in an Agile environment. The ideal candidate is comfortable working across multiple backend technologies and understands how to design resilient systems that run reliably in containerised and cloud environments. …;50.11218;8.68432
Software Engineer (m/w/d);;NVISO;Frankfurt;;2026-07-30;Adzuna;full_time;;;;Unknown;Who are we? The innovation mission of NVISO is to leverage technology as a pivotal enabler for pioneering cyber security services that have a positive impact on our customers, brand exposure, and bottom line. The Labs team collaborates with all business units by offering an innovation framework, ambassadorship and in-house expertise to transform the best ideas into impactful outcomes. Building a well-oiled machine where people like to work and inspiring all birds to become internal innovators a…;50.129683;8.650578
Software Engineer (m/f/d);;Yatta Solutions GmbH;Frankfurt;;2024-04-23;Adzuna;full_time;;;;Unknown;Job description Is software engineering more than a job for you? Are you passionate about backend topics? Do you love problems because you can’t wait to dig in and find a solution? Do you want to build software that benefits and delights users in real life? And do you believe in teamwork & collaboration to develop brilliantly simply solutions? Join us as a Backend Software Engineer and help scale the Yatta Platform—an ecosystem for digital products, focused on B2B and B2B2X. Your deep technical…;50.14805;8.66599
Software Engineer SAP (all genders);;adesso business consulting AG;Frankfurt;;2026-07-24;Adzuna;full_time;;;;Unknown;Wir sind adesso business consulting, das SAP-Powerhouse der adesso Group. Als führender IT-Dienstleister stehen wir für Kundenorientierung, Wachstum und starke Perspektiven. Unser größter Erfolgsfaktor? Das sind unsere Mitarbeitenden! Als SAP-Profis begleiten wir kundenspezifische Herausforderungen und unterstützen die Auswahl, Anpassung und Implementierung von SAP-Lösungen. Unsere langjährige Erfahrung kombiniert technisches und Branchen-Know-how mit strategischem Denken und kreativen Ideen. D…;50.129683;8.650578
Senior Software Engineer (w/m/d);;Traxpay GmbH;Frankfurt;;2026-07-16;Adzuna;full_time;;;;Unknown;Als Senior Software Engineer (w/m/d) arbeitest Du in einem agilen Team von Java-Entwicklern, um effiziente Lösungen zu erstellen. Aufgaben Analyse, Konzeption und Umsetzung von komplexen Projekten im Bereich Java und JEE vom Brainstorming bis zum Deployment Konzeption und Erstellung von APIs mittels REST und Anbindung von React Single Page Applications Design und Implementierung effizienter, modularer, testbarer Java Services mittels des Spring Frameworks, JPA/Hibernate und Spring Boot Arbeiten…;50.129683;8.650578
Software Engineer - Angular (m/f/x);;neoshare;Frankfurt;;2026-07-10;Adzuna;full_time;;;;Unknown;Your mission You contribute to the further development of our platform in the front-end area. You will develop technical concepts independently and as part of a team, implement them, carry out tests, and document the results of your work. You are constantly collaborating with UI/UX designers, and the backend and frontend team to deliver the best possible result. You actively participate in the development of reusable components and contribute to the optimization of our development. You will wor…;;
Senior Software Engineer KI (all genders);;adesso;Frankfurt;;2026-07-20;Adzuna;full_time;;;;Unknown;adesso steht für IT-Exzellenz und damit auch für exzellente Entwicklungsmöglichkeiten für alle adessi. Wir wachsen gemeinsam und lernen voneinander – an unseren Projekten, im Team und mit herausragenden Trainingsangeboten. Wir haben IT im Herzen, die Branche im Blick und den Erfolg unserer Kunden im Sinn. Denn erfolgreiches Geschäft entsteht durch innovative Ideen, zukunftsfähige Strategien und kluge IT-Lösungen. Immer sind dabei Menschen beteiligt, die etwas bewegen wollen und das einfach mach…;50.129683;8.650578
Software Engineer SAP & oscare (all genders);;adesso business consulting AG;Frankfurt;;2026-07-16;Adzuna;full_time;;;;Unknown;Wir sind adesso business consulting, das SAP-Powerhouse der adesso Group. Als führender IT-Dienstleister stehen wir für Kundenorientierung, Wachstum und starke Perspektiven. Unser größter Erfolgsfaktor? Das sind unsere Mitarbeitenden! Als SAP-Profis begleiten wir kundenspezifische Herausforderungen und unterstützen die Auswahl, Anpassung und Implementierung von SAP-Lösungen. Unsere langjährige Erfahrung kombiniert technisches und Branchen-Know-how mit strategischem Denken und kreativen Ideen. D…;50.129683;8.650578
Software Engineer - Java (m/w/d);;neoshare;Frankfurt;;2026-07-16;Adzuna;full_time;;;;Unknown;Your mission You will provide high-quality products that meet all functional and non-functional requirements. You will develop scalable and easily usable Java applications. You will create comprehensive documentation. You will develop with the best coding standards, policies, and procedures for development, continuous integration, and deployment. Your profile You have 3-5 years of professional experience in Java backend development. You have already gained experience with software development p…;;
Senior Software Engineer (m/w/d);;Alexander Thamm GmbH;Frankfurt;;2026-07-21;Adzuna;full_time;;;;Unknown;Startdatum Wir suchen Dich ab sofort an einem unserer deutschen Standorte in München, Nürnberg, Frankfurt am Main, Essen, Leipzig oder Berlin ! Deine Aufgaben Data und AI sind Dein zu Hause? Des Weiteren gestaltet sich Deine neue Herausforderung wie folgt: Entwicklung und Weiterentwicklung skalierbarer Softwarelösungen Mitarbeit an der Konzeption und Umsetzung neuer Features Analyse von Anforderungen sowie technische Umsetzung Sicherstellung von Code-Qualität durch Tests und Code Reviews Zusamm…;50.10656;8.67167
Senior Software Engineer SAP (all genders);;adesso business consulting AG;Frankfurt;;2026-07-22;Adzuna;full_time;;;;Unknown;Wir sind adesso business consulting, das SAP-Powerhouse der adesso Group. Als führender IT-Dienstleister stehen wir für Kundenorientierung, Wachstum und starke Perspektiven. Unser größter Erfolgsfaktor? Das sind unsere Mitarbeitenden! Als SAP-Profis begleiten wir kundenspezifische Herausforderungen und unterstützen die Auswahl, Anpassung und Implementierung von SAP-Lösungen. Unsere langjährige Erfahrung kombiniert technisches und Branchen-Know-how mit strategischem Denken und kreativen Ideen. D…;50.129683;8.650578
SENIOR SOFTWARE ENGINEER (f/m/d);;360 Treasury Systems AG;Frankfurt;;2026-05-12;Adzuna;full_time;;;;IT-Stellen;Your Role Are you excited by the world of trading? Do you want to contribute to the cutting-edge development of a world-class trading platform? Are you passionate about optimizing every nanosecond of CPU and network performance? Join us and become part of a company that's a leader in the trading landscape! At 360T, we are at the forefront of building and maintaining high-performance trading systems, processing big data, and delivering scalable, reliable solutions for our users. If you thrive in…;50.129683;8.650578
Senior Software Engineer (m/w/d) Java;;APRIORI – BUSINESS SOLUTIONS AG;Frankfurt;;2026-07-16;Adzuna;full_time;;;;Unknown;Unser Mandant ist ein etablierter Anbieter im Bereich digitaler Payment- und Bezahllösungen und Teil eines starken Finanzverbunds. Das Unternehmen entwickelt und betreibt moderne Lösungen für bargeldlose Zahlverfahren und unterstützt damit Unternehmen unterschiedlichster Branchen – vom lokalen Einzelhandel bis hin zu internationalen Handels- und Gastronomieketten. Aktuell wird ein Senior Software Engineer (m/w/d) Java gesucht. Ihre Aufgaben: Mitarbeit in agilen Entwicklungsteams sowie enge Abst…;50.129683;8.650578
Senior Software Engineer, Core Experiences - Frankfurt, Germany;;Speechify;Frankfurt;;2026-05-17;Adzuna;Not provided;;;;IT-Stellen;Mission Speechify is the easiest way to listen to the world’s information. Articles on the web, documents in the cloud, books on your phone. We absorb it all and let you listen to it at your desk, on the go, at your own speed, and with tools that make learning easier, deeper, and faster. What streaming services have done for audio entertainment, we’re doing for audio information. And whatever we’re doing seems to be working. We’re 1 in our category, and experiencing exponential growth. Overview…;;
Software Engineer (w/m/d) - Anwendungsentwicklung, Ingenieur;;Capgemini;Frankfurt;;2026-08-02;Adzuna;Not provided;;;;Stellen für Hochschulabsolventen;Wenn du dich für Capgemini entscheidest, wählst du ein Unternehmen, in dem du die Möglichkeit hast, deinen Karriereweg selbst zu gestalten. Du wirst von einem kollaborativen Netzwerk von Kolleg\*innen auf der ganzen Welt unterstützt und inspiriert und kannst neu definieren, was möglich ist. Schließe dich uns an und unterstütze die führenden Organisationen der Welt, den Wert von Technologie zu erschließen und eine nachhaltigere, inklusivere Welt zu gestalten.  Deine Rolle Du möchtest moderne und…;50.129683;8.650578
Senior Software Engineer - Angular (m/f/x);;neoshare;Frankfurt;;2026-06-20;Adzuna;full_time;;;;Unknown;Your mission You contribute to the further development of our platform in the front-end area. You will develop technical concepts independently and as part of a team, implement them, carry out tests, and document the results of your work. You are constantly collaborating with UI/UX designers, and the backend and frontend team to deliver the best possible result. You actively participate in the development of reusable components and contribute to the optimization of our development. You will wor…;;
Software Engineer, iOS Core Product - Frankfurt, Germany;;Speechify;Frankfurt;;2026-04-27;Adzuna;Not provided;;;;IT-Stellen;The mission of Speechify is to make sure that reading is never a barrier to learning. Over 50 million people use Speechify’s text-to-speech products to turn whatever they’re reading – PDFs, books, Google Docs, news articles, websites – into audio, so they can read faster, read more, and remember more. Speechify’s text-to-speech reading products include its iOS app, Android App, Mac App, Chrome Extension, and Web App. Google recently named Speechify the Chrome Extension of the Year and Apple nam…;;
Senior Software Engineer SAP Banking (all genders);;adesso business consulting AG;Frankfurt;;2026-07-23;Adzuna;full_time;;;;Unknown;Wir sind adesso business consulting, das SAP-Powerhouse der adesso Group. Als führender IT-Dienstleister stehen wir für Kundenorientierung, Wachstum und starke Perspektiven. Unser größter Erfolgsfaktor? Das sind unsere Mitarbeitenden! Als SAP-Profis begleiten wir kundenspezifische Herausforderungen und unterstützen die Auswahl, Anpassung und Implementierung von SAP-Lösungen. Unsere langjährige Erfahrung kombiniert technisches und Branchen-Know-how mit strategischem Denken und kreativen Ideen. D…;50.129683;8.650578
Senior Software Engineer SAP Healthcare (all genders);;adesso business consulting AG;Frankfurt;;2026-07-26;Adzuna;full_time;;;;Unknown;Wir sind adesso business consulting, das SAP-Powerhouse der adesso Group. Als führender IT-Dienstleister stehen wir für Kundenorientierung, Wachstum und starke Perspektiven. Unser größter Erfolgsfaktor? Das sind unsere Mitarbeitenden! Als SAP-Profis begleiten wir kundenspezifische Herausforderungen und unterstützen die Auswahl, Anpassung und Implementierung von SAP-Lösungen. Unsere langjährige Erfahrung kombiniert technisches und Branchen-Know-how mit strategischem Denken und kreativen Ideen. D…;50.129683;8.650578
Software Engineer (m/w/d) Business Applications;;Policen Direkt Gruppe;Frankfurt;;2026-07-28;Adzuna;full_time;;;;IT-Stellen;Deine Aufgaben Darauf kannst du dich freuen Du möchtest nicht einfach Anforderungen abarbeiten, sondern aktiv mitdenken und mit deinen Ideen echten Mehrwert schaffen? Du hast Lust, Verantwortung zu übernehmen und technische Lösungen von der Idee bis zur Umsetzung zu begleiten? Dann bist Du bei uns genau richtig: Technologie mit Wirkung gestalten : Du entwickelst unsere Business-Anwendungen, Datenplattformen und Systeme kontinuierlich weiter, immer mit Blick auf Skalierbarkeit, Effizienz und den…;50.10161;8.62864
Senior Software Engineer - Ruby on Rails & React Native;;Peak One GmbH;Frankfurt;;2026-07-24;Adzuna;full_time;60000.0;85000.0;72500.0;IT-Stellen;Im Auftrag unseres Kunden - eines innovativen und technologiegetriebenen Unternehmens mit Fokus auf die Digitalisierung komplexer operativer Prozesse - suchen wir zum nächstmöglichen Zeitpunkt einen erfahrenen (Senior) Full Stack Software Developer (Ruby on Rails / React Native) . Das Unternehmen entwickelt moderne Softwarelösungen für geschäftskritische Abläufe und setzt dabei auf skalierbare Architekturen, hohe Qualitätsstandards sowie eine konsequent agile Arbeitsweise. Sie erwartet ein dyna…;50.0863;8.63833
IT Trainee Software Engineer/Developer (m/w/d);;Commerzbank AG;Frankfurt;;2022-06-21;Adzuna;Not provided;;;;Unknown;Wir suchen IT Trainees Software Engineer / Developer für unsere agile Softwareentwicklung. Wir bieten IT Absolventen einen Berufseinstieg in Frankfurt. Dich erwarten: Selbst gewählte Praxisphasen, Auslandseinsatz nach Wunsch, Individuelle persönliche Betreuung, Unbefristeter Vertrag, Gehalt ab 64.012 € pro Jahr Wir bieten Mach dich schon am Anfang deiner Karriere an die große Herausforderung: das Banking der Zukunft. Mit unserem IT-Traineeprogramm bieten wir dir genau den Karrierestart, der am …;50.11218;8.68432
Software Engineer & Consultant (f/m/d) - 58agents GmbH;;58agents GmbH;Frankfurt;;2026-08-01;Adzuna;full_time;;;;Beraterstellen;Willkommen bei 58agents! Wir sind ein junges und dynamisches Unternehmen im Bereich der digitalen Produktentwicklung . Unsere Stärke sind unsere Mitarbeiter, unsere Teams, welche im Markt mit branchenübergreifender Hands-On-Expertise etabliert sind. Wir als Unternehmen wachsen nachhaltig und bieten dadurch nicht nur innovative Projekte, sondern auch spannende Perspektiven für die persönliche Weiterentwicklung. Als inhabergeführtes Unternehmen legen wir großen Wert auf Kreativität, Innovation, k…;50.129683;8.650578
Senior Cloud Software Engineer SAP BTP (all genders);;adesso business consulting AG;Frankfurt;;2026-07-22;Adzuna;full_time;;;;Unknown;Wir sind adesso business consulting, das SAP-Powerhouse der adesso Group. Als führender IT-Dienstleister stehen wir für Kundenorientierung, Wachstum und starke Perspektiven. Unser größter Erfolgsfaktor? Das sind unsere Mitarbeitenden! Als SAP-Profis begleiten wir kundenspezifische Herausforderungen und unterstützen die Auswahl, Anpassung und Implementierung von SAP-Lösungen. Unsere langjährige Erfahrung kombiniert technisches und Branchen-Know-how mit strategischem Denken und kreativen Ideen. D…;50.129683;8.650578
Senior Software Engineer, Windows/Desktop Applications - Frankfurt, Germany;;Speechify;Frankfurt;;2026-05-13;Adzuna;Not provided;;;;IT-Stellen;Mission The mission of Speechify is to make sure that reading is never a barrier to learning. Over 50 million people use Speechify’s text-to-speech products to turn whatever they’re reading – PDFs, books, Google Docs, news articles, websites – into audio, so they can read faster, read more, and remember more. Speechify’s text-to-speech reading products include its iOS app, Android App, Mac App, Chrome Extension, and Web App. Google recently named Speechify the Chrome Extension of the Year and A…;;
Senior Software Engineer SAP FS-CD (all genders);;adesso business consulting AG;Frankfurt;;2026-07-25;Adzuna;full_time;;;;Unknown;Wir sind adesso business consulting, das SAP-Powerhouse der adesso Group. Als führender IT-Dienstleister stehen wir für Kundenorientierung, Wachstum und starke Perspektiven. Unser größter Erfolgsfaktor? Das sind unsere Mitarbeitenden! Als SAP-Profis begleiten wir kundenspezifische Herausforderungen und unterstützen die Auswahl, Anpassung und Implementierung von SAP-Lösungen. Unsere langjährige Erfahrung kombiniert technisches und Branchen-Know-how mit strategischem Denken und kreativen Ideen. D…;50.129683;8.650578
Senior Software Engineer Defense (w/m/d) - Anwendungsentwicklung, Ingenieur;;Capgemini;Frankfurt;;2026-08-02;Adzuna;Not provided;;;;Stellen für Hochschulabsolventen;Wenn du dich für Capgemini entscheidest, wählst du ein Unternehmen, in dem du die Möglichkeit hast, deinen Karriereweg selbst zu gestalten. Du wirst von einem kollaborativen Netzwerk von Kolleg\*innen auf der ganzen Welt unterstützt und inspiriert und kannst neu definieren, was möglich ist. Schließe dich uns an und unterstütze die führenden Organisationen der Welt, den Wert von Technologie zu erschließen und eine nachhaltigere, inklusivere Welt zu gestalten.  Deine Rolle Du hast Erfahrung in de…;50.129683;8.650578
Senior AI Software Engineer (all genders) in Frankfurt - PRODYNA SE;;PRODYNA SE;Frankfurt;;2026-08-01;Adzuna;full_time;;;;Unknown;Bist du auf der Suche nach einem Arbeitsplatz, an dem positive Einstellung und Teamgeist groß geschrieben werden? Wir validieren und implementieren neue Technologien und entwickeln maßgeschneiderte Lösungen für unsere Kunden. Wir setzen uns für eine Kultur der Innovation und der Integration neuer Technologien ein. Wir sind mutig, wenn es darum geht, für die beste Lösung einzutreten und ehrlich zu unseren Kunden und Kollegen. Wir legen Wert auf Teamwork und Zusammenarbeit und glauben, dass unser…;50.129683;8.650578
Software Engineer Conversational AI (m/w/d) 85.000€ fix;;SThree Germany;Frankfurt;;2026-07-14;Adzuna;full_time;85000.0;85000.0;85000.0;IT-Stellen;Software Engineer Conversational AI (m/w/d) Gehalt: bis zu 85.000 € Fixgehalt Standort: Bundesweit | Festanstellung Überblick Das Unternehmen steht für innovative Lösungen im Bereich der digitalen Transformation und baut aktuell gezielt einen neuen Schwerpunkt im Bereich Artificial Intelligence auf. In einem dynamischen und stark wachsenden Umfeld arbeiten Sie an modernen Conversational-AI-Lösungen für namhafte Kunden - mit direktem Einfluss auf produktive Systeme. Ihre Aufgaben Entwicklung mod…;50.13398;8.62577
Cloud Software Engineer (m/w/d) - System Engineering / Admin, Anwendungsentwicklung, Ingenieur;;Deloitte;Frankfurt;;2026-07-28;Adzuna;Not provided;;;;Stellen für Hochschulabsolventen;Deloitte bietet führende Prüfungs- und Beratungsleistungen in Audit & Assurance, Tax & Legal, Consulting und Advisory – für nahezu 90 % der Fortune Global 500® und zahlreiche private Unternehmen. Wir liefern innovative Denkansätze, lösen komplexe Herausforderungen und fördern nachhaltiges Wachstum. Mit rund 470.000 Mitarbeitenden weltweit eröffnen wir hervorragende Karrierechancen – getragen von einem starken „Wir“ und einer Vielfalt an Perspektiven und Fähigkeiten. Du willst im Bereich Consult…;50.129683;8.650578
Senior Software Engineer (Backend-Java) – Business Banking Cards (w/m/d);;ING;Frankfurt;;2026-06-12;Adzuna;full_time;;;;Stellen aus Buchhaltung & Finanzwesen;Do you want to design modern IT architectures and build software solutions that create real business impact? Do you enjoy taking ownership, thinking beyond individual services, and shaping solutions that fit into a wider application landscape? Join our Business Banking Cards domain and help us build reliable, scalable, and secure card-related applications. In this role, you will work closely with Business Banking stakeholders and collaborate with Retail Banking teams on shared capabilities, pro…;;
AI Engineer / Software Engineer (all genders) - System Engineering / Admin, Anwendungsentwicklung, Ingenieur;;adesso;Frankfurt;;2026-08-02;Adzuna;Not provided;;;;Stellen für Hochschulabsolventen;Als Teil der adesso group bündelt die adesso insurance solutions GmbH das eigene Produktportfolio für den Versicherungsmarkt und treibt innovative Software-Lösungen in diesem Umfeld voran. Wir sind ein Team aus über 600 engagierten Kollegen und Kolleginnen. Und du kannst ein Teil davon werden.  Deine Rolle - In a nutshell: In interdisziplinären Projektteams übernimmst du gemeinsam mit deinem Team abwechslungsreiche Tätigkeiten in technisch anspruchsvollen kundenspezifischen Softwareprojekten au…;50.129683;8.650578
Senior Full-Stack Software Engineer (Java/ Spring Boot/ TypeScript/ Angular) (m/w/d);;&Charge GmbH;Frankfurt;;2026-07-30;Adzuna;full_time;70000.0;100000.0;85000.0;IT-Stellen;"Salary: 70.000 - 100.000 € per year Requirements: Gesucht wird ein hands-on Fullstack-Entwickler, der selbst entwickelt und gerne über den gesamten Stack hinweg arbeitet. Das solltest Du mitbringen: - Mindestens 5 Jahre Berufserfahrung im Bereich Software Engineering - Fundierte Entwicklungserfahrung; eigenständige Arbeit und Treffen sauberer technischer Entscheidungen - Fähigkeit, Probleme zu erkennen und Verantwortung zu übernehmen - Hohes Qualitätsbewusstsein und eigenverantwortliche Arbeits…";50.11218;8.68432
Software Quality Engineer (m/w/d);;FERCHAU GmbH;Frankfurt;;2026-05-12;Adzuna;Not provided;;;;Unknown;Menschen und Technologien zu verbinden, den Perfect Match für unsere Kunden zu gestalten, immer die richtigen Expert:innen für die jeweilige Herausforderung zu finden - das ist unser Anspruch bei FERCHAU und dafür suchen wir Sie: als ambitionierte:r Mitarbeitende:r für einen unserer Kunden. Als Berufserfahrene:r unterstützen Sie Ihre Kolleg:innen mit Ihrem langjährigen Know-how und Ihrer Expertise. Ihr Aufgabengebiet * Beratung und Unterstützung bei der Entwicklung automatisierter Tests für Qua…;50.12511;8.64682
Software Development Engineer (m/w/d) Java;;APRIORI - business solutions AG;Frankfurt;;2026-07-16;Adzuna;full_time;;;;Unknown;Über uns Unser Klient, eine führende deutsche Bank, bietet spannende Möglichkeiten in einem internationalen Umfeld mit Fokus auf Innovation, Nachhaltigkeit und Kundenorientierung. Neben fachlicher Expertise wird Wert auf kollegiales Miteinander und individuelle Weiterentwicklung gelegt. Aktuell wird ein Software Development Engineer (m/w/d) im Java Bereich gesucht. Klingt spannend? Werden Sie Teil des Teams! Aufgaben Mitarbeit in einem Team an der Weiterentwicklung und Betreuung von Softwarelös…;50.129683;8.650578
Data Center Engineering Operations Technician (w/m/d), DCEO;;Amazon Workforce Staffing;Frankfurt;;2026-08-03;Adzuna;Not provided;;;;IT-Stellen;About AISAWS Infrastructure Services (AIS) owns the design, planning, delivery, and operation of all AWS global infrastructure. In other words, we're the people who keep the cloud running. We support all AWS data centers and all of the servers, storage, networking, power, and cooling equipment that ensure our customers have continual access to the innovation they rely on. We work on the most challenging problems, with thousands of variables impacting the supply chain — and we're looking for tal…;;
Data Center Engineering Operations Technician (m/f/d), DC Engineering and Facility Operations, DCEO;;Amazon Workforce Staffing;Frankfurt;;2026-07-29;Adzuna;Not provided;;;;Stellen für Hochschulabsolventen;AWS Infrastructure Services owns the design, planning, delivery, and operation of all AWS global infrastructure. In other words, we're the people who keep the cloud running. We support all AWS data centers and all of the servers, storage, networking, power, and cooling equipment that ensure our customers have continual access to the innovation they rely on. We work on the most challenging problems, with thousands of variables impacting the supply chain — and we're looking for talented people wh…;;
Customer Engineer, Platform, Software and Media, DACH (German);;Google;Frankfurt;;2026-07-06;Adzuna;Not provided;;;;Unknown;"Customer Engineer, Platform, Software and Media, DACH (German) _corporate_fare_ Google _place_ Munich, Germany; Berlin, Germany; 3 more; 2 more Mid Experience driving progress, solving problems, and mentoring more junior team members; deeper expertise and applied knowledge within relevant area. _info_outline_ XNote: By applying to this position you will have an opportunity to share your preferred working location from the following: Munich, Germany; Berlin, Germany; Frankfurt am Main, Germany; …";50.129683;8.650578
DevOps Engineer / CI/CD (m/w/d);;Passion for People GmbH;Frankfurt;;2026-07-30;Adzuna;full_time;;;;Unknown;Unternehmensbeschreibung Job-Nr: 2679213SBA Einsatzort: Raum Frankfurt / hybrides Arbeiten Unser Mandant ist einer der führenden IT-Dienstleister in Deutschland für Informationstechnologie und DataCenter Infrastruktur. Flexibel und herstellerübergreifend berät unser Mandant seit mehreren Dekaden branchenunabhängige Unternehmen des gehobenen Mittelstandes, Konzerne und Bundes- und Landesbehörden hinsichtlich ihrer IT-Strategie. Die offene und mitarbeiterwertschätzende Unternehmenskultur beeinflu…;50.129683;8.650578
Engineering Manager Software Engineering - Foundation Layer (m/w/d);;REWE digital;Cologne;;2026-07-16;Adzuna;Not provided;;;;Unknown;Aufgaben Profil Wir bieten Ort: 51149 Köln | Vertragsart: Vollzeit, unbefristet | Job-ID: 964089 Dein Home of IT: REWE digital Wir sind das Zuhause für alle, die sich in der digitalen Welt tummeln. Ein Tech-Team, in dem IT- und Non-IT-Spezialist:innen aus verschiedensten Bereichen zusammenarbeiten. Gemeinsam erwecken wir Innovationen zum Leben – für den Handel und den Alltag von Millionen Menschen. Der Foundation Layer (FL) bildet das technische Fundament von REWE digital: Infrastruktur-Service…;50.940164;6.969972
Software-Engineer (m/w/d) mit Schwerpunkt Testautomatisierung im Framework BTL / SETAK;;AXA;Cologne;;2026-07-19;Adzuna;Not provided;;;;IT-Stellen;Willst du als Software-Engineer (m/w/d) mit Schwerpunkt Testautomatisierung im Framework BTL / SETAK eine spannende neue Herausforderung finden? Dann könnte die folgende Position bei AXA genau das Richtige für dich sein! Wir suchen BTL/SETAK-Tester mit umfassender Erfahrung für die Weiterentwicklung und den Betrieb des Testautomatisierungswerkzeugs für unsere MSG.LifeFactory. Unsere Vision ist es die Automatisierungsquote so weit zu steigern das wir einen Continous Delivery zustand der LifeFact…;50.940164;6.969972
.NET Software Engineer;;Noir;Cologne;;2026-07-29;Adzuna;full_time;75000.0;95000.0;85000.0;IT-Stellen;".NET Software Engineer, .NET 10.0, C# 14 - Global Internet Icon - Cologne, Germany (Tech stack: .NET Software Engineer, .NET 10.0, ASP.NET Core, C# 14, .NET MAUI, ML.NET, Azure AI, GitHub Copilot, Docker, Kubernetes, .NET Aspire, CI/CD, HTML Living Standard, CSS Living Standard, Programmer, Full Stack Developer, Architect, Softwareentwickler, Entwickler, .NET Software Engineer) Our client has long been a classic internet icon; today it has evolved into an integrated and diversified modern media…";50.93917;6.95684
Senior Software Engineer;;Catapult Sports;Cologne;;2026-07-19;Adzuna;Not provided;;;;IT-Stellen;Our mission is to improve the performance of athletes and teams, which we do by engineering the premier technology platform for sport. We've been at the forefront of sports technology and science since 2006 - we don't just work in the sporting industry, we are actively changing its future. Our solutions are designed to help athletes and coaches “play smart” in a world where 1% can literally mean the difference between winning and losing. We work with over 4,600 teams around the world, empowerin…;50.940164;6.969972
Werkstudent Java Fullstack Developer (m/w/d);;REWE digital;Cologne;;2026-08-02;Adzuna;Not provided;;;;IT-Stellen;Aufgaben Profil Wir bieten Ort: 51149 Köln | Vertragsart: Teilzeit, befristet | Job-ID: 967330| Start: ab 01.09.2026 Willkommen im Home of IT: Als Teammitglied unseres Produktteams Store Task Management bist du direkt eingebunden in die Weiterentwicklung der vom Team verantworteten Anwendungen. In der Rolle des Software Engineers entwickelst du mit deinen Kolleg:innen neue Features oder findest und behebst du Auffälligkeiten aus dem laufenden Betrieb der Anwendungen. Aufgaben, die dich weiterbr…;50.940164;6.969972
Senior Software Engineer, Data;;Circonomit;Cologne;;2026-07-31;Adzuna;full_time;;;;Technikerstellen;We are building the world's decision infrastructure: the strategic twin of every industrial organization for complex combinatorial problems. We unlocked what wasn't possible before: mapping reality with its levers and constraints into a computer, then running n-dimensional optimization on critical value-chain decisions. We help Europe stay strong and the German Mittelstand make good decisions between market shifts, orders, machines and people. Founded by Dana (CEO) and Erik (CTO) from RWTH rese…;;
Senior Software Engineer (all);;1NCE;Cologne;;2026-06-05;Adzuna;full_time;;;;Unknown;Your team 1NCE is a pioneering company at the forefront of transforming the IoT connectivity landscape. As a key player in the industry, we are on a mission to disrupt the telecommunications/ IoT landscape. With a focus on innovation, customer satisfaction, and industry leadership, 1NCE is set to change the game. Your mission Network Core Development Data plane engineering Design and implement high-performance packet processing components using XDP/eBPF and VPP — GTP-U tunnel management, Geneve…;50.93355;6.9594
Senior Software Engineer - mobile;;Prematch;Cologne;;2026-07-16;Adzuna;full_time;;;;Unknown;"Hey, You! Nice to meet you! As the super-platform for non-professional soccer in Europe, we bring pro-level experiences (news, data, gamification) to the mega-community of 190 million footballers and soccer fans. We are a startup founded in 2021 in Cologne, Germany - our team consists of 35 smart and ""hungry"" members working on Prematch in our offices in Cologne and Berlin (Marketing & Business Team) or remotely across Europe (Tech & Product Team). We are supported by partners like adidas, Krom…";50.940164;6.969972
Software Engineer SAP (all genders);;adesso business consulting AG;Cologne;;2026-07-24;Adzuna;full_time;;;;Unknown;Wir sind adesso business consulting, das SAP-Powerhouse der adesso Group. Als führender IT-Dienstleister stehen wir für Kundenorientierung, Wachstum und starke Perspektiven. Unser größter Erfolgsfaktor? Das sind unsere Mitarbeitenden! Als SAP-Profis begleiten wir kundenspezifische Herausforderungen und unterstützen die Auswahl, Anpassung und Implementierung von SAP-Lösungen. Unsere langjährige Erfahrung kombiniert technisches und Branchen-Know-how mit strategischem Denken und kreativen Ideen. D…;50.940164;6.969972
Software Engineer EDI (all genders);;adesso SE;Cologne;;2026-07-29;Adzuna;full_time;;;;Unknown;adesso steht für IT-Exzellenz und damit auch für exzellente Entwicklungsmöglichkeiten für alle adessi. Wir wachsen gemeinsam und lernen voneinander – an unseren Projekten, im Team und mit herausragenden Trainingsangeboten. Wir haben IT im Herzen, die Branche im Blick und den Erfolg unserer Kunden im Sinn. Denn erfolgreiches Geschäft entsteht durch innovative Ideen, zukunftsfähige Strategien und kluge IT-Lösungen. Immer sind dabei Menschen beteiligt, die etwas bewegen wollen und das einfach mach…;50.940164;6.969972
Fullstack Software Engineer (m/w/d);;Amadeus Fire AG;Cologne;;2026-07-16;Adzuna;full_time;;;;Unknown;Fullstack Software Engineer (m/w/d) Referenz 12-245788 Du möchtest deine Erfahrung als Fullstack Software Engineer in einem modernen, innovativen und teamorientierten Umfeld einbringen und weiter ausbauen? Du willst an anspruchsvollen Softwarelösungen arbeiten, digitale Produkte aktiv mitgestalten und sowohl im Frontend als auch im Backend deine Stärken einsetzen? Dann bietet dir diese Position eine spannende Perspektive: Für einen etablierten IT-Dienstleister mit Sitz in Köln suchen wir im Rah…;50.93917;6.95684
AI Software Engineer (m/w/d);;Sunhat;Cologne;;2026-06-04;Adzuna;full_time;;;;IT-Stellen;"Deine Rolle Das Sammeln und Verifizieren von Nachweisen für Compliance oder Nachhaltigkeitsanforderungen ist für Unternehmen heute eine gewaltige operative Hürde. Das Nachweis-Management ist oft fragmentiert und manuell . Sunhat schließt diese ""Proof Gap"". Wir sind die Collaborative Proof Platform , die verstreute Daten in eine zentrale, verifizierte Proof Library überführt. Als AI Software Engineer (m/w/d) arbeitest du an innovativen Projekten in den Bereichen Textgenerierung, Textklassifizier…";50.96299;6.9541
(Senior) Software Engineer (m/w/d);;WEBUILDAI GmbH;Cologne;;2026-07-16;Adzuna;full_time;;;;Unknown;Wir sind WE BUILD AI, eine AI-Boutique aus Köln. Wir bauen Data- und AI-Solutions für den Mittelstand und Konzerne in Deutschland. Bei uns entstehen Systeme, die in Produktion gehen und Geld verdienen oder sparen. PoCs für die Schublade machen andere. Letztes Jahr sind wir gestartet und um 160 Prozent gewachsen. Dieses Jahr stehen wir bei 100 Prozent. Wir bauen hier ein Unternehmen, das in den nächsten Jahren weiter wachsen wird. Wachstum ist aber nicht unser Ziel, sondern die Folge. Unser Ansp…;50.93917;6.95684
Software Engineer Elixir (m/w/d);;jobvalley;Cologne;;2025-11-04;Adzuna;Not provided;;;;Unknown;jobvalley ist die digitale Plattform für flexibles Arbeiten. Unsere Mission ist es, Studenten und Unternehmen auf einfache und effiziente Weise zusammenzubringen. Wir glauben daran, dass jeder die Möglichkeit haben sollte, sein Potenzial voll auszuschöpfen – und das beginnt mit dem richtigen Job. Als Teil unseres Teams gestaltest du die Zukunft der Arbeit und hilfst uns, die Nr. 1 Plattform für akademische Talente in Europa zu werden. Deine Aufgaben Du bist maßgeblich an der Entwicklung und Ver…;50.940164;6.969972
Senior Software Engineer - mobile (All Genders);;Prematch Sports GmbH;Cologne;;2026-07-31;Adzuna;full_time;;;;Unknown;"Hey! As the super-platform for non-professional soccer in Europe, we bring pro-level experiences (news, data, gamification) to the mega-community of 190 million footballers and soccer fans. We are a startup founded in 2021 in Cologne, Germany - our team consists of 35 smart and ""hungry"" members working on Prematch in our offices in Cologne and Berlin (Marketing & Business Team) or remotely across Europe (Tech & Product Team). We are supported by partners like adidas, Krombacher, Flaschenpost an…";50.93355;6.9594
Software Engineer SAP & oscare (all genders);;adesso business consulting AG;Cologne;;2026-07-16;Adzuna;full_time;;;;Unknown;Wir sind adesso business consulting, das SAP-Powerhouse der adesso Group. Als führender IT-Dienstleister stehen wir für Kundenorientierung, Wachstum und starke Perspektiven. Unser größter Erfolgsfaktor? Das sind unsere Mitarbeitenden! Als SAP-Profis begleiten wir kundenspezifische Herausforderungen und unterstützen die Auswahl, Anpassung und Implementierung von SAP-Lösungen. Unsere langjährige Erfahrung kombiniert technisches und Branchen-Know-how mit strategischem Denken und kreativen Ideen. D…;50.940164;6.969972
Senior Software Engineer SAP (all genders);;adesso business consulting AG;Cologne;;2026-07-22;Adzuna;full_time;;;;Unknown;Wir sind adesso business consulting, das SAP-Powerhouse der adesso Group. Als führender IT-Dienstleister stehen wir für Kundenorientierung, Wachstum und starke Perspektiven. Unser größter Erfolgsfaktor? Das sind unsere Mitarbeitenden! Als SAP-Profis begleiten wir kundenspezifische Herausforderungen und unterstützen die Auswahl, Anpassung und Implementierung von SAP-Lösungen. Unsere langjährige Erfahrung kombiniert technisches und Branchen-Know-how mit strategischem Denken und kreativen Ideen. D…;50.940164;6.969972
Software Engineer (English speaking) (M/F/D);;MobiLab Solutions GmbH;Cologne;;2026-03-14;Adzuna;full_time;;;;Unknown;First insights Are you a mid-level software engineer who thrives at the intersection of solid engineering, cloud-native architecture, and emerging AI technologies? You enjoy building backend APIs and frontend experiences that clients can rely on, and you are equally comfortable designing data pipelines and deploying AI agents that push the boundaries of what software can do? You bring clarity to complex problems, take ownership of your work, and communicate with confidence across technical and …;50.93355;6.9594
Software Engineer, Data Infrastructure & Acquisition - Cologne, Germany;;Speechify;Cologne;;2026-04-27;Adzuna;Not provided;;;;IT-Stellen;The mission of Speechify is to make sure that reading is never a barrier to learning. Over 50 million people use Speechify’s text-to-speech products to turn whatever they’re reading – PDFs, books, Google Docs, news articles, websites – into audio, so they can read faster, read more, and remember more. Speechify’s text-to-speech reading products include its iOS app, Android App, Mac App, Chrome Extension, and Web App. Google recently named Speechify the Chrome Extension of the Year and Apple nam…;;
Software Engineer (w/m/d) - Anwendungsentwicklung, Ingenieur;;Capgemini;Cologne;;2026-08-02;Adzuna;Not provided;;;;Stellen für Hochschulabsolventen;Wenn du dich für Capgemini entscheidest, wählst du ein Unternehmen, in dem du die Möglichkeit hast, deinen Karriereweg selbst zu gestalten. Du wirst von einem kollaborativen Netzwerk von Kolleg\*innen auf der ganzen Welt unterstützt und inspiriert und kannst neu definieren, was möglich ist. Schließe dich uns an und unterstütze die führenden Organisationen der Welt, den Wert von Technologie zu erschließen und eine nachhaltigere, inklusivere Welt zu gestalten.  Deine Rolle Du möchtest moderne und…;50.940164;6.969972
(Senior) Software Engineer Data Integration (all genders);;envelio;Cologne;;2026-06-05;Adzuna;part_time;;;;Unknown;About Working at envelio Too easy is boring! Together, we are on a mission to drive forward the energy transition. We love what we do, and we are unafraid to dive in. We believe in taking ownership of our work and in continuously growing and evolving. In short: own it, love it, grow with it. We are a humble team of coffee and maté lovers with over 20 nationalities. With our geek humor, our love for emojis and random facts is only natural. Over 180 envelians are already on board. Dive in and thr…;50.93709;6.90048
(Senior) Software Engineer Elixir (m/w/d);;jobvalley;Cologne;;2025-11-04;Adzuna;Not provided;;;;Unknown;jobvalley is the digital platform for flexible work. Our mission is to connect students and companies in a simple and efficient way. We believe that everyone should have the opportunity to fully realize their potential – and that starts with the right job. As part of our team, you will shape the future of work and help us become the number 1 platform for academic talent in Europe. Your Mission You will be significantly involved in the development and improvement of our core products using Elixi…;50.940164;6.969972
Senior Software Engineer SAP Banking (all genders);;adesso business consulting AG;Cologne;;2026-07-23;Adzuna;full_time;;;;Unknown;Wir sind adesso business consulting, das SAP-Powerhouse der adesso Group. Als führender IT-Dienstleister stehen wir für Kundenorientierung, Wachstum und starke Perspektiven. Unser größter Erfolgsfaktor? Das sind unsere Mitarbeitenden! Als SAP-Profis begleiten wir kundenspezifische Herausforderungen und unterstützen die Auswahl, Anpassung und Implementierung von SAP-Lösungen. Unsere langjährige Erfahrung kombiniert technisches und Branchen-Know-how mit strategischem Denken und kreativen Ideen. D…;50.940164;6.969972
⭐ Software Engineer - T-Shaped (f/m/x);;LOX Solutions GmbH;Cologne;;2026-07-16;Adzuna;full_time;;;;Unknown;Wer wir sind Wir sind LOX Solutions: kein Startup-Zirkus, keine PowerPoint-Beratungsfirma. Wir entwickeln echte digitale Projekte und Lösungen, die Bestand haben – nicht für andere, sondern gemeinsam mit Partnern, denen es ernst damit ist, wirklich etwas zu bewirken. Unsere Mission: Wir machen Fortschritt greifbar. Weniger Gerede. Mehr Taten. Wir entwickeln, testen, skalieren – und lernen schnell. Wenn du jemals Schlagzeilen wie „Cariad: VW-Tochter stellt eigene Softwareentwicklung weitgehend e…;50.93355;6.9594
Senior Software Engineer SAP Healthcare (all genders);;adesso business consulting AG;Cologne;;2026-07-26;Adzuna;full_time;;;;Unknown;Wir sind adesso business consulting, das SAP-Powerhouse der adesso Group. Als führender IT-Dienstleister stehen wir für Kundenorientierung, Wachstum und starke Perspektiven. Unser größter Erfolgsfaktor? Das sind unsere Mitarbeitenden! Als SAP-Profis begleiten wir kundenspezifische Herausforderungen und unterstützen die Auswahl, Anpassung und Implementierung von SAP-Lösungen. Unsere langjährige Erfahrung kombiniert technisches und Branchen-Know-how mit strategischem Denken und kreativen Ideen. D…;50.940164;6.969972
Lead Software Engineer (m/w/d) | Köln;;ADVERGY GmbH;Cologne;;2026-07-27;Adzuna;full_time;;;;Unknown;Über uns Gemeinsam mit unserem etablierten, deutschlandweit agierenden Partner im Bereich datengetriebener Softwarelösungen suchen wir einen Lead Entwickler (m/w/d) zur Festanstellung im Raum Köln. Unser Partner entwickelt spezialisierte Softwarelösungen im Umfeld von Datenmanagement, Analyseplattformen und geschäftskritischen Anwendungen. Die Systeme werden eingesetzt, um komplexe Datenstrukturen zu verarbeiten, auszuwerten und in stabile, skalierbare Anwendungen zu überführen. Aktuell befinde…;50.940164;6.969972
Software Engineer Java Backend (m/w/d);;REWE digital;Cologne;;2026-06-30;Adzuna;Not provided;;;;IT-Stellen;Ort: 51149 Köln | Vertragsart: Voll-/Teilzeit, unbefristet | Job-ID: 961096 REWE digital – Dein Home of IT Wir sind das Zuhause für alle, die sich in der digitalen Welt tummeln. Ein Tech-Team, in dem Kolleg:innen aus verschiedensten Bereichen zusammenarbeiten. Gemeinsam erwecken wir Innovationen zum Leben – für den Handel und den Alltag von Millionen Menschen. Als Partner in Tech entwickeln wir IT für die gesamte REWE Group. Wir digitalisieren das tägliche und zukünftige Handelsgeschäft für Mil…;50.8947;7.07852
(Junior) Software Engineer (m/w/d) – Mobile App;;jobvalley;Cologne;;2026-07-14;Adzuna;Not provided;;;;Unknown;Als (Junior) Software Engineer wirst Du Teil unseres Mobile App Teams und baust die App, die Tausende von Studierenden täglich nutzen, um flexible Jobs zu finden, Schichten zu buchen und ihren Arbeitsalltag zu managen. In dieser Position schreibst Du nicht nur Code – Du siehst direkt, wie Deine Features echten Nutzerinnen und Nutzern das Leben leichter machen. Du wirst Teil eines funktionsübergreifenden Scrum-Teams und arbeitest eng mit den Bereichen Produkt, UX und anderen Softwareentwicklern …;50.940164;6.969972
Software Engineer (m/w/d) Ruby on Rails;;jobvalley;Cologne;;2025-11-14;Adzuna;Not provided;;;;Unknown;Wir sind Deutschlands führender Personaldienstleister für Studierende und Young Professionals. Unsere Mission: Die Arbeitswelt der Zukunft gestalten – flexibel, digital und menschlich. Dafür brauchen wir Menschen wie dich – mit Leidenschaft für smarte Prozesse, einem Blick fürs große Ganze und dem Antrieb, Dinge besser zu machen. Werde Teil eines agilen Teams, das Support neu denkt und die Grundlage für ein herausragendes Service-Erlebnis schafft. Deine Aufgaben Unsere Staffing-Software ist das…;50.940164;6.969972
Software Engineer - Automation & Operations (m/w/d, FT);;Finton Advisors by EFPINAI GmbH;Cologne;;2026-07-16;Adzuna;full_time;;;;Unknown;Finton entwickelt KI-gestützte FP&A-Software und -Services für den deutschen Mittelstand. Unsere Plattform vereint Finanzreporting, KPI-Dashboards, Datenanalyse und zentralen Datenzugriff in einer skalierbaren Lösung. In Kombination mit KI-gesteuerten Workflows und der praxisnahen Unterstützung durch erfahrene Finance-Experten helfen wir ambitionierten Unternehmen, einen klaren und verlässlichen Blick auf ihre Performance zu gewinnen und schneller bessere Entscheidungen zu treffen. Seit der Grü…;50.940164;6.969972
Senior Cloud Software Engineer SAP BTP (all genders);;adesso business consulting AG;Cologne;;2026-07-22;Adzuna;full_time;;;;Unknown;Wir sind adesso business consulting, das SAP-Powerhouse der adesso Group. Als führender IT-Dienstleister stehen wir für Kundenorientierung, Wachstum und starke Perspektiven. Unser größter Erfolgsfaktor? Das sind unsere Mitarbeitenden! Als SAP-Profis begleiten wir kundenspezifische Herausforderungen und unterstützen die Auswahl, Anpassung und Implementierung von SAP-Lösungen. Unsere langjährige Erfahrung kombiniert technisches und Branchen-Know-how mit strategischem Denken und kreativen Ideen. D…;50.940164;6.969972
Senior Software Engineer SAP FS-CD (all genders);;adesso business consulting AG;Cologne;;2026-07-25;Adzuna;full_time;;;;Unknown;Wir sind adesso business consulting, das SAP-Powerhouse der adesso Group. Als führender IT-Dienstleister stehen wir für Kundenorientierung, Wachstum und starke Perspektiven. Unser größter Erfolgsfaktor? Das sind unsere Mitarbeitenden! Als SAP-Profis begleiten wir kundenspezifische Herausforderungen und unterstützen die Auswahl, Anpassung und Implementierung von SAP-Lösungen. Unsere langjährige Erfahrung kombiniert technisches und Branchen-Know-how mit strategischem Denken und kreativen Ideen. D…;50.940164;6.969972
Automation Software Engineer SPS (m/w/d) - J35659;;Exclusive Associates;Cologne;;2026-07-28;Adzuna;full_time;;;;Unknown;Überblick Du startest in einem technischen Umfeld, in dem du Maschinensteuerungen weiterdenkst und praktisch umsetzt. In deiner Rolle kannst du dich fachlich weiterentwickeln, weil wir modernen Technologien mit praxisnahen Projektaufgaben kombinieren. Du arbeitest mit gängigen SPS-Plattformen wie Siemens S7, Beckhoff TwinCAT oder Codesys und mit Visualisierungstools wie TIA-Portal oder WinCC. Deine Arbeit hat direkten Einfluss auf Produktqualität und Servicefähigkeit, gleichzeitig bieten wir Ra…;50.940164;6.969972
Software Engineer AI Solutions (.NET/Web) (m/w/d);;empower GmbH;Cologne;;2026-07-16;Adzuna;full_time;;;;Unknown;empower® vereint den Spirit kreativer Startups mit den Vorzügen großer Unternehmen Werde unser nächster AI Hero Du möchtest nicht monatelang Konzepte schreiben, sondern Ideen in funktionierende Produkte verwandeln? Du liebst neue Technologien und probierst Dinge lieber aus, als lange darüber zu diskutieren? Du möchtest mit AI echte Mehrwerte schaffen und die Zukunft unserer Produkte aktiv mitgestalten? Dann suchen wir genau dich. Als Software Engineer AI Solutions (.NET/Web) (m/w/d) entwickelst…;50.93917;6.95684
Senior Software Engineer Defense (w/m/d) - Anwendungsentwicklung, Ingenieur;;Capgemini;Cologne;;2026-08-02;Adzuna;Not provided;;;;Stellen für Hochschulabsolventen;Wenn du dich für Capgemini entscheidest, wählst du ein Unternehmen, in dem du die Möglichkeit hast, deinen Karriereweg selbst zu gestalten. Du wirst von einem kollaborativen Netzwerk von Kolleg\*innen auf der ganzen Welt unterstützt und inspiriert und kannst neu definieren, was möglich ist. Schließe dich uns an und unterstütze die führenden Organisationen der Welt, den Wert von Technologie zu erschließen und eine nachhaltigere, inklusivere Welt zu gestalten.  Deine Rolle Du hast Erfahrung in de…;50.940164;6.969972
Founding Software Engineer, KI-Startup Köln, m/w/d;;Bestandsfaktor;Cologne;;2026-07-16;Adzuna;full_time;;;;Unknown;Wir suchen jemanden, der Lust hat, ein relevantes Produkt fast von Grund auf technisch mit aufzubauen und dabei echte Gestaltungsfreiheit zu haben. Wenn du Spaß daran hast, technische Systeme mit echtem Hebel zu bauen, schnelle Entscheidungen zu treffen und Verantwortung nicht nur für Code, sondern für das gesamte Produkt zu übernehmen, dann könnte das hier sehr gut passen. Zu Bestandsfaktor: Bestandsfaktor ist ein System zur strategischen Bestandsentwicklung für Versicherungsmakler nach nur ei…;50.940164;6.969972
SPS Software Engineer Automation Projects (m/w/d) - J35659;;Exclusive Associates;Cologne;;2026-07-18;Adzuna;full_time;;;;Unknown;Überblick Du wirst Teil eines engagierten Teams in einem etablierten technischen Umfeld und gestaltest die Steuerungsentwicklung für anspruchsvolle Anlagen mit. Du profitierst von klaren Weiterentwicklungsmöglichkeiten, strukturiertem Onboarding und einem modernen Arbeitsplatz. Technologisch arbeitest du mit gängigen SPS-Plattformen wie Siemens S7, Beckhoff TwinCAT und vergleichbaren Systemen sowie mit Visualisierungs- und HMI-Lösungen wie WinCC. Deine Tätigkeit verbindet technische Kreativität…;50.940164;6.969972
Software Engineer - Input Management (m/w/d) - Anwendungsentwicklung, Ingenieur;;ERGO;Cologne;;2026-07-28;Adzuna;Not provided;;;;Stellen für Hochschulabsolventen; Ihre zentrale Rolle - Entwicklung skalierbarer Softwarekomponenten mit C\, .NET und Java (idealerweise Java 21) - Umsetzung von Geschäftsanforderungen in wartbare, testbare Code-Lösungen - Mitwirkung an generativen KI-Lösungen und Integrationsschichten (APIs, Datenpipelines) - Zusammenarbeit im agilen Team und Mentoring von Junior-Entwicklern - Identifizierung von Verbesserungsmöglichkeiten in der Leistung, Sicherheit und Wartbarkeit systemübergreifend sowie Unterstützung der kontinuierlichen …;50.940164;6.969972
Software Engineer Java Backend (m/w/d) - Anwendungsentwicklung, Ingenieur;;REWE digital GmbH;Cologne;;2026-07-28;Adzuna;Not provided;;;;Stellen für Hochschulabsolventen;Ort: 51149 Köln | Vertragsart: Voll-/Teilzeit, unbefristet | Job-ID: 961096  REWE digital – Dein Home of IT Wir sind das Zuhause für alle, die sich in der digitalen Welt tummeln. Ein Tech-Team, in dem Kolleg:innen aus verschiedensten Bereichen zusammenarbeiten. Gemeinsam erwecken wir Innovationen zum Leben – für den Handel und den Alltag von Millionen Menschen. Als Partner in Tech entwickeln wir IT für die gesamte REWE Group. Wir digitalisieren das tägliche und zukünftige Handelsgeschäft für Mi…;50.940164;6.969972
Senior Software Engineer (m/w/d) – Digitale Identität & Angewandte Kryptographie;;SaltRock;Cologne;;2026-06-24;Adzuna;full_time;;;;IT-Stellen;Das erwartet dich: Über SecureID SecureID ist eine mobile digitale Identitäts-Wallet für Hochsicherheitsumgebungen (u. a. Behörden und Unternehmenssicherheit). Hardwaregebundene PKI-Credentials (X.509, ECDSA P-256) liegen im Secure Element bzw. in Secure Enclave, Android Keystore oder StrongBox – das private Schlüsselmaterial verlässt die Hardware nie. Darauf aufbauend liefert SecureID eine breite Feature-Palette: physischen Türzugang per NFC/BLE, S/MIME-E-Mail-Signatur und -Verschlüsselung, Do…;50.93917;6.95684
Working Student / Intern: Software Engineer (Frontend & Backend) (f/m/x);;ilert GmbH;Cologne;;2026-07-16;Adzuna;Not provided;;;;Unknown;"Cologne, Germany (Hybrid) Team: Engineering · Reports to: CTO · Format: Working Student (16–20h/week) or Internship (3–6 months) Keep the world awake - build the platform thousands of DevOps teams rely on ilert helps thousands of DevOps & IT teams detect, fix, and communicate incidents faster. When a critical system goes down, our platform is the ""source of truth"" — from the resilient backend that processes thousands of events per second to the fast, intuitive frontend engineers stare at under …";50.93355;6.9594
Full-Stack Software Engineer UI/UX/Backend (m/w/d);;Typus.ai;Cologne;;2026-07-31;Adzuna;Not provided;48000.0;48000.0;48000.0;Unknown;Schlüsselposition im geförderten Innovationsprojekt für ki-gestützte Architekturvisualisierung Start (voraussichtlich): 1. September Mission: Du bist zentrale Schnittstelle zwischen KI-Forschung und Anwender:innen. Dein Fokus liegt auf der Integration, dem Handling und der Bedienbarkeit der Plattform und arbeitest. Das Projekt ist ein Kooperationsprojekt mit dem KI Zentrum RWTH Aachen. Gründer: Han Cheol Yi https://www.linkedin.com/in/h-yi/ Aufgaben Aufgabenbereich (mit Schwerpunkt AI-Integrati…;50.93917;6.95684
Application Security Engineer (m/w/d);;REWE digital;Cologne;;2026-08-01;Adzuna;Not provided;;;;IT-Stellen;Aufgaben Profil Wir bieten Ort: 51149 Köln | Vertragsart: Voll-/Teilzeit, unbefristet | Job-ID: 961618 REWE digital – Dein Home of IT Wir sind das Zuhause für alle, die sich in der digitalen Welt tummeln. Ein Tech-Team, in dem IT- und Non-IT-Spezialist:innen aus verschiedensten Bereichen zusammenarbeiten. Gemeinsam erwecken wir Innovationen zum Leben – für den Handel und den Alltag von Millionen Menschen. Aufgaben, die dich weiterbringen Aufbau und kontinuierliche Verbesserung eines Security Ch…;50.940164;6.969972
Cloud Software Engineer (m/w/d) - System Engineering / Admin, Anwendungsentwicklung, Ingenieur;;Deloitte;Cologne;;2026-07-28;Adzuna;Not provided;;;;Stellen für Hochschulabsolventen;Deloitte bietet führende Prüfungs- und Beratungsleistungen in Audit & Assurance, Tax & Legal, Consulting und Advisory – für nahezu 90 % der Fortune Global 500® und zahlreiche private Unternehmen. Wir liefern innovative Denkansätze, lösen komplexe Herausforderungen und fördern nachhaltiges Wachstum. Mit rund 470.000 Mitarbeitenden weltweit eröffnen wir hervorragende Karrierechancen – getragen von einem starken „Wir“ und einer Vielfalt an Perspektiven und Fähigkeiten. Du willst im Bereich Consult…;50.940164;6.969972
AI Engineer / Software Engineer (all genders) - System Engineering / Admin, Anwendungsentwicklung, Ingenieur;;adesso;Cologne;;2026-08-02;Adzuna;Not provided;;;;Stellen für Hochschulabsolventen;Als Teil der adesso group bündelt die adesso insurance solutions GmbH das eigene Produktportfolio für den Versicherungsmarkt und treibt innovative Software-Lösungen in diesem Umfeld voran. Wir sind ein Team aus über 600 engagierten Kollegen und Kolleginnen. Und du kannst ein Teil davon werden.  Deine Rolle - In a nutshell: In interdisziplinären Projektteams übernimmst du gemeinsam mit deinem Team abwechslungsreiche Tätigkeiten in technisch anspruchsvollen kundenspezifischen Softwareprojekten au…;50.940164;6.969972
Senior Cloud Software Engineer (m/w/d) - System Engineering / Admin, Anwendungsentwicklung, Ingenieur;;CompuSafe Data Systems AG;Cologne;;2026-08-01;Adzuna;Not provided;;;;Stellen für Hochschulabsolventen; Diese Tätigkeiten kommen auf Dich zu: - Entwicklung und Weiterentwicklung cloudnativer Komponenten und Services mit Go (Golang) im Kubernetes-Umfeld - Konzeption, Implementierung und Optimierung von Kubernetes-nativen Lösungen mit Fokus auf Skalierbarkeit, Stabilität und Performance - Entwicklung und Weiterentwicklung von Komponenten der Cloud API zur Bereitstellung und Integration cloudnativer Dienste innerhalb des ODC Fog Software Stacks - Entwicklung und Pflege von Automatisierungs- und Dep…;50.940164;6.969972
